20170715,20170622,060505104,708,23.130000
20170715,20170628,060505104,41697,23.270000
20170715,20170615,060505104,59336,23.760000
20170715,20170620,060505104,659399,23.910000
20170715,20170621,060505104,1947,23.490000
20170715,20170623,060505104,200,22.930000
20170715,20170630,060505104,739366,24.320000
20170731,20170705,060505104,9,24.680000
20170731,20170706,060505104,224,24.920000
20170731,20170713,060505104,302894,24.350000
20170815,20170731,060505104,4065,24.030000
20170815,20170728,060505104,115321,24.110000
20170815,20170726,060505104,22,24.480000
20170815,20170719,060505104,358,23.900000
20170815,20170727,060505104,17723,24.210000
20170815,20170720,060505104,662,24.060000
20170831,20170809,060505104,191433,24.900000
20170831,20170804,060505104,4774,24.370000
20170831,20170810,060505104,1722,24.740000
20170831,20170807,060505104,188827,24.970000
20170831,20170811,060505104,30477,24.120000
20170831,20170814,060505104,10653,23.860000
20170915,20170829,060505104,12098,23.720000
20170915,20170825,060505104,63822,23.840000
20170915,20170828,060505104,12874,23.770000
20170915,20170824,060505104,24801,23.760000
20170915,20170823,060505104,6878,23.830000
20170930,20170913,060505104,338665,23.950000
20170930,20170912,060505104,674446,23.360000
20170930,20170901,060505104,297880,23.890000
20170930,20170914,060505104,15347,24.330000
20170930,20170907,060505104,134849,23.410000
20171015,20170921,060505104,3704,25.060000
20171015,20170928,060505104,314,25.410000
20171015,20170925,060505104,683,25.020000
20171015,20170920,060505104,1178432,24.860000
20171015,20170915,060505104,117620,24.240000
20171031,20171013,060505104,4068,25.450000
20171031,20171003,060505104,2000,25.620000
20171031,20171006,060505104,725,26.130000
20171031,20171011,060505104,723499,25.930000
20171115,20171023,060505104,12705,27.170000
20171115,20171016,060505104,630,25.830000
20171115,20171031,060505104,28013,27.600000
20171115,20171018,060505104,1500,26.200000
20171115,20171024,060505104,106394,27.160000
20171130,20171113,060505104,50000,26.510000
20171130,20171109,060505104,250,26.790000
20171130,20171107,060505104,1233,27.750000
20171130,20171108,060505104,727,27.180000
20171130,20171101,060505104,218,27.390000
20171130,20171106,060505104,580,27.820000
20171130,20171110,060505104,3780,26.490000
20171130,20171102,060505104,30383,27.530000
20171215,20171120,060505104,26632,26.620000
20171215,20171124,060505104,20979,26.660000
20171215,20171130,060505104,5470,28.280000
20171215,20171129,060505104,1,27.640000
20171215,20171115,060505104,1,26.240000
20171215,20171121,060505104,15749,26.740000
20171231,20171208,060505104,1351676,28.780000
20171231,20171205,060505104,59473,29.060000
20171231,20171214,060505104,153753,28.840000
20171231,20171213,060505104,52841,29.320000
20171231,20171211,060505104,10225,29.050000
20171231,20171206,060505104,1061207,28.930000
20171231,20171201,060505104,661301,28.170000
20171231,20171207,060505104,987227,28.640000
20180115,20171219,060505104,496992,29.480000
20180115,20171215,060505104,56956,28.730000
20180115,20171227,060505104,8481,29.780000
20180115,20171218,060505104,100,29.040000
20180115,20171228,060505104,18504,29.730000
20180115,20171220,060505104,101113,29.450000
20180131,20180102,060505104,2853,29.520000
20180131,20180109,060505104,2536,30.120000
20180131,20180112,060505104,19036,30.660000
20180131,20180104,060505104,233,29.800000
20180131,20180110,060505104,56766,30.270000
20180215,20180122,060505104,3723,31.720000
20180215,20180125,060505104,58639,32.090000
20180215,20180131,060505104,56567,31.880000
20180215,20180129,060505104,9780,32.200000
20180215,20180126,060505104,275097,32.090000
20180215,20180123,060505104,3056075,31.940000
20180215,20180119,060505104,2717,31.480000
20180215,20180130,060505104,5100,32.280000
20180228,20180208,060505104,185285,31.250000
20180228,20180213,060505104,330,31.120000
20180228,20180209,060505104,161217,29.740000
20180228,20180206,060505104,58715,30.260000
20180228,20180212,060505104,13822,30.330000
20180228,20180214,060505104,5831,31.180000
20180228,20180205,060505104,5850,31.950000
20180315,20180222,060505104,1109258,31.870000
20180315,20180227,060505104,22031,32.420000
20180315,20180228,060505104,195157,32.330000
20180315,20180221,060505104,86969,31.930000
20180315,20180216,060505104,25812,32.210000
20180331,20180313,060505104,109578,32.840000
20180331,20180301,060505104,1090,32.100000
20180331,20180308,060505104,4267,32.180000
20180331,20180307,060505104,15000,32.110000
20180331,20180306,060505104,394,32.130000
20180331,20180309,060505104,256,32.200000
20180331,20180305,060505104,7537,31.630000
20180331,20180302,060505104,1774264,31.480000
20180331,20180312,060505104,8669,32.720000
20180415,20180322,060505104,1354,31.870000
20180415,20180329,060505104,16510,29.390000
20180415,20180316,060505104,1478,32.100000
20180415,20180327,060505104,15962,30.440000
20180415,20180320,060505104,1343,31.980000
20180415,20180328,060505104,1525,29.520000
20180415,20180321,060505104,2251,31.980000
20180415,20180326,060505104,4098,29.170000
20180430,20180409,060505104,82936,29.630000
20180430,20180413,060505104,68,30.650000
20180430,20180412,060505104,54658,29.900000
20180430,20180404,060505104,2870,29.590000
20180430,20180402,060505104,33949,29.990000
20180430,20180406,060505104,14228,30.320000
20180430,20180405,060505104,1010,29.880000
20180515,20180418,060505104,100,30.040000
20180515,20180426,060505104,2390,30.140000
20180515,20180420,060505104,9978,30.180000
20180515,20180427,060505104,83923,30.070000
20180515,20180423,060505104,7296,30.260000
20180515,20180425,060505104,121577,30.190000
20180515,20180424,060505104,132327,30.320000
20180515,20180419,060505104,311972,29.530000
20180515,20180417,060505104,13165,29.930000
20180531,20180514,060505104,1,30.920000
20180531,20180503,060505104,4709,29.580000
20180531,20180509,060505104,15000,29.930000
20180531,20180511,060505104,5632,30.890000
20180531,20180501,060505104,218,29.920000
20180531,20180507,060505104,61856,29.300000
20180531,20180502,060505104,320,29.950000
20180615,20180521,060505104,8162,30.260000
20180615,20180522,060505104,47250,30.550000
20180615,20180516,060505104,847,31.220000
20180615,20180530,060505104,75436,28.960000
20180615,20180517,060505104,2004,31.060000
20180615,20180515,060505104,766,31.120000
20180615,20180518,060505104,381,30.810000
20180615,20180531,060505104,1534999,29.490000
20180615,20180529,060505104,100,30.160000
20180630,20180608,060505104,9505,30.090000
20180630,20180612,060505104,134,30.060000
20180630,20180601,060505104,1720794,29.040000
20180715,20180619,060505104,175986,29.400000
20180715,20180622,060505104,1981,29.290000
20180715,20180628,060505104,1,28.240000
20180715,20180615,060505104,8010,29.500000
20180715,20180620,060505104,300717,29.260000
20180715,20180627,060505104,9520,28.540000
20180715,20180625,060505104,97742,28.990000
20180715,20180618,060505104,9622,29.280000
20180731,20180702,060505104,18350,28.190000
20180731,20180709,060505104,8100,28.030000
20180731,20180710,060505104,59543,29.050000
20180731,20180706,060505104,1263,27.920000
20180731,20180711,060505104,7320,28.830000
20180731,20180712,060505104,1400,28.680000
20180815,20180717,060505104,15900,29.780000
20180815,20180731,060505104,64009,31.310000
20180815,20180724,060505104,58400,30.750000
20180815,20180725,060505104,259234,30.830000
20180815,20180726,060505104,725809,31.070000
20180815,20180727,060505104,581270,30.940000
20180815,20180716,060505104,861,28.550000
20180815,20180720,060505104,41612,29.670000
20180815,20180719,060505104,68137,30.130000
20180831,20180803,060505104,748737,31.280000
20180831,20180802,060505104,83418,31.250000
20180831,20180808,060505104,2162,31.510000
20180831,20180814,060505104,16200,30.480000
20180831,20180801,060505104,109788,30.880000
20180831,20180806,060505104,271,31.510000
20180831,20180810,060505104,458,31.600000
20180831,20180807,060505104,137651,31.520000
20180915,20180828,060505104,7437,31.310000
20180915,20180824,060505104,518189,30.840000
20180915,20180827,060505104,620377,30.890000
20180915,20180821,060505104,32051,30.870000
20180915,20180823,060505104,520089,30.980000
20180915,20180822,060505104,180,31.020000
20180915,20180831,060505104,568,31.010000
20180930,20180906,060505104,644,31.180000
20180930,20180907,060505104,22124,30.850000
20180930,20180904,060505104,27944,30.930000
20180930,20180905,060505104,23037,31.140000
20180930,20180914,060505104,725,30.140000
20180930,20180912,060505104,1646,30.850000
20180930,20180911,060505104,1904,30.820000
20180930,20180910,060505104,78,30.860000
20181015,20180917,060505104,342,30.370000
20181015,20180918,060505104,305627,30.280000
20181015,20180925,060505104,252046,30.740000
20181015,20180919,060505104,11420,30.210000
20181015,20180928,060505104,22083,29.940000
20181015,20180921,060505104,307,31.190000
20181015,20180927,060505104,18928,30.130000
20181015,20180926,060505104,73362,30.670000
20181031,20181001,060505104,12685,29.460000
20181031,20181009,060505104,58555,30.270000
20181115,20181031,060505104,8599,26.780000
20181115,20181023,060505104,1671,27.380000
20181115,20181019,060505104,4990,28.250000
20181115,20181024,060505104,197,27.020000
20181115,20181025,060505104,197,26.190000
20181115,20181026,060505104,197,26.590000
20181115,20181015,060505104,1189632,28.460000
20181130,20181101,060505104,441165,27.500000
20181130,20181114,060505104,10000,27.760000
20181130,20181106,060505104,314437,28.060000
20181130,20181113,060505104,376845,27.750000
20181130,20181105,060505104,409307,27.890000
20181130,20181109,060505104,12324,28.870000
20181130,20181102,060505104,48647,27.810000
20181215,20181123,060505104,3053366,27.270000
20181215,20181130,060505104,36113,28.040000
20181215,20181115,060505104,2959,27.210000
20181215,20181127,060505104,242,27.560000
20181215,20181128,060505104,239667,27.740000
20181215,20181116,060505104,55476,27.900000
20181215,20181129,060505104,7124,28.430000
20181215,20181121,060505104,955,27.380000
20181231,20181206,060505104,796467,26.990000
20181231,20181207,060505104,400,26.280000
20181231,20181203,060505104,1471,28.400000
20181231,20181213,060505104,1253,24.520000
20181231,20181212,060505104,23147,24.580000
20181231,20181204,060505104,5900,28.540000
20181231,20181205,060505104,4126,26.990000
20190115,20181231,060505104,53,24.390000
20190115,20181224,060505104,2894,23.370000
20190115,20181218,060505104,132491,24.470000
20190115,20181217,060505104,53140,24.480000
20190115,20181226,060505104,22900,22.730000
20190115,20181219,060505104,80469,24.470000
20190115,20181220,060505104,2442,24.180000
20190115,20181228,060505104,6314,24.370000
20190115,20181227,060505104,19558,24.110000
20190115,20181221,060505104,1170,24.110000
20190131,20190110,060505104,100,25.760000
20190131,20190104,060505104,11256,24.560000
20190131,20190114,060505104,117954,26.030000
20190131,20190102,060505104,41706,24.640000
20190131,20190107,060505104,102635,25.580000
20190131,20190111,060505104,94423,25.730000
20190131,20190103,060505104,36629,24.960000
20190215,20190123,060505104,890601,29.090000
20190215,20190131,060505104,22,29.070000
20190215,20190128,060505104,1074,29.580000
20190215,20190118,060505104,2500,28.990000
20190215,20190130,060505104,13821,29.390000
20190215,20190129,060505104,27198,29.630000
20190215,20190115,060505104,992,26.370000
20190215,20190124,060505104,3628,28.920000
20190215,20190125,060505104,2023,29.080000
20190215,20190122,060505104,1658,29.300000
20190228,20190211,060505104,380,28.290000
20190228,20190206,060505104,282,28.780000
20190228,20190204,060505104,1499,28.380000
20190315,20190219,060505104,2467,29.110000
20190315,20190220,060505104,3700,29.130000
20190331,20190314,060505104,2303,29.290000
20190331,20190308,060505104,888,28.550000
20190331,20190313,060505104,7089,28.940000
20190331,20190307,060505104,10129,28.840000
20190331,20190311,060505104,2223,28.650000
20190331,20190312,060505104,7605,28.940000
20190331,20190301,060505104,28000,29.080000
20190415,20190321,060505104,4239,28.640000
20190415,20190326,060505104,1129,26.840000
20190415,20190319,060505104,240300,29.820000
20190415,20190327,060505104,3462,27.210000
20190415,20190325,060505104,9468,27.010000
20190430,20190403,060505104,12775,28.870000
20190430,20190409,060505104,5653,29.170000
20190430,20190401,060505104,8469,27.590000
20190430,20190408,060505104,11234,29.080000
20190430,20190405,060505104,578273,29.150000
20190430,20190410,060505104,1,28.890000
20190515,20190417,060505104,2100,29.880000
20190515,20190426,060505104,21955,30.080000
20190515,20190429,060505104,8833,30.350000
20190515,20190425,060505104,848,30.020000
20190515,20190423,060505104,247867,30.050000
20190515,20190416,060505104,28000,29.840000
20190515,20190424,060505104,59691,30.070000
20190515,20190422,060505104,865160,30.030000
20190515,20190430,060505104,16219,30.770000
20190531,20190502,060505104,24657,30.260000
20190531,20190507,060505104,37300,30.470000
20190531,20190513,060505104,3623,29.580000
20190531,20190501,060505104,33749,30.580000
20190531,20190506,060505104,3794,30.710000
20190531,20190503,060505104,24469,30.500000
20190615,20190521,060505104,211668,28.400000
20190615,20190515,060505104,342536,28.620000
20190615,20190516,060505104,370541,28.290000
20190615,20190529,060505104,200,27.900000
20190615,20190517,060505104,57372,28.590000
20190615,20190523,060505104,1870,28.490000
20190615,20190531,060505104,5380,27.160000
20190615,20190530,060505104,79435,27.750000
20190615,20190522,060505104,300362,28.690000
20190630,20190606,060505104,133326,27.910000
20190630,20190611,060505104,2859,28.070000
20190630,20190605,060505104,3795,27.920000
20190630,20190603,060505104,52460,26.600000
20190630,20190610,060505104,12,27.530000
20190630,20190607,060505104,282,27.880000
20190715,20190619,060505104,1506,28.620000
20190715,20190624,060505104,889,28.120000
20190715,20190617,060505104,1634,28.040000
20190715,20190620,060505104,1140,28.320000
20190715,20190625,060505104,1500,27.980000
20190715,20190618,060505104,700,27.930000
20190731,20190710,060505104,10106,29.350000
20190731,20190711,060505104,2452,29.020000
20190731,20190703,060505104,9323,29.150000
20190731,20190705,060505104,1501,29.050000
20190731,20190702,060505104,146011,29.420000
20190731,20190709,060505104,9213,29.200000
20190815,20190716,060505104,19847,29.220000
20190815,20190724,060505104,823,30.250000
20190815,20190715,060505104,63342,29.450000
20190815,20190718,060505104,162,29.190000
20190815,20190723,060505104,43283,29.570000
20190815,20190730,060505104,5000,30.520000
20190831,20190806,060505104,1390234,28.080000
20190831,20190813,060505104,349882,27.640000
20190831,20190812,060505104,65203,28.330000
20190831,20190802,060505104,46265,29.490000
20190831,20190801,060505104,110571,30.680000
20190915,20190829,060505104,178073,26.850000
20190915,20190828,060505104,31579,26.470000
20190915,20190819,060505104,1747,27.030000
20190915,20190821,060505104,8218,26.720000
20190915,20190816,060505104,112354,26.250000
20190915,20190822,060505104,297,26.930000
20190915,20190826,060505104,695,26.470000
20190930,20190910,060505104,31500,28.630000
20190930,20190903,060505104,4670,27.510000
20190930,20190905,060505104,59120,27.490000
20190930,20190906,060505104,57989,28.120000
20190930,20190909,060505104,88161,27.730000
20190930,20190904,060505104,38962,27.050000
20191015,20190927,060505104,100,29.130000
20191015,20190920,060505104,78467,29.820000
20191015,20190924,060505104,8001,29.520000
20191015,20190930,060505104,146,29.350000
20191015,20190917,060505104,13111,30.130000
20191015,20190919,060505104,27,30.000000
20191015,20190923,060505104,40868,29.590000
20191031,20191007,060505104,2454,28.370000
20191031,20191001,060505104,378200,29.170000
20191031,20191008,060505104,89562,28.310000
20191115,20191024,060505104,13571,31.420000
20191115,20191021,060505104,101977,30.350000
20191115,20191025,060505104,11838,31.360000
20191115,20191015,060505104,125,29.140000
20191115,20191023,060505104,370,31.200000
20191115,20191028,060505104,7247,31.720000
20191115,20191031,060505104,11063,31.620000
20191115,20191017,060505104,96201,30.170000
20191115,20191022,060505104,143100,31.020000
20191115,20191016,060505104,11759,29.730000
20191115,20191029,060505104,248672,31.840000
20191130,20191112,060505104,300,33.180000
20191130,20191104,060505104,75177,31.800000
20191130,20191108,060505104,3861,33.230000
20191130,20191107,060505104,400,32.790000
20191130,20191105,060505104,109824,32.400000
20191130,20191101,060505104,66400,31.270000
20191130,20191106,060505104,74877,32.820000
20191130,20191113,060505104,9037,33.090000
20191215,20191118,060505104,413,32.930000
20191215,20191129,060505104,2597,33.420000
20191215,20191120,060505104,448666,32.940000
20191215,20191126,060505104,202600,33.470000
20191215,20191127,060505104,14973,33.350000
20191215,20191122,060505104,62,32.840000
20191215,20191119,060505104,140725,32.960000
20191215,20191115,060505104,15356,32.700000
20191231,20191210,060505104,11600,33.510000
20191231,20191206,060505104,339900,33.090000
20191231,20191203,060505104,296439,33.430000
20191231,20191211,060505104,50,33.530000
20191231,20191204,060505104,5703,32.840000
20191231,20191213,060505104,48168,34.680000
20200115,20191217,060505104,40109,34.700000
20200115,20191231,060505104,1000,35.150000
20200115,20191218,060505104,3564,35.040000
20200115,20191223,060505104,421898,34.960000
20200115,20191219,060505104,200,35.110000
20200115,20191226,060505104,6179,35.220000
20200115,20191216,060505104,4394,34.440000
20200131,20200107,060505104,123108,34.850000
20200131,20200114,060505104,80,35.060000
20200131,20200103,060505104,7541,35.640000
20200131,20200108,060505104,16958,34.620000
20200131,20200109,060505104,2800,34.970000
20200215,20200128,060505104,4679,32.850000
20200215,20200122,060505104,183395,34.260000
20200215,20200127,060505104,205966,33.540000
20200215,20200130,060505104,1370,33.010000
20200215,20200131,060505104,6624,33.480000
20200215,20200117,060505104,1896,34.720000
20200215,20200116,060505104,21470,34.670000
20200531,20200512,060505104,17000,22.580000
20200531,20200508,060505104,100018,22.840000
20200531,20200505,060505104,106103,22.930000
20200531,20200501,060505104,6599,24.050000
20200531,20200513,060505104,5173,21.870000
20200615,20200518,060505104,4233,21.440000
20200615,20200521,060505104,2925,22.910000
20200615,20200520,060505104,38907,22.210000
20200615,20200522,060505104,20424,22.900000
20200615,20200527,060505104,39149,24.280000
20200615,20200526,060505104,15733,22.660000
20200630,20200601,060505104,576106,24.120000
20200630,20200609,060505104,2600,28.540000
20200630,20200610,060505104,6350,28.220000
20200630,20200611,060505104,6770,26.600000
20200630,20200605,060505104,36700,26.780000
20200715,20200630,060505104,17,23.390000
20200715,20200615,060505104,227370,24.780000
20200715,20200625,060505104,210661,23.810000
20200715,20200623,060505104,49,24.620000
20200731,20200706,060505104,1051,23.290000
20200731,20200714,060505104,189733,24.190000
20200731,20200709,060505104,3747,23.100000
20200731,20200707,060505104,28681,23.660000
20200731,20200713,060505104,291795,24.020000
20200731,20200701,060505104,11820,23.750000
20200731,20200702,060505104,1544,23.260000
20200731,20200708,060505104,69100,23.010000
20200815,20200727,060505104,627,24.350000
20200815,20200724,060505104,8,24.540000
20200815,20200717,060505104,696,23.930000
20200815,20200722,060505104,643842,24.420000
20200815,20200731,060505104,32958,24.840000
20200815,20200728,060505104,5550,24.140000
20200815,20200715,060505104,3768,24.140000
20200815,20200723,060505104,64,24.310000
20200831,20200813,060505104,3757,26.730000
20200831,20200811,060505104,249486,26.560000
20200831,20200807,060505104,139664,25.470000
20200831,20200803,060505104,3751,24.880000
20200831,20200810,060505104,13822,26.110000
20200831,20200804,060505104,151994,24.990000
20200831,20200805,060505104,13848,25.010000
20200915,20200824,060505104,13,24.980000
20200915,20200828,060505104,2,26.050000
20200915,20200818,060505104,3300,25.900000
20200915,20200821,060505104,32525,25.100000
20200915,20200820,060505104,14055,25.500000
20200930,20200909,060505104,237920,25.480000
20200930,20200902,060505104,2357,25.710000
20200930,20200904,060505104,10825,25.660000
20200930,20200901,060505104,35000,25.740000
20200930,20200911,060505104,400,25.140000
20201015,20200916,060505104,4515,25.280000
20201015,20200915,060505104,25786,25.750000
20201015,20200918,060505104,24223,25.350000
20201015,20200928,060505104,8580,23.490000
20201015,20200925,060505104,25312,23.340000
20201015,20200922,060505104,700,24.470000
20201015,20200930,060505104,23400,23.770000
20201015,20200917,060505104,3136,25.600000
20201031,20201001,060505104,334,24.090000
20201031,20201014,060505104,12000,24.950000
20201031,20201006,060505104,43268,24.620000
20201031,20201008,060505104,1249,24.880000
20201031,20201013,060505104,2555,25.680000
20201115,20201016,060505104,34914,24.150000
20201115,20201021,060505104,12561,24.140000
20201115,20201029,060505104,27100,23.470000
20201115,20201023,060505104,60604,24.870000
20201115,20201020,060505104,378726,23.720000
20201115,20201027,060505104,9187,24.540000
20201130,20201112,060505104,455,27.340000
20201130,20201106,060505104,42149,24.610000
20201130,20201104,060505104,35,24.690000
20201130,20201103,060505104,7712,24.080000
20201130,20201105,060505104,7635,23.680000
20201215,20201124,060505104,243619,27.390000
20201215,20201117,060505104,81689,27.580000
20201215,20201120,060505104,24219,26.980000
20201231,20201202,060505104,9994,28.690000
20201231,20201204,060505104,27914,28.910000
20201231,20201208,060505104,16099,29.090000
20201231,20201211,060505104,115800,29.110000
20201231,20201201,060505104,260916,28.160000
20201231,20201214,060505104,417419,28.570000
20210115,20201229,060505104,1548,30.130000
20210115,20201221,060505104,1000,28.670000
20210115,20201222,060505104,67709,29.740000
20210115,20201223,060505104,130839,29.210000
20210115,20201215,060505104,4516,28.220000
20210115,20201228,060505104,10,29.960000
20210131,20210111,060505104,1800,32.530000
20210131,20210113,060505104,4389,33.660000
20210131,20210112,060505104,12412,33.070000
20210131,20210114,060505104,21588,33.460000
20210131,20210108,060505104,20187,32.860000
20210131,20210105,060505104,9462,30.030000
20210215,20210126,060505104,59838,31.160000
20210215,20210120,060505104,4851776,32.770000
20210215,20210129,060505104,410759,30.320000
20210215,20210127,060505104,17237,30.940000
20210215,20210128,060505104,10000,29.830000
20210215,20210122,060505104,2,31.770000
20210215,20210121,060505104,2022600,32.340000
20210215,20210119,060505104,212,33.010000
20210228,20210204,060505104,18101,31.580000
20210228,20210211,060505104,49638,32.980000
20210228,20210202,060505104,21886,29.960000
20210228,20210210,060505104,5310,32.950000
20210228,20210208,060505104,11317,32.370000
20210228,20210205,060505104,100,32.500000
20210228,20210209,060505104,3421,33.090000
20210315,20210217,060505104,7000,34.270000
20210315,20210224,060505104,45,35.520000
20210315,20210216,060505104,7143,33.370000
20210315,20210223,060505104,54055,35.150000
20210315,20210226,060505104,2961,35.930000
20210315,20210218,060505104,4295,34.410000
20210331,20210301,060505104,76344,34.710000
20210331,20210309,060505104,4200,37.130000
20210331,20210312,060505104,752,37.240000
20210331,20210305,060505104,948502,36.500000
20210331,20210302,060505104,1200,35.790000
20210415,20210323,060505104,102000,37.660000
20210415,20210317,060505104,17237,37.640000
20210415,20210330,060505104,94500,38.310000
20210415,20210316,060505104,13900,37.750000
20210415,20210318,060505104,1865620,37.950000
20210415,20210322,060505104,2916,38.530000
20210430,20210413,060505104,316,40.060000
20210430,20210408,060505104,4662,40.050000
20210430,20210407,060505104,69482,39.690000
20210430,20210406,060505104,69515,39.800000
20210430,20210409,060505104,13964,39.700000
20210515,20210421,060505104,300,38.080000
20210515,20210422,060505104,29156,38.720000
20210515,20210429,060505104,198,40.030000
20210515,20210427,060505104,40640,39.410000
20210515,20210423,060505104,431264,38.360000
20210515,20210420,060505104,23348,39.170000
20210515,20210426,060505104,2721,39.180000
20210515,20210428,060505104,101281,39.880000
20210515,20210419,060505104,307475,39.150000
20210531,20210503,060505104,11982,40.530000
20210531,20210506,060505104,300,41.390000
20210531,20210505,060505104,395,41.000000
20210531,20210504,060505104,10304,40.560000
20210531,20210511,060505104,4689,42.050000
20210615,20210525,060505104,44648,42.630000
20210615,20210520,060505104,574681,41.970000
20210615,20210527,060505104,7087,42.040000
20210615,20210524,060505104,4279,42.400000
20210615,20210519,060505104,667,42.160000
20210615,20210518,060505104,7700,42.740000
20210615,20210526,060505104,4561,42.010000
20210615,20210521,060505104,1442518,41.870000
20210630,20210608,060505104,10983,43.120000
20210630,20210602,060505104,15000,42.920000
20210630,20210614,060505104,384,41.860000
20210630,20210604,060505104,109089,43.250000
20210715,20210617,060505104,25071,41.620000
20210715,20210629,060505104,13367,41.560000
20210715,20210625,060505104,1794,40.830000
20210715,20210622,060505104,35799,39.750000
20210715,20210616,060505104,13188,41.390000
20210715,20210623,060505104,20005,39.970000
20210715,20210621,060505104,35021,38.780000
20210731,20210709,060505104,367000,38.780000
20210731,20210712,060505104,334807,40.040000
20210731,20210701,060505104,71628,41.230000
20210731,20210713,060505104,71153,40.630000
20210731,20210708,060505104,150753,39.750000
20210815,20210721,060505104,7326,37.690000
20210815,20210722,060505104,66778,38.460000
20210815,20210730,060505104,327,38.680000
20210815,20210719,060505104,1221,37.920000
20210815,20210727,060505104,675,38.130000
20210815,20210716,060505104,367699,38.830000
20210815,20210720,060505104,44966,36.930000
20210831,20210803,060505104,72376,37.960000
20210831,20210806,060505104,20213,39.020000
20210831,20210812,060505104,808745,41.950000
20210831,20210813,060505104,260539,42.150000
20210831,20210811,060505104,277885,41.430000
20210831,20210810,060505104,9501,40.670000
20210915,20210830,060505104,945790,42.490000
20210915,20210820,060505104,13487,40.190000
20210915,20210816,060505104,370,41.630000
20210915,20210824,060505104,28900,40.910000
20210915,20210817,060505104,290709,41.290000
20210915,20210818,060505104,397827,41.090000
20210915,20210831,060505104,38348,41.660000
20210915,20210827,060505104,295,42.040000
20210915,20210819,060505104,1955986,40.790000
20210930,20210908,060505104,756,41.320000
20210930,20210913,060505104,100,40.270000
20210930,20210909,060505104,781696,40.780000
20211015,20210922,060505104,659,39.130000
20211015,20210924,060505104,93264,41.690000
20211015,20210917,060505104,14821,40.450000
20211015,20210915,060505104,3,39.840000
20211015,20210920,060505104,14577,40.500000
20211015,20210916,060505104,938,40.140000
20211015,20210928,060505104,63698,43.260000
20211015,20210929,060505104,60679,43.160000
20211015,20210921,060505104,4900,39.110000
20211015,20210927,060505104,64835,42.140000
20211015,20210930,060505104,17494,43.070000
20211031,20211005,060505104,17300,43.340000
20211031,20211007,060505104,11,44.240000
20211031,20211004,060505104,25775,43.080000
20211031,20211014,060505104,19407,43.140000
20211031,20211008,060505104,1,44.120000
20211031,20211012,060505104,1120,43.780000
20211031,20211013,060505104,50826,43.540000
20211115,20211025,060505104,5060,47.570000
20211115,20211026,060505104,47119,47.510000
20211115,20211022,060505104,415,46.830000
20211115,20211027,060505104,121677,47.960000
20211115,20211019,060505104,65730,46.280000
20211115,20211021,060505104,800,47.090000
20211130,20211105,060505104,6356,47.330000
20211130,20211102,060505104,26196,47.850000
20211130,20211110,060505104,21,46.880000
20211130,20211112,060505104,15533,47.490000
20211130,20211108,060505104,261894,46.970000
20211130,20211109,060505104,818853,47.340000
20211215,20211129,060505104,446220,45.760000
20211215,20211130,060505104,1056877,45.590000
20211215,20211117,060505104,420,47.080000
20211215,20211115,060505104,76261,46.910000
20211215,20211126,060505104,697,47.630000
20211231,20211206,060505104,1400,43.870000
20211231,20211209,060505104,77703,44.160000
20211231,20211214,060505104,14500,43.580000
20211231,20211207,060505104,161208,44.150000
20211231,20211203,060505104,52234,44.890000
20220115,20211227,060505104,10000,44.420000
20220115,20211221,060505104,2755085,43.160000
20220115,20211228,060505104,2933,44.640000
20220115,20211215,060505104,182335,44.130000
20220131,20220103,060505104,34162,44.490000
20220131,20220111,060505104,67422,48.930000
20220131,20220110,060505104,15616,49.180000
20220131,20220106,060505104,53635,47.180000
20220131,20220112,060505104,1,49.210000
20220131,20220107,060505104,96759,48.130000
20220215,20220118,060505104,400,47.910000
20220215,20220119,060505104,897388,46.260000
20220215,20220127,060505104,12700,45.900000
20220215,20220126,060505104,4023,45.430000
20220215,20220125,060505104,327638,44.550000
20220215,20220120,060505104,200,46.440000
20220228,20220201,060505104,36700,46.140000
20220228,20220214,060505104,1329,47.920000
20220228,20220208,060505104,256198,48.510000
20220228,20220204,060505104,119,46.430000
20220228,20220202,060505104,44563,46.940000
20220315,20220223,060505104,698,45.560000
20220315,20220217,060505104,117,47.680000
20220315,20220215,060505104,742,47.420000
20220315,20220225,060505104,280735,43.600000
20220331,20220314,060505104,6156,40.330000
20220331,20220308,060505104,13033,38.340000
20220415,20220331,060505104,131182,43.000000
20220415,20220321,060505104,149319,42.900000
20220415,20220324,060505104,11583,43.090000
20220415,20220322,060505104,1242389,42.840000
20220415,20220318,060505104,5166,43.030000
20220415,20220315,060505104,817,41.200000
20220415,20220329,060505104,11600,43.550000
20220430,20220412,060505104,12661,39.590000
20220430,20220414,060505104,4,38.820000
20220430,20220406,060505104,100,40.140000
20220515,20220427,060505104,28290,36.450000
20220515,20220418,060505104,96156,37.570000
20220515,20220419,060505104,1965,38.850000
20220515,20220426,060505104,1200,37.290000
20220531,20220510,060505104,70394,36.370000
20220531,20220502,060505104,138655,35.680000
20220531,20220505,060505104,4013,38.620000
20220531,20220503,060505104,24,36.140000
20220531,20220511,060505104,1400,35.760000
20220615,20220517,060505104,9000,34.810000
20220615,20220531,060505104,2276,37.020000
20220615,20220524,060505104,934979,35.870000
20220615,20220519,060505104,2775,34.880000
20220615,20220527,060505104,5,36.670000
20220630,20220608,060505104,13368,36.350000
20220630,20220606,060505104,1,36.190000
20220630,20220603,060505104,40,36.700000
20220630,20220607,060505104,383,36.150000
20220630,20220610,060505104,638,34.510000
20220630,20220613,060505104,1856,33.170000
20220630,20220601,060505104,20500,37.200000
20220715,20220629,060505104,21700,32.260000
20220715,20220617,060505104,20,31.850000
20220715,20220622,060505104,392921,32.850000
20220715,20220616,060505104,17988,32.050000
20220715,20220615,060505104,209300,31.460000
20220715,20220624,060505104,1428,32.080000
20220731,20220712,060505104,281950,31.460000
20220731,20220711,060505104,49036,31.790000
20220731,20220706,060505104,500285,31.240000
20220815,20220715,060505104,136445,30.130000
20220815,20220725,060505104,23201,33.430000
20220815,20220720,060505104,1956,33.350000
20220815,20220722,060505104,7876,33.650000
20220815,20220728,060505104,679554,33.590000
20220815,20220718,060505104,3533,32.250000
20220815,20220729,060505104,20173,33.320000
20220815,20220726,060505104,600000,33.730000
20220815,20220719,060505104,88391,32.260000
20220815,20220727,060505104,87681,33.050000
20220831,20220812,060505104,1030,35.910000
20220831,20220808,060505104,184,33.960000
20220831,20220810,060505104,51292,33.920000
20220831,20220803,060505104,1248,33.040000
20220831,20220801,060505104,209,33.810000
20220831,20220805,060505104,54244,33.400000
20220831,20220802,060505104,6600,33.710000
20220831,20220811,060505104,187,35.070000
20220831,20220809,060505104,4000,33.490000
20220915,20220819,060505104,8022,36.280000
20220915,20220818,060505104,176,36.410000
20220915,20220823,060505104,111209,34.720000
20220915,20220815,060505104,30,36.300000
20220915,20220829,060505104,23400,34.030000
20220915,20220826,060505104,1,35.140000
20220915,20220822,060505104,51854,35.480000
20220915,20220817,060505104,103,36.640000
20220915,20220824,060505104,575,34.410000
20220915,20220825,060505104,32420,34.520000
20220915,20220830,060505104,1784500,33.900000
20220915,20220816,060505104,13977,36.250000
20220930,20220901,060505104,2155,33.610000
20220930,20220913,060505104,25114,35.270000
20220930,20220912,060505104,1655,34.940000
20221015,20220921,060505104,1997,34.170000
20221015,20220930,060505104,311473,30.660000
20221015,20220920,060505104,100,34.690000
20221015,20220915,060505104,390449,33.870000
20221031,20221014,060505104,2174,31.690000
20221031,20221003,060505104,233174,30.200000
20221031,20221006,060505104,33,31.920000
20221115,20221021,060505104,1942,33.700000
20221115,20221027,060505104,50,35.700000
20221115,20221028,060505104,571779,35.870000
20221115,20221020,060505104,400,33.920000
20221115,20221018,060505104,33393,33.620000
20221115,20221026,060505104,18,35.390000
20221115,20221031,060505104,108,36.180000
20221130,20221108,060505104,14611,37.010000
20221130,20221110,060505104,55845,36.520000
20221130,20221101,060505104,8900,36.040000
20221130,20221104,060505104,300,35.890000
20221215,20221122,060505104,14424,37.310000
20221215,20221129,060505104,502906,36.860000
20221215,20221115,060505104,51,37.760000
20221215,20221130,060505104,1890,37.000000
20221215,20221123,060505104,543,37.490000
20221215,20221116,060505104,1497,37.700000
20221215,20221128,060505104,143212,37.700000
20221231,20221209,060505104,4661,32.440000
20221231,20221206,060505104,3921,34.470000
20221231,20221207,060505104,38304,33.000000
20221231,20221208,060505104,25,32.740000
20221231,20221202,060505104,67943,36.550000
20221231,20221214,060505104,1,32.750000
20221231,20221212,060505104,196,32.380000
20230115,20221220,060505104,40036,32.060000
20230115,20221215,060505104,3450,32.280000
20230115,20221228,060505104,1500,32.530000
20230115,20221230,060505104,14079,33.140000
20230115,20221223,060505104,51,32.390000
20230115,20221221,060505104,174273,32.190000
20230131,20230103,060505104,492,33.120000
20230131,20230111,060505104,88951,34.120000
20230131,20230112,060505104,384,34.380000
20230131,20230106,060505104,16286,34.070000
20230131,20230109,060505104,1576,34.410000
20230131,20230113,060505104,6732,34.470000
20230131,20230110,060505104,47443,33.890000
20230131,20230105,060505104,76,34.140000
20230215,20230131,060505104,192740,35.300000
20230215,20230118,060505104,35700,34.520000
20230215,20230117,060505104,7891,35.230000
20230215,20230125,060505104,1980,34.570000
20230215,20230126,060505104,3317,34.870000
20230215,20230124,060505104,310000,34.320000
20230215,20230120,060505104,4500,33.230000
20230228,20230209,060505104,2844,36.500000
20230228,20230214,060505104,134722,35.650000
20230228,20230207,060505104,32300,36.370000
20230228,20230213,060505104,3975,35.580000
20230228,20230208,060505104,2339,36.770000
20230228,20230203,060505104,60753,36.130000
20230228,20230206,060505104,564476,36.430000
20230315,20230217,060505104,1877,35.280000
20230315,20230224,060505104,1088,34.260000
20230315,20230228,060505104,8200,34.210000
20230315,20230215,060505104,15314,35.620000
20230331,20230314,060505104,252288,28.510000
20230331,20230313,060505104,1326,30.270000
20230331,20230310,060505104,458808,30.540000
20230331,20230306,060505104,86232,34.160000
20230331,20230302,060505104,705,34.140000
20230331,20230309,060505104,34048,32.560000
20230331,20230307,060505104,155,34.090000
20230331,20230308,060505104,1704,33.000000
20230415,20230320,060505104,234,27.820000
20230415,20230328,060505104,720532,28.490000
20230415,20230315,060505104,1628183,28.760000
20230430,20230406,060505104,4611,27.640000
20230430,20230414,060505104,11841,28.560000
20230430,20230410,060505104,1,27.840000
20230430,20230411,060505104,2214,27.940000
20230430,20230404,060505104,209519,28.590000
20230430,20230405,060505104,17289,27.980000
20230430,20230412,060505104,50681,28.710000
20230515,20230425,060505104,13801,29.760000
20230515,20230420,060505104,29126,30.060000
20230515,20230428,060505104,184487,28.890000
20230515,20230427,060505104,35496,28.440000
20230515,20230426,060505104,5,28.840000
20230515,20230418,060505104,84604,30.370000
20230515,20230421,060505104,483,29.900000
20230515,20230424,060505104,1,29.870000
20230531,20230508,060505104,45435,27.710000
20230531,20230505,060505104,30749,26.990000
20230531,20230512,060505104,40385,27.390000
20230531,20230501,060505104,257858,29.280000
20230531,20230502,060505104,29876,29.040000
20230615,20230526,060505104,16257,28.170000
20230615,20230523,060505104,171050,28.340000
20230615,20230517,060505104,7095,27.360000
20230615,20230516,060505104,4187,27.650000
20230615,20230518,060505104,281694,28.570000
20230615,20230515,060505104,22585,27.090000
20230615,20230519,060505104,154654,28.470000
20230630,20230612,060505104,190,29.270000
20230630,20230605,060505104,3634,28.710000
20230630,20230613,060505104,16100,29.130000
20230630,20230608,060505104,1165,29.480000
20230715,20230626,060505104,541,27.750000
20230715,20230622,060505104,10,28.570000
20230715,20230629,060505104,1300,28.070000
20230715,20230630,060505104,674,28.660000
20230715,20230621,060505104,23096,28.870000
20230731,20230714,060505104,14,29.670000
20230731,20230713,060505104,424432,29.360000
20230731,20230705,060505104,400,29.200000
20230731,20230707,060505104,7761,28.280000
20230731,20230711,060505104,1000,28.660000
20230815,20230727,060505104,42,32.410000
20230815,20230725,060505104,76337,32.650000
20230815,20230718,060505104,95,29.400000
20230815,20230717,060505104,8,29.110000
20230815,20230724,060505104,820,31.980000
20230815,20230726,060505104,2758,32.150000
20230815,20230720,060505104,512,31.530000
20230815,20230731,060505104,1219,31.900000
20230831,20230804,060505104,5128,31.410000
20230831,20230802,060505104,4106,31.620000
20230831,20230814,060505104,73,31.290000
20230831,20230809,060505104,625,31.270000
20230831,20230807,060505104,1555,31.300000
20230831,20230811,060505104,2277,30.940000
20230831,20230801,060505104,1800,32.000000
20230915,20230816,060505104,10299,29.940000
20230915,20230817,060505104,115,29.290000
20230915,20230829,060505104,3500,28.760000
20230915,20230818,060505104,871,29.280000
20230915,20230824,060505104,25,28.450000
20230915,20230815,060505104,12483,30.930000
20230915,20230821,060505104,27,29.110000
20230915,20230823,060505104,365,28.440000
20230915,20230828,060505104,10839,28.500000
20230930,20230907,060505104,24,28.390000
20230930,20230912,060505104,791,28.480000
20230930,20230906,060505104,26325,28.650000
20230930,20230905,060505104,11,28.980000
20230930,20230908,060505104,24,28.130000
20230930,20230913,060505104,1867,28.970000
20230930,20230911,060505104,462,28.360000
20231015,20230926,060505104,1431,27.600000
20231015,20230918,060505104,82397,28.840000
20231015,20230919,060505104,64934,28.760000
20231031,20231002,060505104,55472,27.380000
20231031,20231010,060505104,30959,26.310000
20231031,20231011,060505104,700,27.010000
20231115,20231017,060505104,1411,26.990000
20231115,20231023,060505104,2,26.310000
20231115,20231020,060505104,768,26.960000
20231115,20231019,060505104,9346,27.310000
20231115,20231024,060505104,1802,25.570000
20231115,20231030,060505104,2,25.170000
20231115,20231025,060505104,1562,25.470000
20231115,20231031,060505104,2,25.690000
20231115,20231027,060505104,2,26.120000
20231115,20231026,060505104,196,25.550000
20231130,20231114,060505104,434,27.700000
20231130,20231102,060505104,2,26.400000
20231130,20231110,060505104,295,27.530000
20231130,20231108,060505104,521,28.160000
20231130,20231109,060505104,12,27.890000
20231130,20231106,060505104,6,28.420000
20231130,20231113,060505104,11,27.680000
20231130,20231107,060505104,27407,28.330000
20231130,20231101,060505104,45,26.340000
20231130,20231103,060505104,6,27.620000
20231215,20231127,060505104,210,29.730000
20231215,20231128,060505104,1513,29.560000
20231215,20231117,060505104,517,29.540000
20231215,20231116,060505104,11,29.620000
20231215,20231115,060505104,11,29.220000
20231215,20231129,060505104,48,29.530000
20231215,20231121,060505104,132757,30.010000
20231231,20231205,060505104,2200,30.820000
20231231,20231206,060505104,609,30.580000
20231231,20231212,060505104,25104,30.850000
20231231,20231208,060505104,18433,30.660000
20231231,20231201,060505104,369862,30.490000
20231231,20231211,060505104,229,30.960000
20231231,20231214,060505104,257,32.040000
20231231,20231207,060505104,126506,30.530000
20231231,20231204,060505104,846,30.960000
20240115,20231227,060505104,23000,33.860000
20240115,20231218,060505104,376,33.600000
20240115,20231226,060505104,2705,33.430000
20240131,20240102,060505104,22326,33.670000
20240131,20240109,060505104,6900,34.160000
20240131,20240104,060505104,102,33.530000
20240131,20240103,060505104,21142,33.900000
20240215,20240117,060505104,12432,32.120000
20240215,20240124,060505104,100,32.770000
20240215,20240130,060505104,3268,33.610000
20240215,20240116,060505104,12432,32.800000
20240215,20240125,060505104,219,32.980000
20240215,20240131,060505104,800,34.790000
20240215,20240122,060505104,6660,32.220000
20240215,20240123,060505104,53800,32.550000
20240229,20240214,060505104,1767,32.750000
20240229,20240208,060505104,85,33.180000
20240229,20240202,060505104,13750,33.550000
20240229,20240206,060505104,400,32.990000
20240229,20240209,060505104,1200,33.120000
20240229,20240213,060505104,48649,33.620000
20240315,20240222,060505104,4221,33.700000
20240315,20240221,060505104,22140,33.960000
20240315,20240226,060505104,55,33.920000
20240315,20240223,060505104,1155,33.610000
20240315,20240220,060505104,108528,34.090000
20240315,20240229,060505104,1898,34.310000
20240315,20240216,060505104,18,34.070000
20240331,20240304,060505104,2793,34.350000
20240331,20240312,060505104,501,35.890000
20240331,20240307,060505104,4582,35.420000
20240331,20240314,060505104,4368,36.080000
20240331,20240301,060505104,127900,34.520000
20240331,20240305,060505104,2378,35.150000
20240415,20240321,060505104,151,36.750000
20240415,20240319,060505104,160567,36.010000
20240415,20240325,060505104,1086,37.050000
20240415,20240328,060505104,7,37.810000
20240415,20240315,060505104,1,35.690000
20240415,20240326,060505104,12514,36.860000
20240430,20240410,060505104,433282,37.730000
20240430,20240412,060505104,58,36.350000
20240430,20240402,060505104,68588,37.520000
20240430,20240405,060505104,631,36.920000
20240430,20240409,060505104,1300,37.500000
20240430,20240411,060505104,1633,36.650000
20240430,20240401,060505104,7593,37.920000
20240430,20240408,060505104,123458,37.110000
20240515,20240424,060505104,52576,38.370000
20240515,20240423,060505104,1087134,37.730000
20240515,20240417,060505104,2463,34.680000
20240515,20240429,060505104,50,37.830000
20240515,20240425,060505104,1125,38.320000
20240515,20240426,060505104,285705,37.910000
20240531,20240509,060505104,116,37.710000
20240531,20240513,060505104,722,38.450000
20240531,20240507,060505104,13121,37.690000
20240531,20240501,060505104,9018,37.010000
20240531,20240503,060505104,1322,36.880000
20240615,20240530,060505104,1784,38.720000
20240615,20240524,060505104,3764,39.170000
20240615,20240528,060505104,4743,39.700000
20240615,20240521,060505104,148833,38.820000
20240615,20240520,060505104,2342,39.290000
20240615,20240529,060505104,3656,39.320000
20240615,20240523,060505104,5236,39.760000
20240615,20240517,060505104,773,39.220000
20240615,20240515,060505104,310,38.490000
20240615,20240531,060505104,5659,38.630000
20240630,20240607,060505104,644057,39.700000
20240630,20240604,060505104,13345,39.880000
20240630,20240603,060505104,14333,39.990000
20240630,20240613,060505104,20,39.410000
20240630,20240606,060505104,172914,39.960000
20240630,20240605,060505104,5454,39.680000
20240715,20240618,060505104,541,39.510000
20240715,20240617,060505104,4123,39.240000
20240715,20240624,060505104,29756,39.490000
20240715,20240620,060505104,4812,39.990000
20240715,20240628,060505104,3321,39.250000
20240715,20240625,060505104,70,40.020000
20240715,20240627,060505104,20245,39.000000
20240731,20240708,060505104,60722,40.410000
20240731,20240705,060505104,12,40.900000
20240731,20240703,060505104,2797,40.930000
20240731,20240701,060505104,3837,39.770000
20240731,20240712,060505104,52,41.810000
20240815,20240729,060505104,110,41.670000
20240815,20240722,060505104,301849,42.900000
20240815,20240715,060505104,31531,41.590000
20240815,20240717,060505104,200,44.130000
20240815,20240716,060505104,97119,41.890000
20240815,20240718,060505104,500,43.980000
20240831,20240814,060505104,446,38.460000
20240831,20240812,060505104,1000,38.280000
20240831,20240806,060505104,406078,36.650000
20240831,20240808,060505104,14109,37.300000
20240831,20240805,060505104,400000,37.580000
20240915,20240816,060505104,1024,39.030000
20240915,20240819,060505104,1553706,39.340000
20240915,20240821,060505104,530,38.690000
20240915,20240823,060505104,1161,39.240000
20240915,20240830,060505104,18504,40.170000
20240915,20240826,060505104,2271,39.770000
20240930,20240911,060505104,133,39.280000
20240930,20240904,060505104,170367,40.700000
20240930,20240903,060505104,10500,40.750000
20240930,20240912,060505104,25,39.000000
20240930,20240906,060505104,4420,40.140000
20241015,20240923,060505104,61100,40.270000
20241015,20240927,060505104,1938,39.520000
20241015,20240924,060505104,25,39.870000
20241015,20240920,060505104,51700,40.870000
20241015,20240917,060505104,14,39.100000
20241031,20241004,060505104,2852,39.250000
20241031,20241003,060505104,18,39.230000
20241031,20241011,060505104,1023,39.970000
20241031,20241007,060505104,7364,40.110000
20241031,20241001,060505104,31031,39.680000
20241115,20241015,060505104,44923,41.910000
20241115,20241016,060505104,21093,42.140000
20241115,20241021,060505104,228574,42.320000
20241115,20241028,060505104,80,41.890000
20241115,20241029,060505104,970,42.620000
20241115,20241023,060505104,14014,42.300000
20241115,20241024,060505104,14000,42.340000
20241115,20241030,060505104,12268,42.530000
20241115,20241031,060505104,52793,42.310000
20241130,20241114,060505104,61600,45.870000
20241130,20241112,060505104,271,46.080000
20241130,20241105,060505104,560,41.330000
20241130,20241107,060505104,623767,45.410000
20241130,20241113,060505104,411,45.860000
20241130,20241108,060505104,370,44.770000
20241130,20241101,060505104,407,41.820000
20241215,20241120,060505104,103965,46.410000
20241215,20241129,060505104,29,47.770000
20241215,20241125,060505104,7642,47.000000
20241215,20241118,060505104,5300,46.750000
20241215,20241115,060505104,2500,45.900000
20241231,20241206,060505104,172381,47.000000
20241231,20241209,060505104,937,46.750000
20250115,20241223,060505104,37,44.170000
20250115,20241216,060505104,287,45.670000
20250131,20250110,060505104,7,46.210000
20250131,20250113,060505104,600,45.110000
20250131,20250107,060505104,746,45.400000
20250131,20250103,060505104,2173,44.290000
20250215,20250117,060505104,15837,46.640000
20250215,20250128,060505104,16973,47.090000
20250215,20250121,060505104,371405,46.530000
20250215,20250129,060505104,1732,46.840000
20250215,20250131,060505104,4370,46.720000
20250215,20250130,060505104,20,46.750000
20250228,20250213,060505104,96,46.210000
20250228,20250203,060505104,44955,46.300000
20250228,20250211,060505104,2700,46.670000
20250228,20250205,060505104,1115,46.710000
20250228,20250207,060505104,1746,47.740000
20250228,20250212,060505104,1,46.790000
20250228,20250214,060505104,120,46.330000
20250228,20250210,060505104,600,47.400000
20250315,20250224,060505104,5300,44.810000
20250315,20250218,060505104,29609,46.960000
20250331,20250307,060505104,2747,41.460000
20250331,20250303,060505104,1766,46.100000
20250415,20250324,060505104,1500,42.470000
20250415,20250327,060505104,3,42.820000
20250415,20250331,060505104,100170,41.250000
20250415,20250319,060505104,34637,41.650000
20250415,20250325,060505104,14,43.070000
20250415,20250317,060505104,25,40.890000
20250415,20250321,060505104,1457,42.480000
20250430,20250408,060505104,52,35.580000
20250430,20250409,060505104,19,35.030000
20250430,20250410,060505104,10605,37.150000
20250515,20250425,060505104,10574,39.580000
20250515,20250424,060505104,300,38.750000
20250515,20250428,060505104,5493,39.690000
20250515,20250416,060505104,5745,37.990000
20250515,20250429,060505104,26597,39.780000
20250531,20250502,060505104,12190,40.170000
20250531,20250509,060505104,7,41.600000
20250531,20250513,060505104,183,43.360000
20250531,20250501,060505104,2403,39.880000
20250531,20250505,060505104,459,41.070000
20250531,20250514,060505104,183,44.280000
20250531,20250512,060505104,24650,41.790000
20250615,20250528,060505104,95,44.220000
20250615,20250519,060505104,33520,44.690000
20250615,20250529,060505104,18,44.060000
20250615,20250521,060505104,25032,44.690000
20250615,20250527,060505104,23,43.200000
20250615,20250520,060505104,189,44.770000
20250630,20250613,060505104,79,44.620000
20250630,20250603,060505104,5000,44.080000
20250630,20250610,060505104,14145,44.870000
20250630,20250609,060505104,4001,44.970000
20250630,20250606,060505104,182116,44.380000
20250630,20250602,060505104,33088,44.130000
20250715,20250623,060505104,797,45.500000
20250715,20250625,060505104,6599,46.660000
20250715,20250630,060505104,9586,47.120000
20250715,20250626,060505104,89,46.850000
20250715,20250616,060505104,1948,44.090000
20250715,20250617,060505104,742,44.410000
20250731,20250702,060505104,57,48.150000
20250731,20250701,060505104,17742,47.320000
20250731,20250707,060505104,2389,48.930000
20250731,20250703,060505104,40,48.710000
20250731,20250714,060505104,199,46.730000
20250731,20250711,060505104,403,46.970000
20250731,20250708,060505104,36,48.660000
20250815,20250721,060505104,66800,47.320000
20250815,20250724,060505104,1000,48.140000
20250815,20250722,060505104,7,47.480000
20250815,20250731,060505104,21770,47.960000
20250815,20250728,060505104,5117,48.450000
20250831,20250812,060505104,7443,46.160000
20250831,20250813,060505104,6334,47.500000
20250915,20250825,060505104,27615,49.480000
20250915,20250815,060505104,451,47.710000
20250915,20250822,060505104,12186,48.260000
20250930,20250908,060505104,9318,49.770000
20250930,20250910,060505104,125,50.290000
20250930,20250903,060505104,20000,50.420000
20250930,20250904,060505104,20000,50.060000
20250930,20250905,060505104,14286,50.620000
20250930,20250902,060505104,6000,50.740000
20250930,20250909,060505104,9388,49.460000
20251015,20250929,060505104,5482,52.210000
20251015,20250924,060505104,9,51.700000
20251015,20250922,060505104,9521,52.250000
20251115,20251027,060505104,21100,52.570000
20251115,20251020,060505104,12000,51.280000
20251115,20251016,060505104,8162,52.280000
20251115,20251024,060505104,5910,51.760000
20251115,20251031,060505104,802,53.030000
