20170715,20170623,91167Q100,39477,12.070000
20170715,20170630,91167Q100,2088,12.650000
20170715,20170626,91167Q100,87178,12.200000
20170715,20170628,91167Q100,11115,12.490000
20170715,20170620,91167Q100,17773,12.540000
20170715,20170622,91167Q100,36011,11.930000
20170715,20170616,91167Q100,9277,12.530000
20170715,20170619,91167Q100,15672,12.650000
20170715,20170627,91167Q100,67597,12.280000
20170715,20170629,91167Q100,3560,12.660000
20170715,20170615,91167Q100,6335,12.560000
20170715,20170621,91167Q100,3442,12.290000
20170731,20170705,91167Q100,27707,13.130000
20170731,20170706,91167Q100,44926,12.670000
20170731,20170712,91167Q100,11288,12.660000
20170731,20170714,91167Q100,6615,12.880000
20170731,20170711,91167Q100,1157520,12.460000
20170731,20170710,91167Q100,1167081,12.440000
20170731,20170703,91167Q100,28349,13.000000
20170731,20170707,91167Q100,1230384,12.720000
20170731,20170713,91167Q100,17243,12.670000
20170815,20170720,91167Q100,8761,13.200000
20170815,20170719,91167Q100,6799,13.000000
20170815,20170721,91167Q100,6042,13.080000
20170815,20170726,91167Q100,400,13.320000
20170815,20170724,91167Q100,2542,12.760000
20170815,20170717,91167Q100,3832,13.020000
20170815,20170718,91167Q100,4249,12.860000
20170815,20170731,91167Q100,55539,13.800000
20170831,20170803,91167Q100,1088,13.840000
20170831,20170802,91167Q100,1094,13.720000
20170831,20170801,91167Q100,1095,13.950000
20170831,20170804,91167Q100,22319,13.750000
20170915,20170825,91167Q100,4000,13.800000
20170915,20170828,91167Q100,4282,13.800000
20170915,20170823,91167Q100,77309,13.740000
20170915,20170829,91167Q100,3000,13.720000
20170915,20170821,91167Q100,1000,13.970000
20170915,20170824,91167Q100,4000,13.900000
20170915,20170822,91167Q100,4627,13.660000
20170915,20170830,91167Q100,3000,13.740000
20170915,20170818,91167Q100,1000,13.480000
20170915,20170816,91167Q100,3717,13.450000
20170930,20170908,91167Q100,1600,14.510000
20170930,20170913,91167Q100,8016,14.460000
20170930,20170907,91167Q100,1457,14.440000
20170930,20170912,91167Q100,5718,14.300000
20171015,20170925,91167Q100,17189,15.070000
20171015,20170915,91167Q100,20171,14.690000
20171015,20170927,91167Q100,5472,15.490000
20171015,20170918,91167Q100,6633,14.780000
20171015,20170919,91167Q100,2620,14.750000
20171015,20170920,91167Q100,2602,14.700000
20171031,20171011,91167Q100,5453,15.130000
20171031,20171002,91167Q100,6939,15.160000
20171031,20171012,91167Q100,7902,15.210000
20171031,20171005,91167Q100,585,14.910000
20171031,20171003,91167Q100,12263,14.990000
20171031,20171013,91167Q100,5375,15.060000
20171115,20171027,91167Q100,3,15.900000
20171115,20171026,91167Q100,4000,15.650000
20171115,20171030,91167Q100,14883,16.150000
20171115,20171018,91167Q100,1731,15.550000
20171115,20171025,91167Q100,4000,15.640000
20171115,20171024,91167Q100,4000,15.390000
20171115,20171020,91167Q100,16,15.310000
20171115,20171016,91167Q100,1252,15.280000
20171130,20171114,91167Q100,13051,16.960000
20171130,20171109,91167Q100,4476,17.060000
20171130,20171103,91167Q100,9932,16.340000
20171130,20171108,91167Q100,1100,17.130000
20171130,20171101,91167Q100,223,16.350000
20171215,20171129,91167Q100,500,17.030000
20171215,20171130,91167Q100,500,16.880000
20171215,20171121,91167Q100,4900,16.710000
20171215,20171116,91167Q100,307,16.630000
20171215,20171117,91167Q100,107,16.500000
20171231,20171207,91167Q100,335,16.510000
20171231,20171204,91167Q100,447,17.180000
20171231,20171206,91167Q100,3619,16.970000
20171231,20171205,91167Q100,3619,16.830000
20180115,20171222,91167Q100,13421,17.480000
20180115,20171228,91167Q100,6873,17.920000
20180115,20171229,91167Q100,8933,18.000000
20180115,20171227,91167Q100,4375,18.000000
20180115,20171226,91167Q100,51,17.560000
20180115,20171220,91167Q100,198,17.230000
20180131,20180103,91167Q100,33711,18.100000
20180131,20180108,91167Q100,24335,18.420000
20180131,20180109,91167Q100,48474,18.460000
20180131,20180104,91167Q100,6346,18.450000
20180131,20180105,91167Q100,5370,18.480000
20180131,20180102,91167Q100,36093,18.100000
20180131,20180112,91167Q100,2513,18.810000
20180215,20180129,91167Q100,9404,19.150000
20180215,20180119,91167Q100,160118,18.810000
20180215,20180116,91167Q100,68607,18.970000
20180215,20180123,91167Q100,6430,18.820000
20180215,20180118,91167Q100,242215,18.830000
20180215,20180130,91167Q100,22890,18.890000
20180215,20180117,91167Q100,101330,18.840000
20180215,20180131,91167Q100,12634,18.700000
20180215,20180122,91167Q100,3891,18.710000
20180228,20180201,91167Q100,11943,18.840000
20180228,20180208,91167Q100,88,17.900000
20180228,20180209,91167Q100,3892,17.530000
20180228,20180206,91167Q100,5765,18.410000
20180228,20180212,91167Q100,4383,17.170000
20180228,20180214,91167Q100,2397,17.180000
20180228,20180205,91167Q100,14952,18.700000
20180228,20180202,91167Q100,13347,19.100000
20180228,20180207,91167Q100,1049,18.300000
20180315,20180216,91167Q100,20262,17.640000
20180315,20180222,91167Q100,5987,17.770000
20180315,20180221,91167Q100,7142,17.830000
20180315,20180226,91167Q100,10290,18.420000
20180315,20180215,91167Q100,2437,17.600000
20180331,20180308,91167Q100,200,17.750000
20180331,20180302,91167Q100,3646,17.670000
20180331,20180306,91167Q100,6793,18.010000
20180331,20180305,91167Q100,4317,17.740000
20180331,20180314,91167Q100,12508,17.750000
20180331,20180312,91167Q100,10219,18.020000
20180331,20180313,91167Q100,11791,17.860000
20180331,20180309,91167Q100,18956,17.560000
20180415,20180326,91167Q100,100,19.260000
20180415,20180315,91167Q100,1364,17.800000
20180415,20180316,91167Q100,5273,17.890000
20180430,20180405,91167Q100,1960,18.840000
20180430,20180406,91167Q100,3903,18.880000
20180430,20180410,91167Q100,4610,18.920000
20180430,20180403,91167Q100,15,18.720000
20180430,20180413,91167Q100,99720,19.890000
20180430,20180412,91167Q100,292,19.860000
20180430,20180402,91167Q100,15,19.140000
20180430,20180411,91167Q100,2136,19.640000
20180430,20180409,91167Q100,2461,18.500000
20180515,20180417,91167Q100,100,19.740000
20180515,20180419,91167Q100,676,20.370000
20180515,20180430,91167Q100,4340,20.500000
20180515,20180424,91167Q100,12707,20.690000
20180515,20180425,91167Q100,1667,20.380000
20180515,20180427,91167Q100,8042,20.590000
20180515,20180426,91167Q100,1851,20.380000
20180515,20180423,91167Q100,100,20.350000
20180515,20180420,91167Q100,682,20.320000
20180531,20180514,91167Q100,9350,21.460000
20180531,20180507,91167Q100,12522,20.880000
20180531,20180511,91167Q100,11747,21.540000
20180531,20180503,91167Q100,19947,20.360000
20180531,20180510,91167Q100,21272,21.520000
20180531,20180509,91167Q100,133,21.060000
20180531,20180501,91167Q100,6340,20.750000
20180531,20180502,91167Q100,32017,20.400000
20180531,20180508,91167Q100,10471,20.980000
20180531,20180504,91167Q100,9797,20.540000
20180615,20180517,91167Q100,1638,22.080000
20180615,20180525,91167Q100,20424,21.960000
20180615,20180524,91167Q100,100,22.220000
20180615,20180523,91167Q100,28425,22.140000
20180615,20180515,91167Q100,14102,21.840000
20180615,20180518,91167Q100,9037,22.130000
20180615,20180516,91167Q100,60,21.790000
20180615,20180531,91167Q100,72002,21.710000
20180615,20180522,91167Q100,47304,22.140000
20180615,20180529,91167Q100,457,21.280000
20180615,20180521,91167Q100,39993,21.920000
20180630,20180607,91167Q100,1819,21.140000
20180630,20180612,91167Q100,1100,21.280000
20180630,20180606,91167Q100,136380,20.870000
20180630,20180605,91167Q100,49094,20.990000
20180630,20180613,91167Q100,1561,21.120000
20180630,20180611,91167Q100,2300,21.290000
20180630,20180614,91167Q100,27215,21.360000
20180630,20180604,91167Q100,8674,21.330000
20180630,20180601,91167Q100,14842,21.630000
20180630,20180608,91167Q100,1171,21.520000
20180715,20180627,91167Q100,2966,21.370000
20180715,20180618,91167Q100,1749,20.430000
20180715,20180620,91167Q100,10288,20.930000
20180715,20180628,91167Q100,676,21.620000
20180715,20180619,91167Q100,7293,20.970000
20180715,20180626,91167Q100,513,20.900000
20180715,20180629,91167Q100,116,21.710000
20180731,20180705,91167Q100,1374,21.640000
20180731,20180711,91167Q100,10565,22.120000
20180731,20180703,91167Q100,253,21.660000
20180731,20180713,91167Q100,3699,20.870000
20180731,20180709,91167Q100,31203,21.620000
20180731,20180712,91167Q100,9334,20.750000
20180731,20180702,91167Q100,1040,22.180000
20180815,20180724,91167Q100,181716,20.560000
20180815,20180727,91167Q100,17650,21.060000
20180815,20180718,91167Q100,36270,20.190000
20180815,20180717,91167Q100,20787,20.160000
20180815,20180716,91167Q100,13163,21.020000
20180815,20180725,91167Q100,471,20.640000
20180815,20180730,91167Q100,2184,20.980000
20180815,20180719,91167Q100,11166,20.440000
20180815,20180726,91167Q100,3992,20.880000
20180831,20180809,91167Q100,59938,20.270000
20180831,20180806,91167Q100,9206,20.560000
20180831,20180808,91167Q100,66257,20.880000
20180831,20180810,91167Q100,24440,20.180000
20180831,20180807,91167Q100,23401,20.650000
20180831,20180813,91167Q100,34521,20.440000
20180831,20180803,91167Q100,2117,20.600000
20180831,20180801,91167Q100,22940,20.820000
20180831,20180814,91167Q100,34640,20.410000
20180831,20180802,91167Q100,815,20.330000
20180915,20180816,91167Q100,38156,19.830000
20180915,20180823,91167Q100,579,20.960000
20180915,20180830,91167Q100,5756,21.700000
20180915,20180824,91167Q100,10586,21.000000
20180915,20180815,91167Q100,50427,20.370000
20180915,20180821,91167Q100,2925,20.250000
20180915,20180827,91167Q100,10739,21.220000
20180915,20180828,91167Q100,9315,21.410000
20180930,20180914,91167Q100,1685,21.900000
20180930,20180910,91167Q100,3364,21.530000
20180930,20180911,91167Q100,1817,21.630000
20180930,20180907,91167Q100,2036,21.430000
20180930,20180905,91167Q100,2028,21.720000
20180930,20180912,91167Q100,2072,22.140000
20181015,20180928,91167Q100,59998,22.900000
20181015,20180918,91167Q100,14660,21.800000
20181015,20180920,91167Q100,1521,22.150000
20181015,20180921,91167Q100,113,22.000000
20181015,20180924,91167Q100,42456,22.010000
20181015,20180917,91167Q100,1907,21.850000
20181015,20180919,91167Q100,20198,22.090000
20181015,20180925,91167Q100,8618,22.720000
20181015,20180927,91167Q100,26621,22.730000
20181031,20181001,91167Q100,58498,23.320000
20181031,20181005,91167Q100,36118,23.840000
20181031,20181003,91167Q100,138986,23.810000
20181031,20181009,91167Q100,54711,23.620000
20181031,20181010,91167Q100,8409,23.940000
20181031,20181002,91167Q100,115075,23.940000
20181031,20181004,91167Q100,45822,24.210000
20181031,20181011,91167Q100,13228,23.280000
20181031,20181012,91167Q100,17996,22.560000
20181115,20181022,91167Q100,121732,22.510000
20181115,20181017,91167Q100,68587,22.900000
20181115,20181016,91167Q100,25141,22.730000
20181115,20181019,91167Q100,78565,22.350000
20181115,20181025,91167Q100,3036,21.380000
20181115,20181015,91167Q100,18076,22.700000
20181115,20181023,91167Q100,112506,22.580000
20181115,20181029,91167Q100,4394,22.020000
20181115,20181024,91167Q100,5734,21.550000
20181115,20181031,91167Q100,106138,21.530000
20181115,20181026,91167Q100,3023,21.650000
20181115,20181030,91167Q100,137547,21.730000
20181115,20181018,91167Q100,72267,22.630000
20181130,20181101,91167Q100,148,21.190000
20181130,20181108,91167Q100,2034,20.400000
20181130,20181109,91167Q100,3141,20.000000
20181130,20181102,91167Q100,511,20.590000
20181130,20181107,91167Q100,1254,20.410000
20181215,20181123,91167Q100,8067,17.980000
20181215,20181115,91167Q100,66287,18.740000
20181215,20181130,91167Q100,16,16.880000
20181215,20181129,91167Q100,1695,16.690000
20181215,20181127,91167Q100,4802,17.150000
20181215,20181120,91167Q100,37473,18.960000
20181215,20181116,91167Q100,88710,18.820000
20181215,20181121,91167Q100,4150,17.720000
20181215,20181119,91167Q100,43475,18.990000
20181231,20181204,91167Q100,800,17.490000
20181231,20181214,91167Q100,15523,17.440000
20181231,20181203,91167Q100,2919,16.710000
20181231,20181212,91167Q100,5710,17.060000
20181231,20181205,91167Q100,601201,17.400000
20181231,20181213,91167Q100,13607,16.980000
20181231,20181211,91167Q100,4379,16.910000
20181231,20181210,91167Q100,15225,17.380000
20181231,20181206,91167Q100,592363,17.400000
20181231,20181207,91167Q100,53935,17.010000
20190115,20181217,91167Q100,6215,17.000000
20190115,20181224,91167Q100,8512,15.170000
20190115,20181221,91167Q100,18812,15.220000
20190115,20181231,91167Q100,1219,14.990000
20190115,20181220,91167Q100,17926,16.020000
20190115,20181227,91167Q100,9112,15.670000
20190115,20181226,91167Q100,6757,14.700000
20190115,20181218,91167Q100,10447,16.610000
20190115,20181228,91167Q100,7064,15.170000
20190115,20181219,91167Q100,18249,15.860000
20190131,20190111,91167Q100,36044,17.390000
20190131,20190104,91167Q100,4986,15.780000
20190131,20190108,91167Q100,9292,16.260000
20190131,20190102,91167Q100,3816,15.330000
20190131,20190114,91167Q100,28970,17.070000
20190131,20190103,91167Q100,4497,15.560000
20190131,20190107,91167Q100,7491,16.180000
20190131,20190109,91167Q100,8831,16.560000
20190215,20190129,91167Q100,930,16.930000
20190215,20190125,91167Q100,448,17.280000
20190215,20190116,91167Q100,9342,17.120000
20190215,20190122,91167Q100,1028,17.670000
20190215,20190118,91167Q100,827,17.270000
20190215,20190117,91167Q100,5550,17.340000
20190215,20190115,91167Q100,18549,16.680000
20190228,20190213,91167Q100,574,17.670000
20190228,20190206,91167Q100,1013,17.540000
20190228,20190201,91167Q100,21,17.290000
20190228,20190207,91167Q100,116,17.720000
20190228,20190204,91167Q100,82,17.780000
20190228,20190208,91167Q100,83,17.450000
20190315,20190227,91167Q100,108403,18.580000
20190315,20190222,91167Q100,5816,19.000000
20190315,20190226,91167Q100,1795,18.350000
20190315,20190220,91167Q100,2718,18.830000
20190315,20190225,91167Q100,4086,19.000000
20190315,20190221,91167Q100,196965,18.980000
20190315,20190228,91167Q100,22099,18.830000
20190315,20190215,91167Q100,9318,18.300000
20190331,20190312,91167Q100,11210,18.890000
20190331,20190308,91167Q100,5969,18.730000
20190331,20190306,91167Q100,5555,18.670000
20190331,20190314,91167Q100,2312,19.170000
20190331,20190301,91167Q100,3700,18.790000
20190415,20190328,91167Q100,1200,19.100000
20190415,20190320,91167Q100,18,19.110000
20190415,20190319,91167Q100,3340,19.100000
20190415,20190322,91167Q100,522,19.180000
20190415,20190326,91167Q100,200,19.000000
20190415,20190315,91167Q100,7376,19.030000
20190415,20190325,91167Q100,384,18.930000
20190430,20190411,91167Q100,6672,20.370000
20190430,20190412,91167Q100,4294,20.180000
20190430,20190405,91167Q100,796,19.690000
20190430,20190410,91167Q100,1200,20.090000
20190430,20190401,91167Q100,1821,19.220000
20190430,20190409,91167Q100,8336,20.220000
20190515,20190426,91167Q100,618,21.080000
20190515,20190415,91167Q100,27,20.350000
20190515,20190417,91167Q100,1400,20.400000
20190515,20190424,91167Q100,700,21.180000
20190515,20190423,91167Q100,61031,21.060000
20190515,20190422,91167Q100,1153,20.470000
20190531,20190506,91167Q100,100,20.300000
20190531,20190509,91167Q100,1176,20.120000
20190531,20190513,91167Q100,66,20.270000
20190531,20190503,91167Q100,1017,20.220000
20190531,20190508,91167Q100,84,19.960000
20190615,20190520,91167Q100,5386,20.700000
20190615,20190529,91167Q100,29619,19.890000
20190615,20190523,91167Q100,100,20.290000
20190615,20190531,91167Q100,25375,18.970000
20190615,20190522,91167Q100,149,20.720000
20190615,20190521,91167Q100,87,20.690000
20190615,20190530,91167Q100,24124,19.750000
20190630,20190610,91167Q100,874,18.410000
20190630,20190613,91167Q100,1972,17.400000
20190630,20190614,91167Q100,121,17.860000
20190630,20190603,91167Q100,600,17.920000
20190630,20190611,91167Q100,9048,18.140000
20190630,20190606,91167Q100,8440,17.650000
20190630,20190605,91167Q100,8545,18.060000
20190630,20190612,91167Q100,3584,18.150000
20190630,20190604,91167Q100,8389,17.690000
20190715,20190628,91167Q100,1641,19.340000
20190715,20190626,91167Q100,310,19.010000
20190715,20190625,91167Q100,1374,18.970000
20190715,20190621,91167Q100,49500,18.870000
20190715,20190619,91167Q100,6457,18.160000
20190715,20190617,91167Q100,3692,18.070000
20190715,20190627,91167Q100,3362,19.340000
20190715,20190620,91167Q100,5549,18.220000
20190715,20190624,91167Q100,57437,19.100000
20190731,20190712,91167Q100,16559,19.740000
20190731,20190701,91167Q100,6103,18.970000
20190731,20190710,91167Q100,261,19.000000
20190731,20190708,91167Q100,3843,19.000000
20190731,20190705,91167Q100,878,18.700000
20190815,20190730,91167Q100,25747,18.950000
20190815,20190717,91167Q100,10415,19.210000
20190815,20190724,91167Q100,21485,19.000000
20190815,20190731,91167Q100,23696,19.280000
20190815,20190725,91167Q100,16389,18.730000
20190815,20190716,91167Q100,476,19.550000
20190815,20190729,91167Q100,1498,18.800000
20190815,20190718,91167Q100,15320,18.800000
20190815,20190722,91167Q100,8,18.700000
20190815,20190719,91167Q100,33355,18.480000
20190815,20190723,91167Q100,26026,18.780000
20190815,20190715,91167Q100,342,19.740000
20190815,20190726,91167Q100,26788,18.730000
20190831,20190807,91167Q100,989,17.570000
20190831,20190814,91167Q100,36837,18.240000
20190831,20190802,91167Q100,36006,18.180000
20190831,20190812,91167Q100,10739,17.420000
20190831,20190813,91167Q100,42377,17.410000
20190831,20190806,91167Q100,28240,17.810000
20190831,20190808,91167Q100,14618,17.050000
20190831,20190801,91167Q100,62224,19.140000
20190831,20190805,91167Q100,29953,18.250000
20190831,20190809,91167Q100,26975,17.140000
20190915,20190816,91167Q100,85149,17.350000
20190915,20190823,91167Q100,5045,17.850000
20190915,20190827,91167Q100,15897,17.480000
20190915,20190815,91167Q100,87414,17.640000
20190915,20190830,91167Q100,4140,18.120000
20190915,20190822,91167Q100,2807,17.990000
20190915,20190828,91167Q100,741,17.700000
20190915,20190826,91167Q100,34,17.560000
20190915,20190819,91167Q100,400,17.460000
20190930,20190906,91167Q100,302,18.250000
20190930,20190913,91167Q100,1874,17.840000
20190930,20190904,91167Q100,27,17.360000
20190930,20190909,91167Q100,268243,18.460000
20191015,20190923,91167Q100,123,19.410000
20191015,20190927,91167Q100,2482,18.830000
20191015,20190918,91167Q100,377,19.250000
20191015,20190920,91167Q100,422,19.380000
20191015,20190919,91167Q100,50891,19.060000
20191015,20190917,91167Q100,97,20.420000
20191015,20190924,91167Q100,1462,19.350000
20191031,20191009,91167Q100,164,17.680000
20191031,20191004,91167Q100,5769,17.610000
20191031,20191003,91167Q100,500,17.580000
20191031,20191002,91167Q100,9286,17.990000
20191031,20191008,91167Q100,170,17.840000
20191031,20191010,91167Q100,1230,17.810000
20191031,20191011,91167Q100,5360,18.110000
20191031,20191007,91167Q100,3969,17.840000
20191115,20191018,91167Q100,658,18.300000
20191115,20191022,91167Q100,1958,18.060000
20191115,20191029,91167Q100,30085,18.840000
20191115,20191030,91167Q100,95,18.800000
20191115,20191021,91167Q100,99,18.120000
20191115,20191015,91167Q100,3033,18.100000
20191115,20191017,91167Q100,1440,18.150000
20191130,20191112,91167Q100,202,19.120000
20191130,20191101,91167Q100,1309,18.290000
20191130,20191105,91167Q100,2429,19.110000
20191130,20191107,91167Q100,5076,19.020000
20191215,20191115,91167Q100,1649,19.180000
20191215,20191118,91167Q100,2614,19.470000
20191215,20191120,91167Q100,1119,18.720000
20191215,20191127,91167Q100,4254,19.740000
20191231,20191205,91167Q100,16471,19.660000
20191231,20191213,91167Q100,5266,20.090000
20191231,20191203,91167Q100,1166,19.000000
20191231,20191204,91167Q100,3322,19.040000
20200115,20191220,91167Q100,90,20.770000
20200131,20200114,91167Q100,14641,20.400000
20200131,20200113,91167Q100,16491,20.610000
20200131,20200103,91167Q100,1439,20.970000
20200131,20200107,91167Q100,2446,21.680000
20200215,20200128,91167Q100,179,18.700000
20200215,20200115,91167Q100,36112,20.460000
20200215,20200116,91167Q100,19761,20.330000
20200215,20200124,91167Q100,2618,19.660000
20200531,20200508,91167Q100,1102,7.680000
20200531,20200507,91167Q100,14,7.880000
20200531,20200513,91167Q100,413,7.870000
20200531,20200505,91167Q100,4531,7.370000
20200531,20200506,91167Q100,215,8.210000
20200531,20200512,91167Q100,2302,7.940000
20200615,20200522,91167Q100,114335,9.540000
20200615,20200529,91167Q100,63660,9.370000
20200615,20200518,91167Q100,38052,8.630000
20200615,20200528,91167Q100,3595,9.270000
20200615,20200520,91167Q100,154131,9.140000
20200615,20200526,91167Q100,574,9.320000
20200615,20200527,91167Q100,1612,9.560000
20200615,20200521,91167Q100,74910,9.470000
20200615,20200519,91167Q100,70567,9.280000
20200630,20200602,91167Q100,57622,10.080000
20200630,20200604,91167Q100,98199,10.310000
20200630,20200612,91167Q100,3796,9.990000
20200630,20200609,91167Q100,343,10.670000
20200630,20200605,91167Q100,13864,10.390000
20200630,20200603,91167Q100,27488,10.370000
20200630,20200608,91167Q100,10243,11.010000
20200630,20200601,91167Q100,21568,9.780000
20200715,20200629,91167Q100,2000,10.590000
20200715,20200619,91167Q100,258,10.810000
20200715,20200622,91167Q100,2239,10.970000
20200715,20200617,91167Q100,2748,10.670000
20200715,20200618,91167Q100,930,10.570000
20200715,20200623,91167Q100,1170,11.230000
20200715,20200625,91167Q100,5705,10.550000
20200715,20200624,91167Q100,1000,11.110000
20200715,20200626,91167Q100,7940,10.810000
20200715,20200615,91167Q100,14416,10.150000
20200715,20200630,91167Q100,930,10.900000
20200731,20200707,91167Q100,2054,11.220000
20200731,20200710,91167Q100,325,11.020000
20200731,20200702,91167Q100,5884,10.940000
20200731,20200706,91167Q100,3,11.160000
20200731,20200701,91167Q100,45,10.790000
20200815,20200723,91167Q100,6087,11.560000
20200815,20200720,91167Q100,1755,11.250000
20200815,20200728,91167Q100,25445,11.400000
20200815,20200715,91167Q100,2221,11.180000
20200815,20200717,91167Q100,1930,11.300000
20200815,20200721,91167Q100,3180,11.260000
20200815,20200727,91167Q100,46559,11.350000
20200815,20200730,91167Q100,2950,11.450000
20200815,20200724,91167Q100,1585,11.390000
20200815,20200716,91167Q100,3681,11.380000
20200815,20200722,91167Q100,8406,11.530000
20200815,20200731,91167Q100,3253,11.270000
20200831,20200803,91167Q100,66851,11.320000
20200831,20200812,91167Q100,14416,11.530000
20200831,20200813,91167Q100,9693,11.750000
20200831,20200807,91167Q100,4530,11.720000
20200831,20200804,91167Q100,820,11.390000
20200831,20200810,91167Q100,47,11.590000
20200831,20200805,91167Q100,218,11.500000
20200831,20200814,91167Q100,443,11.700000
20200831,20200811,91167Q100,70750,11.670000
20200831,20200806,91167Q100,6924,11.710000
20200915,20200826,91167Q100,2602,11.880000
20200915,20200821,91167Q100,24,11.670000
20200915,20200818,91167Q100,3162,11.750000
20200915,20200827,91167Q100,6364,11.830000
20200915,20200819,91167Q100,2967,11.710000
20200915,20200825,91167Q100,24172,11.670000
20200915,20200817,91167Q100,7677,11.640000
20200915,20200828,91167Q100,2684,11.680000
20200915,20200824,91167Q100,44155,11.500000
20200930,20200910,91167Q100,576,10.430000
20200930,20200903,91167Q100,1841,11.380000
20200930,20200901,91167Q100,8280,11.670000
20200930,20200902,91167Q100,300,11.710000
20200930,20200914,91167Q100,8439,10.240000
20201015,20200918,91167Q100,62712,11.080000
20201015,20200930,91167Q100,9542,10.450000
20201015,20200928,91167Q100,4479,10.690000
20201015,20200915,91167Q100,2727,10.160000
20201015,20200916,91167Q100,5071,10.400000
20201015,20200922,91167Q100,261,10.690000
20201015,20200921,91167Q100,10290,11.010000
20201015,20200917,91167Q100,5545,10.830000
20201015,20200923,91167Q100,1666,10.670000
20201031,20201013,91167Q100,4022,10.570000
20201031,20201001,91167Q100,22891,10.650000
20201031,20201005,91167Q100,2357,9.910000
20201031,20201008,91167Q100,4706,10.650000
20201031,20201007,91167Q100,4074,10.660000
20201115,20201021,91167Q100,4314,10.840000
20201115,20201019,91167Q100,4021,10.810000
20201115,20201023,91167Q100,16963,10.730000
20201115,20201026,91167Q100,862,10.530000
20201115,20201029,91167Q100,678,9.930000
20201115,20201016,91167Q100,4670,10.920000
20201130,20201102,91167Q100,11483,9.480000
20201130,20201113,91167Q100,6154,10.870000
20201130,20201105,91167Q100,4980,10.300000
20201130,20201112,91167Q100,991,10.990000
20201215,20201123,91167Q100,393,11.260000
20201215,20201130,91167Q100,4499,12.020000
20201215,20201116,91167Q100,820,10.720000
20201215,20201118,91167Q100,74,10.980000
20201215,20201124,91167Q100,25000,11.420000
20201231,20201204,91167Q100,122110,12.160000
20201231,20201202,91167Q100,5409,11.820000
20201231,20201203,91167Q100,4691,12.000000
20201231,20201209,91167Q100,2063,12.210000
20210115,20201228,91167Q100,100,12.790000
20210115,20201221,91167Q100,17564,13.020000
20210115,20201217,91167Q100,1499,12.740000
20210115,20201223,91167Q100,3408,12.480000
20210115,20201222,91167Q100,8297,12.680000
20210115,20201229,91167Q100,100,12.690000
20210131,20210111,91167Q100,798,13.980000
20210131,20210104,91167Q100,487,12.880000
20210131,20210112,91167Q100,570,13.820000
20210131,20210113,91167Q100,277345,14.080000
20210131,20210114,91167Q100,299431,13.950000
20210131,20210107,91167Q100,2204,13.460000
20210215,20210121,91167Q100,3174,13.900000
20210215,20210129,91167Q100,498,13.720000
20210215,20210119,91167Q100,315466,13.680000
20210215,20210128,91167Q100,658,13.790000
20210215,20210115,91167Q100,325388,14.030000
20210215,20210120,91167Q100,302460,13.910000
20210228,20210210,91167Q100,3109,15.250000
20210228,20210201,91167Q100,31,13.740000
20210228,20210204,91167Q100,8166,14.560000
20210228,20210209,91167Q100,6591,15.120000
20210228,20210203,91167Q100,2125,14.340000
20210315,20210226,91167Q100,7817,16.600000
20210315,20210222,91167Q100,203916,15.590000
20210315,20210219,91167Q100,75,15.780000
20210315,20210224,91167Q100,1650,16.340000
20210315,20210225,91167Q100,7903,16.670000
20210315,20210216,91167Q100,12907,15.600000
20210315,20210217,91167Q100,98,15.810000
20210315,20210223,91167Q100,8136,16.190000
20210331,20210312,91167Q100,11008,17.550000
20210331,20210308,91167Q100,15,17.500000
20210331,20210301,91167Q100,500,16.200000
20210331,20210303,91167Q100,436,15.730000
20210331,20210305,91167Q100,2780,16.900000
20210415,20210325,91167Q100,8504,16.140000
20210415,20210323,91167Q100,97,16.230000
20210415,20210315,91167Q100,8466,17.430000
20210415,20210330,91167Q100,9862,16.400000
20210415,20210322,91167Q100,36999,16.260000
20210415,20210329,91167Q100,6077,16.260000
20210415,20210318,91167Q100,6483,17.130000
20210415,20210317,91167Q100,807,17.190000
20210415,20210326,91167Q100,15975,15.570000
20210415,20210316,91167Q100,950,17.340000
20210430,20210406,91167Q100,4550,15.710000
20210430,20210407,91167Q100,36849,15.850000
20210430,20210409,91167Q100,320,15.970000
20210515,20210428,91167Q100,14347,16.840000
20210515,20210423,91167Q100,33326,16.530000
20210515,20210422,91167Q100,7518,16.390000
20210515,20210427,91167Q100,45953,16.560000
20210515,20210430,91167Q100,77,17.290000
20210515,20210419,91167Q100,31711,16.850000
20210515,20210415,91167Q100,8976,16.760000
20210515,20210429,91167Q100,5944,16.960000
20210515,20210420,91167Q100,2309,16.930000
20210531,20210504,91167Q100,23977,17.180000
20210531,20210514,91167Q100,1500,17.040000
20210531,20210511,91167Q100,25,17.370000
20210531,20210505,91167Q100,87,17.550000
20210531,20210507,91167Q100,200,17.350000
20210531,20210512,91167Q100,4987,17.460000
20210531,20210513,91167Q100,4524,17.580000
20210615,20210519,91167Q100,13147,17.500000
20210615,20210517,91167Q100,12682,17.470000
20210615,20210521,91167Q100,47622,16.600000
20210615,20210525,91167Q100,76442,17.460000
20210615,20210524,91167Q100,203059,17.000000
20210615,20210526,91167Q100,790,17.420000
20210615,20210520,91167Q100,14318,16.990000
20210630,20210609,91167Q100,8661,18.470000
20210630,20210611,91167Q100,2369,18.470000
20210630,20210601,91167Q100,11101,17.610000
20210630,20210602,91167Q100,23459,17.990000
20210630,20210603,91167Q100,8552,18.190000
20210630,20210608,91167Q100,15250,18.240000
20210715,20210624,91167Q100,11227,19.250000
20210715,20210621,91167Q100,1358,18.720000
20210715,20210615,91167Q100,20502,18.640000
20210715,20210630,91167Q100,16142,19.240000
20210715,20210623,91167Q100,144963,19.110000
20210715,20210617,91167Q100,12924,18.890000
20210731,20210714,91167Q100,9581,19.710000
20210731,20210701,91167Q100,6117,19.250000
20210731,20210709,91167Q100,1388,19.150000
20210731,20210713,91167Q100,383,19.400000
20210731,20210708,91167Q100,13301,18.830000
20210815,20210729,91167Q100,1373,19.130000
20210815,20210716,91167Q100,3620,18.880000
20210815,20210719,91167Q100,11972,18.880000
20210815,20210721,91167Q100,2794,17.910000
20210815,20210730,91167Q100,3667,19.490000
20210815,20210728,91167Q100,4748,19.120000
20210815,20210726,91167Q100,5909,19.080000
20210815,20210723,91167Q100,125,18.950000
20210831,20210809,91167Q100,208487,18.330000
20210831,20210804,91167Q100,46020,18.820000
20210831,20210810,91167Q100,118713,17.970000
20210831,20210812,91167Q100,767,18.570000
20210831,20210805,91167Q100,126017,18.220000
20210831,20210806,91167Q100,256894,18.530000
20210831,20210803,91167Q100,5121,18.960000
20210831,20210811,91167Q100,19579,18.380000
20210831,20210813,91167Q100,769,18.480000
20210915,20210817,91167Q100,927,18.080000
20210915,20210816,91167Q100,3992,18.220000
20210915,20210818,91167Q100,16004,17.950000
20210915,20210824,91167Q100,6476,17.810000
20210915,20210820,91167Q100,1,17.360000
20210915,20210830,91167Q100,5265,18.720000
20210915,20210819,91167Q100,2224,17.580000
20210915,20210823,91167Q100,9461,16.870000
20210930,20210908,91167Q100,272,18.680000
20210930,20210909,91167Q100,131,18.970000
20210930,20210902,91167Q100,7102,18.620000
20210930,20210914,91167Q100,2318,19.240000
20210930,20210901,91167Q100,1,18.690000
20210930,20210910,91167Q100,1167,18.610000
20210930,20210903,91167Q100,1,19.010000
20211015,20210917,91167Q100,2713,19.750000
20211015,20210915,91167Q100,10316,19.210000
20211015,20210930,91167Q100,100,20.500000
20211015,20210920,91167Q100,8665,19.670000
20211015,20210929,91167Q100,772,20.510000
20211015,20210923,91167Q100,436,19.800000
20211015,20210922,91167Q100,4629,19.450000
20211015,20210921,91167Q100,90967,19.420000
20211015,20210928,91167Q100,8526,20.760000
20211015,20210924,91167Q100,12079,20.150000
20211031,20211008,91167Q100,660,21.750000
20211031,20211012,91167Q100,3077,22.020000
20211031,20211004,91167Q100,10406,20.890000
20211031,20211006,91167Q100,1020,21.860000
20211031,20211005,91167Q100,12193,21.430000
20211031,20211001,91167Q100,3727,20.640000
20211031,20211013,91167Q100,7681,21.970000
20211115,20211015,91167Q100,423,22.180000
20211115,20211029,91167Q100,20909,22.300000
20211115,20211020,91167Q100,23475,22.400000
20211115,20211021,91167Q100,1333,22.620000
20211115,20211027,91167Q100,4660,22.760000
20211115,20211018,91167Q100,5869,22.350000
20211115,20211026,91167Q100,1392,22.570000
20211115,20211028,91167Q100,334,22.160000
20211115,20211019,91167Q100,36171,22.180000
20211115,20211022,91167Q100,13670,22.340000
20211130,20211103,91167Q100,70530,22.470000
20211130,20211105,91167Q100,283820,21.430000
20211130,20211101,91167Q100,16783,22.250000
20211130,20211112,91167Q100,4710,21.920000
20211130,20211102,91167Q100,53239,22.470000
20211130,20211108,91167Q100,1315,21.980000
20211130,20211104,91167Q100,81588,21.580000
20211130,20211110,91167Q100,57,22.540000
20211130,20211109,91167Q100,3377,22.220000
20211215,20211118,91167Q100,16424,21.400000
20211215,20211130,91167Q100,71797,19.540000
20211215,20211116,91167Q100,1965,21.790000
20211215,20211129,91167Q100,34,19.430000
20211231,20211210,91167Q100,6371,19.840000
20211231,20211203,91167Q100,12459,18.790000
20211231,20211214,91167Q100,88,19.960000
20211231,20211209,91167Q100,6660,20.400000
20211231,20211207,91167Q100,1756,19.730000
20211231,20211213,91167Q100,1289,20.230000
20211231,20211202,91167Q100,13822,18.370000
20220115,20211230,91167Q100,595,21.240000
20220115,20211222,91167Q100,1205,19.920000
20220115,20211216,91167Q100,12280,19.980000
20220115,20211228,91167Q100,500,21.020000
20220115,20211215,91167Q100,11442,19.690000
20220115,20211220,91167Q100,14229,19.650000
20220115,20211221,91167Q100,28904,19.300000
20220115,20211231,91167Q100,2753,21.200000
20220115,20211229,91167Q100,500,21.110000
20220115,20211223,91167Q100,7080,20.260000
20220115,20211227,91167Q100,27529,20.570000
20220131,20220113,91167Q100,5674,22.700000
20220131,20220114,91167Q100,521,22.490000
20220131,20220111,91167Q100,12291,21.710000
20220131,20220106,91167Q100,435,21.480000
20220131,20220107,91167Q100,854,21.970000
20220131,20220112,91167Q100,48493,22.450000
20220131,20220110,91167Q100,6848,21.960000
20220215,20220126,91167Q100,41719,23.550000
20220215,20220131,91167Q100,3951,24.050000
20220215,20220128,91167Q100,3757,23.930000
20220215,20220118,91167Q100,244,23.170000
20220215,20220124,91167Q100,17578,23.500000
20220215,20220121,91167Q100,9710,23.420000
20220228,20220207,91167Q100,13491,25.200000
20220228,20220209,91167Q100,9505,24.620000
20220228,20220211,91167Q100,5749,24.720000
20220228,20220210,91167Q100,3777,24.820000
20220315,20220222,91167Q100,11559,25.320000
20220315,20220217,91167Q100,23158,24.850000
20220315,20220218,91167Q100,1702,25.130000
20220315,20220225,91167Q100,8768,26.510000
20220315,20220223,91167Q100,3663,25.830000
20220315,20220228,91167Q100,5007,26.280000
20220315,20220215,91167Q100,60118,25.960000
20220315,20220224,91167Q100,19279,26.050000
20220331,20220307,91167Q100,23365,32.770000
20220331,20220304,91167Q100,32930,30.670000
20220331,20220311,91167Q100,5,30.420000
20220331,20220309,91167Q100,10232,35.700000
20220331,20220308,91167Q100,50850,34.160000
20220331,20220302,91167Q100,42199,29.370000
20220331,20220301,91167Q100,498,27.160000
20220331,20220310,91167Q100,173265,31.220000
20220415,20220324,91167Q100,35121,33.480000
20220415,20220321,91167Q100,11244,29.770000
20220415,20220331,91167Q100,10812,31.540000
20220415,20220317,91167Q100,37,27.040000
20220415,20220328,91167Q100,14,33.150000
20220415,20220329,91167Q100,37471,30.390000
20220415,20220325,91167Q100,23658,32.620000
20220415,20220322,91167Q100,300,32.180000
20220430,20220413,91167Q100,4298,29.820000
20220430,20220408,91167Q100,6335,28.850000
20220430,20220404,91167Q100,14374,29.790000
20220430,20220414,91167Q100,1700,31.010000
20220430,20220405,91167Q100,15883,30.710000
20220430,20220407,91167Q100,4733,29.050000
20220430,20220412,91167Q100,2060,28.220000
20220515,20220419,91167Q100,16084,32.220000
20220515,20220422,91167Q100,13635,30.930000
20220515,20220428,91167Q100,7664,30.070000
20220515,20220420,91167Q100,11757,30.620000
20220515,20220418,91167Q100,30,31.700000
20220515,20220426,91167Q100,7489,29.430000
20220515,20220429,91167Q100,5022,30.770000
20220531,20220512,91167Q100,496172,30.660000
20220531,20220511,91167Q100,88482,29.260000
20220531,20220513,91167Q100,384797,30.990000
20220531,20220503,91167Q100,9483,31.030000
20220531,20220502,91167Q100,10,30.550000
20220531,20220509,91167Q100,6456,32.410000
20220615,20220517,91167Q100,5861,32.770000
20220615,20220520,91167Q100,1000,31.860000
20220615,20220531,91167Q100,9983,33.770000
20220615,20220523,91167Q100,11040,32.280000
20220615,20220524,91167Q100,4222,32.390000
20220615,20220516,91167Q100,24178,31.950000
20220615,20220526,91167Q100,2617,32.590000
20220615,20220518,91167Q100,10967,31.920000
20220615,20220527,91167Q100,11702,33.320000
20220615,20220519,91167Q100,9288,31.290000
20220630,20220606,91167Q100,33124,35.430000
20220630,20220608,91167Q100,2522,35.390000
20220630,20220607,91167Q100,13046,34.880000
20220630,20220602,91167Q100,40090,33.890000
20220630,20220613,91167Q100,1008,35.620000
20220630,20220609,91167Q100,4189,36.290000
20220630,20220610,91167Q100,11882,35.940000
20220715,20220627,91167Q100,1960,32.650000
20220715,20220622,91167Q100,12865,33.450000
20220715,20220621,91167Q100,7214,33.120000
20220715,20220616,91167Q100,2813,34.670000
20220715,20220629,91167Q100,1305,34.070000
20220715,20220630,91167Q100,7932,33.480000
20220715,20220617,91167Q100,3523,34.830000
20220731,20220708,91167Q100,12,31.210000
20220731,20220711,91167Q100,200,32.040000
20220731,20220713,91167Q100,15173,29.710000
20220731,20220707,91167Q100,7999,30.120000
20220731,20220714,91167Q100,8619,29.730000
20220731,20220705,91167Q100,5557,33.340000
20220815,20220727,91167Q100,1873,31.000000
20220815,20220718,91167Q100,7981,30.270000
20220815,20220715,91167Q100,10685,29.840000
20220815,20220725,91167Q100,18430,30.700000
20220815,20220721,91167Q100,4822,31.930000
20220815,20220720,91167Q100,4755,32.150000
20220815,20220726,91167Q100,5781,31.310000
20220831,20220802,91167Q100,3780,31.160000
20220831,20220805,91167Q100,1250,29.360000
20220831,20220801,91167Q100,16261,32.380000
20220831,20220803,91167Q100,797,31.320000
20220831,20220808,91167Q100,159100,29.490000
20220831,20220809,91167Q100,2507,30.160000
20220915,20220824,91167Q100,2069,31.210000
20220915,20220826,91167Q100,4645,31.230000
20220915,20220818,91167Q100,619,29.170000
20220915,20220830,91167Q100,5763,32.390000
20220915,20220817,91167Q100,3229,28.850000
20220915,20220819,91167Q100,18,30.200000
20220915,20220815,91167Q100,1573,30.660000
20220915,20220822,91167Q100,11991,30.070000
20220930,20220907,91167Q100,46237,29.160000
20220930,20220909,91167Q100,590,27.910000
20220930,20220906,91167Q100,3993,29.300000
20220930,20220913,91167Q100,177,29.650000
20220930,20220908,91167Q100,23000,27.670000
20220930,20220901,91167Q100,5965,29.960000
20221015,20220930,91167Q100,9203,27.950000
20221015,20220916,91167Q100,2098,28.680000
20221015,20220927,91167Q100,3736,26.480000
20221015,20220915,91167Q100,13410,29.740000
20221015,20220929,91167Q100,17842,28.140000
20221015,20220928,91167Q100,2585,27.140000
20221015,20220920,91167Q100,2275,28.960000
20221031,20221004,91167Q100,1765,28.390000
20221031,20221014,91167Q100,9648,30.300000
20221031,20221013,91167Q100,9922,29.590000
20221031,20221006,91167Q100,1403,29.960000
20221031,20221005,91167Q100,592,29.340000
20221115,20221017,91167Q100,10909,29.380000
20221115,20221020,91167Q100,152,29.440000
20221115,20221025,91167Q100,700,29.810000
20221115,20221021,91167Q100,449,29.590000
20221115,20221028,91167Q100,8965,30.990000
20221115,20221027,91167Q100,783,30.680000
20221130,20221108,91167Q100,8282,32.040000
20221130,20221109,91167Q100,9579,31.210000
20221130,20221102,91167Q100,2397,30.880000
20221130,20221101,91167Q100,4095,30.190000
20221130,20221107,91167Q100,968,32.210000
20221130,20221114,91167Q100,10343,31.320000
20221130,20221104,91167Q100,3815,30.860000
20221215,20221121,91167Q100,2,28.810000
20221215,20221123,91167Q100,29225,28.960000
20221215,20221125,91167Q100,23000,27.850000
20221215,20221129,91167Q100,2066,27.540000
20221215,20221122,91167Q100,2660,28.660000
20221215,20221117,91167Q100,1198,30.240000
20221215,20221128,91167Q100,1201,27.740000
20221231,20221206,91167Q100,338,27.380000
20221231,20221209,91167Q100,4381,25.090000
20221231,20221201,91167Q100,504,28.670000
20221231,20221212,91167Q100,6509,25.250000
20221231,20221213,91167Q100,5846,25.810000
20221231,20221208,91167Q100,3579,25.560000
20221231,20221202,91167Q100,54062,28.640000
20230115,20221227,91167Q100,772,27.820000
20230115,20221223,91167Q100,43,27.020000
20230115,20221230,91167Q100,1301,27.520000
20230115,20221222,91167Q100,9267,27.200000
20230131,20230103,91167Q100,8604,28.280000
20230131,20230113,91167Q100,283,27.630000
20230131,20230111,91167Q100,2340,26.310000
20230131,20230105,91167Q100,1012,25.690000
20230131,20230112,91167Q100,1920,27.280000
20230131,20230104,91167Q100,3588,27.130000
20230215,20230125,91167Q100,75606,28.380000
20230215,20230123,91167Q100,2045,28.870000
20230215,20230124,91167Q100,250,28.950000
20230215,20230119,91167Q100,41691,27.930000
20230215,20230126,91167Q100,2143,28.450000
20230215,20230118,91167Q100,3517,28.540000
20230215,20230131,91167Q100,10736,27.770000
20230215,20230117,91167Q100,149,28.110000
20230215,20230130,91167Q100,607,28.320000
20230215,20230120,91167Q100,1,28.400000
20230228,20230210,91167Q100,322,27.720000
20230228,20230214,91167Q100,74825,28.340000
20230228,20230207,91167Q100,432,26.790000
20230228,20230213,91167Q100,36886,28.520000
20230228,20230208,91167Q100,3200,27.630000
20230228,20230206,91167Q100,636,26.250000
20230228,20230201,91167Q100,2860,28.160000
20230315,20230222,91167Q100,14400,27.320000
20230315,20230221,91167Q100,63,27.350000
20230315,20230228,91167Q100,298,27.160000
20230315,20230227,91167Q100,41,27.480000
20230315,20230215,91167Q100,117,28.250000
20230315,20230224,91167Q100,1112,27.200000
20230331,20230308,91167Q100,2177,27.560000
20230331,20230303,91167Q100,7557,28.020000
20230331,20230307,91167Q100,409,28.630000
20230331,20230309,91167Q100,878,27.330000
20230331,20230313,91167Q100,213,27.410000
20230415,20230316,91167Q100,2145,24.630000
20230415,20230329,91167Q100,176,26.090000
20230415,20230328,91167Q100,1460,25.890000
20230415,20230323,91167Q100,122,25.170000
20230415,20230327,91167Q100,1485,24.840000
20230415,20230321,91167Q100,267818,24.490000
20230430,20230410,91167Q100,37,28.330000
20230430,20230414,91167Q100,333,28.780000
20230430,20230404,91167Q100,2,28.310000
20230430,20230406,91167Q100,9177,28.280000
20230430,20230405,91167Q100,1494,28.260000
20230430,20230413,91167Q100,710,29.090000
20230515,20230428,91167Q100,362,26.260000
20230515,20230418,91167Q100,885,28.320000
20230515,20230421,91167Q100,1510,27.050000
20230515,20230417,91167Q100,19107,28.860000
20230515,20230427,91167Q100,497,26.070000
20230515,20230426,91167Q100,864,27.010000
20230515,20230420,91167Q100,1025,27.720000
20230515,20230419,91167Q100,14,28.270000
20230531,20230504,91167Q100,2035,24.150000
20230531,20230503,91167Q100,45,25.270000
20230531,20230512,91167Q100,5505,25.380000
20230531,20230501,91167Q100,34005,26.940000
20230531,20230502,91167Q100,1695,26.650000
20230615,20230526,91167Q100,1136,25.680000
20230615,20230519,91167Q100,136,25.560000
20230615,20230530,91167Q100,8338,25.990000
20230615,20230515,91167Q100,5097,24.940000
20230615,20230523,91167Q100,2568,25.560000
20230615,20230525,91167Q100,5417,26.270000
20230615,20230531,91167Q100,2370,24.960000
20230630,20230602,91167Q100,167560,25.040000
20230630,20230605,91167Q100,362,25.760000
20230630,20230601,91167Q100,430,24.390000
20230630,20230606,91167Q100,13629,25.780000
20230630,20230609,91167Q100,2646,25.530000
20230630,20230608,91167Q100,2373,25.960000
20230715,20230621,91167Q100,1000,25.670000
20230715,20230630,91167Q100,58438,25.180000
20230715,20230629,91167Q100,80854,24.960000
20230715,20230616,91167Q100,403,25.530000
20230715,20230623,91167Q100,2218,25.080000
20230715,20230627,91167Q100,16,25.180000
20230731,20230706,91167Q100,26771,25.940000
20230731,20230705,91167Q100,24583,25.420000
20230731,20230711,91167Q100,2066,26.340000
20230731,20230707,91167Q100,6358,25.900000
20230731,20230710,91167Q100,36,26.480000
20230731,20230712,91167Q100,181,26.890000
20230731,20230714,91167Q100,2138,27.660000
20230731,20230703,91167Q100,19774,25.470000
20230815,20230721,91167Q100,12680,26.990000
20230815,20230717,91167Q100,182,26.990000
20230815,20230720,91167Q100,2163,26.910000
20230815,20230728,91167Q100,44,28.340000
20230815,20230725,91167Q100,1817,28.060000
20230815,20230726,91167Q100,637,28.250000
20230815,20230719,91167Q100,65,26.990000
20230815,20230724,91167Q100,4357,27.380000
20230831,20230802,91167Q100,326,28.930000
20230831,20230811,91167Q100,497,29.380000
20230831,20230803,91167Q100,54,28.370000
20230831,20230814,91167Q100,4499,29.490000
20230831,20230801,91167Q100,1298,29.040000
20230915,20230824,91167Q100,1239,28.270000
20230915,20230822,91167Q100,1249,28.760000
20230915,20230825,91167Q100,4896,28.320000
20230915,20230831,91167Q100,7492,29.190000
20230915,20230815,91167Q100,4520,29.350000
20230915,20230830,91167Q100,1311,29.060000
20230915,20230818,91167Q100,5,28.520000
20230915,20230828,91167Q100,5352,28.800000
20230915,20230816,91167Q100,7297,28.890000
20230915,20230829,91167Q100,2284,28.720000
20230930,20230908,91167Q100,156,30.880000
20230930,20230912,91167Q100,3652,31.070000
20230930,20230914,91167Q100,2415,31.610000
20230930,20230905,91167Q100,2536,30.440000
20230930,20230911,91167Q100,3852,31.030000
20230930,20230901,91167Q100,3174,29.720000
20230930,20230907,91167Q100,5888,31.140000
20230930,20230906,91167Q100,56784,30.870000
20231015,20230926,91167Q100,520,31.990000
20231015,20230927,91167Q100,11563,32.170000
20231015,20230915,91167Q100,2676,32.220000
20231015,20230929,91167Q100,10207,32.370000
20231015,20230922,91167Q100,46,32.010000
20231015,20230925,91167Q100,907,32.050000
20231015,20230921,91167Q100,232,31.970000
20231031,20231006,91167Q100,484,29.290000
20231031,20231010,91167Q100,34793,30.690000
20231031,20231012,91167Q100,15231,30.060000
20231031,20231011,91167Q100,4877,30.480000
20231031,20231002,91167Q100,72,32.070000
20231031,20231013,91167Q100,112279,30.110000
20231031,20231003,91167Q100,2630,31.500000
20231031,20231004,91167Q100,2766,31.720000
20231115,20231023,91167Q100,1583,32.170000
20231115,20231016,91167Q100,8,31.670000
20231115,20231027,91167Q100,997,30.900000
20231115,20231019,91167Q100,11804,31.840000
20231115,20231031,91167Q100,323,30.680000
20231115,20231025,91167Q100,104,30.820000
20231115,20231024,91167Q100,368,31.540000
20231115,20231020,91167Q100,6668,32.510000
20231130,20231101,91167Q100,308602,30.200000
20231130,20231109,91167Q100,909,28.270000
20231130,20231102,91167Q100,194895,30.080000
20231130,20231107,91167Q100,49,30.190000
20231130,20231106,91167Q100,1329,30.190000
20231130,20231103,91167Q100,95,30.700000
20231215,20231130,91167Q100,36,29.360000
20231215,20231115,91167Q100,420,29.250000
20231215,20231122,91167Q100,261,29.290000
20231215,20231127,91167Q100,899,28.700000
20231215,20231120,91167Q100,237,28.530000
20231215,20231117,91167Q100,232,27.470000
20231231,20231208,91167Q100,44553,26.470000
20231231,20231205,91167Q100,140,27.800000
20231231,20231201,91167Q100,36,28.430000
20231231,20231204,91167Q100,876,28.050000
20231231,20231207,91167Q100,12504,26.410000
20231231,20231213,91167Q100,515,26.090000
20240115,20231219,91167Q100,273,27.790000
20240115,20231226,91167Q100,2634,28.010000
20240115,20231222,91167Q100,500,28.130000
20240115,20231227,91167Q100,81,28.610000
20240115,20231221,91167Q100,4338,28.090000
20240115,20231228,91167Q100,19332,28.190000
20240115,20231215,91167Q100,154,27.300000
20240131,20240108,91167Q100,49,28.050000
20240131,20240111,91167Q100,2792,27.300000
20240131,20240112,91167Q100,1067,27.700000
20240131,20240110,91167Q100,3732,27.570000
20240215,20240117,91167Q100,7197,27.700000
20240215,20240125,91167Q100,1334,28.670000
20240215,20240124,91167Q100,1769,28.410000
20240215,20240130,91167Q100,31,29.410000
20240215,20240126,91167Q100,1081,29.340000
20240215,20240123,91167Q100,1136,28.460000
20240215,20240131,91167Q100,828,29.580000
20240215,20240122,91167Q100,115,28.080000
20240215,20240118,91167Q100,3752,27.800000
20240229,20240213,91167Q100,1596,29.490000
20240229,20240202,91167Q100,717,28.240000
20240229,20240214,91167Q100,10925,29.690000
20240315,20240226,91167Q100,10,29.360000
20240315,20240229,91167Q100,10,29.810000
20240315,20240220,91167Q100,1,29.930000
20240315,20240227,91167Q100,10,29.670000
20240315,20240222,91167Q100,299,29.840000
20240315,20240228,91167Q100,89,29.930000
20240331,20240311,91167Q100,55,29.800000
20240331,20240301,91167Q100,167,29.730000
20240331,20240314,91167Q100,29,30.580000
20240331,20240305,91167Q100,20,30.100000
20240331,20240304,91167Q100,48,30.290000
20240331,20240306,91167Q100,20,29.830000
20240331,20240312,91167Q100,13,29.970000
20240331,20240307,91167Q100,4499,30.120000
20240415,20240315,91167Q100,38,31.000000
20240415,20240321,91167Q100,57,31.400000
20240415,20240322,91167Q100,103,31.270000
20240415,20240326,91167Q100,12325,31.600000
20240415,20240325,91167Q100,59,31.190000
20240415,20240320,91167Q100,4108,31.800000
20240430,20240408,91167Q100,55,33.430000
20240430,20240402,91167Q100,41,32.190000
20240430,20240401,91167Q100,45,31.910000
20240430,20240410,91167Q100,279,32.910000
20240430,20240409,91167Q100,129,33.280000
20240515,20240429,91167Q100,28,32.730000
20240515,20240417,91167Q100,768,33.110000
20240515,20240423,91167Q100,80709,32.000000
20240515,20240422,91167Q100,490,32.070000
20240515,20240425,91167Q100,210,32.360000
20240515,20240424,91167Q100,27,32.430000
20240531,20240502,91167Q100,1404,31.020000
20240531,20240503,91167Q100,1349,31.100000
20240531,20240508,91167Q100,84,30.940000
20240531,20240510,91167Q100,146,31.320000
20240615,20240520,91167Q100,4017,31.250000
20240615,20240516,91167Q100,2386,30.880000
20240615,20240531,91167Q100,1,30.650000
20240615,20240517,91167Q100,3692,31.020000
20240630,20240612,91167Q100,10180,30.650000
20240630,20240607,91167Q100,110,29.900000
20240630,20240603,91167Q100,10,30.420000
20240630,20240610,91167Q100,180,29.720000
20240630,20240606,91167Q100,100,29.360000
20240630,20240605,91167Q100,175,29.010000
20240715,20240628,91167Q100,1093,32.290000
20240715,20240626,91167Q100,9827,31.870000
20240715,20240618,91167Q100,704,31.600000
20240715,20240627,91167Q100,8705,31.870000
20240715,20240624,91167Q100,22450,31.860000
20240715,20240620,91167Q100,610,31.940000
20240715,20240621,91167Q100,668,32.110000
20240715,20240625,91167Q100,11160,32.240000
20240731,20240703,91167Q100,18985,32.740000
20240731,20240709,91167Q100,2268,32.460000
20240731,20240708,91167Q100,6377,32.810000
20240731,20240710,91167Q100,18906,32.120000
20240731,20240702,91167Q100,25,32.860000
20240731,20240705,91167Q100,79,32.810000
20240731,20240711,91167Q100,100100,32.340000
20240731,20240712,91167Q100,54045,32.510000
20240815,20240725,91167Q100,134,31.010000
20240815,20240722,91167Q100,46,31.410000
20240815,20240715,91167Q100,12886,32.230000
20240815,20240716,91167Q100,9064,32.170000
20240815,20240731,91167Q100,105000,30.160000
20240815,20240717,91167Q100,5067,31.770000
20240815,20240726,91167Q100,544,31.270000
20240815,20240730,91167Q100,132490,30.410000
20240831,20240807,91167Q100,10938,29.370000
20240831,20240801,91167Q100,117084,31.300000
20240831,20240805,91167Q100,3251,29.730000
20240831,20240806,91167Q100,88784,29.690000
20240831,20240812,91167Q100,21,30.710000
20240915,20240820,91167Q100,6,30.010000
20240915,20240821,91167Q100,4777,29.790000
20240915,20240826,91167Q100,2536,30.380000
20240915,20240816,91167Q100,7430,31.170000
20240915,20240815,91167Q100,4833,30.770000
20240915,20240823,91167Q100,6029,29.710000
20240915,20240830,91167Q100,9402,30.710000
20240915,20240822,91167Q100,2197,29.370000
20240915,20240819,91167Q100,874,30.750000
20240930,20240906,91167Q100,92,28.310000
20240930,20240904,91167Q100,5621,28.720000
20240930,20240912,91167Q100,48,27.460000
20240930,20240911,91167Q100,29,27.120000
20240930,20240910,91167Q100,1900,27.930000
20240930,20240903,91167Q100,3599,29.950000
20241015,20240918,91167Q100,1289,28.790000
20241015,20240925,91167Q100,6869,29.350000
20241015,20240927,91167Q100,176,27.870000
20241015,20240930,91167Q100,1496,28.360000
20241015,20240916,91167Q100,1504,28.120000
20241015,20240919,91167Q100,1263,28.400000
20241015,20240917,91167Q100,2790,28.450000
20241031,20241008,91167Q100,4287,32.010000
20241031,20241007,91167Q100,3828,30.830000
20241031,20241009,91167Q100,738,30.590000
20241031,20241004,91167Q100,12271,30.670000
20241031,20241011,91167Q100,8760,31.340000
20241031,20241010,91167Q100,217,30.300000
20241031,20241002,91167Q100,3852,29.190000
20241115,20241021,91167Q100,135,28.960000
20241115,20241023,91167Q100,2127,29.950000
20241115,20241022,91167Q100,2388,29.290000
20241115,20241017,91167Q100,798,29.370000
20241115,20241018,91167Q100,182,29.450000
20241115,20241024,91167Q100,26,29.750000
20241115,20241031,91167Q100,1907,28.830000
20241115,20241016,91167Q100,1443,29.450000
20241115,20241029,91167Q100,725,28.460000
20241130,20241107,91167Q100,2,29.950000
20241130,20241105,91167Q100,208,29.980000
20241130,20241108,91167Q100,181,30.020000
20241215,20241127,91167Q100,776,28.900000
20241215,20241129,91167Q100,2005,28.960000
20241215,20241122,91167Q100,5263,29.570000
20241215,20241119,91167Q100,6583,29.220000
20241215,20241120,91167Q100,19,29.260000
20241231,20241210,91167Q100,165,28.830000
20241231,20241204,91167Q100,2121,29.500000
20241231,20241202,91167Q100,1500,29.000000
20241231,20241212,91167Q100,28640,29.500000
20241231,20241203,91167Q100,2121,28.770000
20250115,20241223,91167Q100,7752,29.280000
20250115,20241224,91167Q100,61936,29.270000
20250115,20241219,91167Q100,99,29.200000
20250115,20241231,91167Q100,7413,29.920000
20250115,20241227,91167Q100,52,29.350000
20250115,20241218,91167Q100,930,29.400000
20250115,20241217,91167Q100,21143,29.610000
20250115,20241230,91167Q100,112,29.630000
20250115,20241226,91167Q100,164848,29.470000
20250115,20241220,91167Q100,1966,29.090000
20250131,20250114,91167Q100,611,32.680000
20250131,20250108,91167Q100,290,31.150000
20250131,20250102,91167Q100,2276,29.950000
20250215,20250127,91167Q100,528,31.710000
20250215,20250124,91167Q100,1108,31.580000
20250215,20250116,91167Q100,162389,33.350000
20250215,20250129,91167Q100,5003,31.340000
20250215,20250123,91167Q100,185,31.970000
20250215,20250121,91167Q100,685202,32.650000
20250215,20250117,91167Q100,94703,32.890000
20250215,20250115,91167Q100,2483,32.420000
20250215,20250131,91167Q100,5044,31.080000
20250215,20250128,91167Q100,1265,31.150000
20250215,20250130,91167Q100,5419,31.050000
20250228,20250206,91167Q100,900,30.610000
20250228,20250211,91167Q100,6058,31.170000
20250228,20250210,91167Q100,32468,30.580000
20250228,20250205,91167Q100,37973,31.130000
20250228,20250204,91167Q100,31321,31.060000
20250228,20250207,91167Q100,10841,30.440000
20250228,20250203,91167Q100,30804,31.180000
20250228,20250212,91167Q100,1125,31.560000
20250315,20250224,91167Q100,4743,30.430000
20250315,20250220,91167Q100,3461,31.220000
20250315,20250219,91167Q100,6856,31.070000
20250315,20250218,91167Q100,4580,30.640000
20250315,20250227,91167Q100,123,29.790000
20250315,20250226,91167Q100,6979,29.940000
20250315,20250225,91167Q100,11696,30.640000
20250315,20250221,91167Q100,4850,31.340000
20250315,20250228,91167Q100,32341,30.260000
20250331,20250303,91167Q100,37519,30.160000
20250331,20250306,91167Q100,1328,28.650000
20250331,20250312,91167Q100,61,28.810000
20250331,20250307,91167Q100,5753,28.620000
20250331,20250305,91167Q100,51662,29.330000
20250331,20250313,91167Q100,5623,29.300000
20250331,20250310,91167Q100,20,29.020000
20250331,20250304,91167Q100,52708,29.450000
20250331,20250314,91167Q100,8130,28.840000
20250415,20250326,91167Q100,6600,30.170000
20250415,20250328,91167Q100,3802,30.460000
20250415,20250331,91167Q100,3879,30.180000
20250415,20250321,91167Q100,6959,29.770000
20250415,20250319,91167Q100,9,29.180000
20250415,20250325,91167Q100,14922,30.180000
20250415,20250327,91167Q100,2473,30.430000
20250430,20250404,91167Q100,17931,29.140000
20250430,20250411,91167Q100,47801,26.530000
20250430,20250407,91167Q100,40225,27.600000
20250430,20250408,91167Q100,13917,26.830000
20250430,20250409,91167Q100,38196,25.790000
20250430,20250401,91167Q100,3279,31.110000
20250430,20250414,91167Q100,23916,26.970000
20250430,20250410,91167Q100,38865,27.310000
20250515,20250417,91167Q100,7633,27.560000
20250515,20250415,91167Q100,28269,27.110000
20250515,20250424,91167Q100,60694,27.590000
20250515,20250428,91167Q100,306,27.900000
20250515,20250423,91167Q100,80521,28.080000
20250515,20250422,91167Q100,23422,27.810000
20250515,20250416,91167Q100,3887,27.040000
20250515,20250421,91167Q100,52552,28.190000
20250515,20250425,91167Q100,427,27.740000
20250531,20250508,91167Q100,20,25.890000
20250531,20250509,91167Q100,20,26.670000
20250531,20250501,91167Q100,23525,25.830000
20250531,20250502,91167Q100,33756,26.210000
20250615,20250528,91167Q100,260,27.270000
20250615,20250521,91167Q100,2401,27.830000
20250615,20250519,91167Q100,1200,27.670000
20250615,20250520,91167Q100,37,27.780000
20250630,20250610,91167Q100,944,28.740000
20250630,20250613,91167Q100,1100,29.840000
20250630,20250609,91167Q100,3071,28.520000
20250630,20250612,91167Q100,4811,29.810000
20250715,20250627,91167Q100,16908,29.310000
20250715,20250623,91167Q100,5326,33.120000
20250715,20250620,91167Q100,409,32.740000
20250715,20250630,91167Q100,8665,29.110000
20250715,20250618,91167Q100,1175,32.760000
20250715,20250616,91167Q100,15283,31.860000
20250715,20250625,91167Q100,187,29.210000
20250731,20250709,91167Q100,183,30.750000
20250731,20250703,91167Q100,2699,30.200000
20250731,20250711,91167Q100,687,30.200000
20250731,20250707,91167Q100,46080,30.080000
20250731,20250702,91167Q100,1064,29.510000
20250731,20250710,91167Q100,219,30.720000
20250731,20250708,91167Q100,198,30.520000
20250815,20250716,91167Q100,249,30.200000
20250815,20250723,91167Q100,304,30.210000
20250815,20250717,91167Q100,623,30.160000
20250815,20250722,91167Q100,1354,30.320000
20250815,20250724,91167Q100,99,30.220000
20250815,20250715,91167Q100,1800,30.340000
20250815,20250718,91167Q100,92,30.520000
20250831,20250804,91167Q100,16,30.940000
20250831,20250805,91167Q100,146,30.510000
20250831,20250807,91167Q100,861,29.660000
20250915,20250815,91167Q100,975,29.820000
20250915,20250822,91167Q100,980,30.110000
20250915,20250829,91167Q100,24653,30.430000
20250915,20250818,91167Q100,393,29.450000
20250915,20250826,91167Q100,149382,30.650000
20250915,20250825,91167Q100,121285,30.260000
20250915,20250828,91167Q100,14777,30.200000
20250915,20250827,91167Q100,257,30.010000
20250930,20250902,91167Q100,49,30.320000
20250930,20250905,91167Q100,76624,30.070000
20250930,20250909,91167Q100,3215,29.730000
20250930,20250904,91167Q100,69004,30.380000
20250930,20250903,91167Q100,32755,31.100000
20250930,20250908,91167Q100,163,29.540000
20251015,20250925,91167Q100,432,31.010000
20251015,20250915,91167Q100,1451,30.070000
20251015,20250926,91167Q100,44056,31.250000
20251015,20250922,91167Q100,54,29.960000
20251031,20251007,91167Q100,56104,29.790000
20251031,20251009,91167Q100,12760,30.070000
20251031,20251014,91167Q100,50,28.870000
20251031,20251002,91167Q100,82823,29.770000
20251031,20251008,91167Q100,2558,29.900000
20251031,20251006,91167Q100,35391,29.280000
20251031,20251001,91167Q100,74704,30.050000
20251031,20251003,91167Q100,81986,29.200000
20251115,20251015,91167Q100,24855,28.250000
20251115,20251027,91167Q100,2504,29.790000
20251115,20251017,91167Q100,31293,27.780000
20251115,20251020,91167Q100,29978,27.870000
20251115,20251029,91167Q100,1256,29.080000
20251115,20251016,91167Q100,34011,28.250000
20251115,20251031,91167Q100,13799,29.250000
