20170715,20170622,02079K107,59,959.450000
20170715,20170626,02079K107,720,965.590000
20170715,20170621,02079K107,82,950.630000
20170715,20170628,02079K107,188,927.330000
20170715,20170629,02079K107,49,940.490000
20170731,20170705,02079K107,75,898.700000
20170731,20170712,02079K107,575,930.090000
20170731,20170703,02079K107,807,908.730000
20170815,20170731,02079K107,80,941.530000
20170815,20170724,02079K107,337,972.920000
20170815,20170728,02079K107,686,934.090000
20170815,20170721,02079K107,29,968.150000
20170815,20170727,02079K107,25,947.800000
20170815,20170720,02079K107,8514,970.890000
20170831,20170802,02079K107,289,930.830000
20170831,20170809,02079K107,9220,926.790000
20170831,20170814,02079K107,460,914.390000
20170831,20170803,02079K107,5057,930.390000
20170831,20170807,02079K107,33393,927.960000
20170915,20170818,02079K107,38,910.980000
20170915,20170825,02079K107,100,921.280000
20170915,20170815,02079K107,2422,922.670000
20170915,20170824,02079K107,8,927.000000
20170915,20170817,02079K107,1279,926.960000
20170915,20170823,02079K107,128,924.690000
20170915,20170822,02079K107,50,906.660000
20170930,20170913,02079K107,5096,932.070000
20170930,20170914,02079K107,1179,935.090000
20170930,20170905,02079K107,76434,937.340000
20170930,20170906,02079K107,76237,928.450000
20171015,20170926,02079K107,91,920.970000
20171015,20170918,02079K107,221,920.290000
20171015,20170921,02079K107,229,931.580000
20171015,20170922,02079K107,3172,932.450000
20171015,20170920,02079K107,4450,921.810000
20171015,20170915,02079K107,1877,925.110000
20171015,20170919,02079K107,456,915.000000
20171015,20170925,02079K107,220,928.530000
20171031,20171006,02079K107,156,969.960000
20171031,20171013,02079K107,58,987.830000
20171031,20171003,02079K107,110,953.270000
20171031,20171005,02079K107,9185,951.680000
20171031,20171004,02079K107,43,957.790000
20171031,20171010,02079K107,132,977.000000
20171031,20171011,02079K107,18,972.600000
20171115,20171024,02079K107,1250,968.450000
20171115,20171018,02079K107,129,992.180000
20171115,20171019,02079K107,222,992.810000
20171115,20171020,02079K107,1,984.450000
20171115,20171023,02079K107,146,988.200000
20171115,20171026,02079K107,700,973.330000
20171115,20171027,02079K107,461,972.560000
20171115,20171031,02079K107,95,1017.110000
20171115,20171030,02079K107,461,1019.270000
20171130,20171102,02079K107,286,1025.500000
20171130,20171108,02079K107,393,1033.330000
20171130,20171103,02079K107,70,1025.580000
20171130,20171114,02079K107,144,1025.750000
20171130,20171107,02079K107,407,1025.900000
20171130,20171101,02079K107,443,1016.640000
20171215,20171117,02079K107,31,1032.500000
20171215,20171120,02079K107,56,1019.090000
20171215,20171121,02079K107,560,1018.380000
20171215,20171122,02079K107,252,1034.490000
20171215,20171124,02079K107,4306,1035.960000
20171215,20171128,02079K107,526,1054.210000
20171231,20171201,02079K107,1688,1021.410000
20171231,20171206,02079K107,1,1005.150000
20171231,20171212,02079K107,1619,1041.100000
20171231,20171213,02079K107,523,1040.480000
20171231,20171211,02079K107,375,1037.050000
20171231,20171207,02079K107,44,1018.380000
20180115,20171219,02079K107,38,1077.140000
20180115,20171222,02079K107,12,1063.630000
20180115,20171220,02079K107,220,1070.680000
20180115,20171218,02079K107,1,1064.190000
20180115,20171227,02079K107,4761,1056.740000
20180131,20180104,02079K107,61,1082.480000
20180131,20180108,02079K107,233,1102.230000
20180131,20180102,02079K107,137,1046.400000
20180131,20180112,02079K107,594,1105.520000
20180131,20180105,02079K107,44,1086.400000
20180215,20180125,02079K107,5017,1164.240000
20180215,20180129,02079K107,5,1175.840000
20180215,20180130,02079K107,313,1175.580000
20180215,20180126,02079K107,4989,1170.370000
20180215,20180117,02079K107,208,1121.760000
20180215,20180122,02079K107,10387,1137.510000
20180215,20180131,02079K107,2161,1163.690000
20180215,20180123,02079K107,52899,1155.810000
20180215,20180124,02079K107,91087,1169.970000
20180228,20180207,02079K107,22406,1080.600000
20180228,20180213,02079K107,223,1051.940000
20180228,20180201,02079K107,300,1169.940000
20180228,20180205,02079K107,400,1111.900000
20180228,20180212,02079K107,17,1037.780000
20180228,20180202,02079K107,31,1167.700000
20180228,20180214,02079K107,15,1052.100000
20180228,20180206,02079K107,59340,1055.800000
20180315,20180228,02079K107,33585,1118.290000
20180315,20180223,02079K107,15,1106.630000
20180315,20180216,02079K107,4311,1089.520000
20180315,20180222,02079K107,550,1111.340000
20180315,20180226,02079K107,4127,1126.790000
20180315,20180215,02079K107,4177,1069.700000
20180315,20180220,02079K107,3719,1094.800000
20180331,20180307,02079K107,1545,1095.060000
20180331,20180313,02079K107,735,1164.500000
20180331,20180301,02079K107,19,1104.730000
20180331,20180312,02079K107,955,1160.040000
20180331,20180314,02079K107,10,1138.170000
20180415,20180329,02079K107,1,1004.560000
20180415,20180321,02079K107,1106,1097.710000
20180415,20180323,02079K107,2097,1049.080000
20180415,20180315,02079K107,172,1149.490000
20180415,20180327,02079K107,1521,1053.210000
20180415,20180328,02079K107,141,1005.100000
20180415,20180316,02079K107,5,1149.580000
20180415,20180319,02079K107,500,1135.730000
20180415,20180320,02079K107,12667,1099.820000
20180430,20180413,02079K107,1456,1032.510000
20180430,20180404,02079K107,3416,1013.410000
20180430,20180405,02079K107,4,1025.140000
20180430,20180403,02079K107,2899,1006.470000
20180430,20180410,02079K107,991,1015.450000
20180430,20180409,02079K107,17,1007.040000
20180515,20180419,02079K107,120,1072.080000
20180515,20180416,02079K107,1193,1029.270000
20180515,20180430,02079K107,200,1030.050000
20180515,20180427,02079K107,1398,1040.040000
20180515,20180420,02079K107,7,1087.700000
20180515,20180426,02079K107,67677,1021.180000
20180515,20180424,02079K107,11332,1067.450000
20180515,20180425,02079K107,100,1019.980000
20180515,20180423,02079K107,87,1072.960000
20180515,20180418,02079K107,4,1074.160000
20180531,20180502,02079K107,2197,1037.310000
20180531,20180501,02079K107,20,1017.330000
20180531,20180504,02079K107,404,1023.720000
20180531,20180508,02079K107,1700,1054.790000
20180531,20180507,02079K107,455,1048.210000
20180531,20180514,02079K107,827,1098.260000
20180531,20180509,02079K107,5266,1053.910000
20180531,20180511,02079K107,570,1097.570000
20180615,20180522,02079K107,57622,1079.580000
20180615,20180529,02079K107,200,1075.660000
20180615,20180515,02079K107,2435,1100.200000
20180615,20180521,02079K107,1567,1066.360000
20180615,20180525,02079K107,48677,1079.240000
20180615,20180530,02079K107,441,1060.320000
20180615,20180523,02079K107,168,1069.730000
20180615,20180516,02079K107,3523,1079.230000
20180630,20180612,02079K107,1517,1129.990000
20180630,20180607,02079K107,188,1136.880000
20180630,20180611,02079K107,138,1120.870000
20180630,20180605,02079K107,3775,1139.290000
20180630,20180614,02079K107,2935,1134.790000
20180630,20180606,02079K107,1,1139.660000
20180715,20180626,02079K107,366,1124.810000
20180715,20180629,02079K107,2154,1114.220000
20180715,20180618,02079K107,1800,1152.260000
20180715,20180619,02079K107,89939,1173.460000
20180715,20180621,02079K107,122,1169.840000
20180715,20180625,02079K107,6122,1155.480000
20180715,20180622,02079K107,37,1157.660000
20180731,20180705,02079K107,20,1102.890000
20180731,20180710,02079K107,1209,1154.050000
20180731,20180713,02079K107,1623,1183.480000
20180731,20180706,02079K107,340,1124.270000
20180731,20180703,02079K107,20,1127.460000
20180731,20180711,02079K107,514,1152.840000
20180731,20180702,02079K107,1565,1115.650000
20180731,20180709,02079K107,228,1140.170000
20180815,20180717,02079K107,500,1183.860000
20180815,20180718,02079K107,17105,1198.800000
20180815,20180726,02079K107,306,1263.700000
20180815,20180727,02079K107,23,1268.330000
20180815,20180725,02079K107,462,1248.080000
20180815,20180731,02079K107,23,1219.740000
20180815,20180724,02079K107,1105,1205.500000
20180831,20180807,02079K107,1065,1224.770000
20180831,20180813,02079K107,9396,1237.610000
20180831,20180801,02079K107,6337,1217.260000
20180831,20180810,02079K107,11481,1249.100000
20180915,20180820,02079K107,17,1200.960000
20180915,20180831,02079K107,671,1239.120000
20180915,20180823,02079K107,43,1207.330000
20180915,20180821,02079K107,2564,1207.770000
20180915,20180822,02079K107,12,1201.620000
20180930,20180911,02079K107,119,1164.640000
20180930,20180906,02079K107,8990,1186.480000
20180930,20180904,02079K107,1173,1218.190000
20180930,20180910,02079K107,776,1164.830000
20180930,20180907,02079K107,5547,1171.440000
20180930,20180905,02079K107,1907,1197.000000
20181015,20180918,02079K107,7846,1156.050000
20181015,20180921,02079K107,155183,1186.870000
20181015,20180925,02079K107,3177,1173.370000
20181015,20180927,02079K107,78,1180.490000
20181015,20180924,02079K107,632,1166.090000
20181015,20180926,02079K107,6527,1184.650000
20181031,20181002,02079K107,3138,1195.310000
20181031,20181003,02079K107,1501,1200.110000
20181031,20181004,02079K107,1493,1202.950000
20181031,20181012,02079K107,2618,1079.320000
20181031,20181009,02079K107,485,1148.970000
20181031,20181001,02079K107,12282,1193.470000
20181031,20181010,02079K107,61,1138.820000
20181115,20181025,02079K107,5,1050.710000
20181115,20181026,02079K107,5,1095.570000
20181115,20181023,02079K107,223,1101.160000
20181115,20181024,02079K107,5,1103.690000
20181115,20181019,02079K107,389,1087.970000
20181115,20181029,02079K107,5080,1071.470000
20181130,20181108,02079K107,432,1093.390000
20181130,20181114,02079K107,8913,1036.050000
20181130,20181106,02079K107,100,1040.090000
20181130,20181101,02079K107,460,1076.770000
20181130,20181109,02079K107,13699,1082.400000
20181215,20181123,02079K107,201,1037.610000
20181215,20181128,02079K107,30000,1044.410000
20181215,20181127,02079K107,113,1048.620000
20181215,20181120,02079K107,245,1020.000000
20181215,20181116,02079K107,33944,1064.710000
20181215,20181121,02079K107,11672,1025.760000
20181231,20181210,02079K107,57,1036.580000
20181231,20181206,02079K107,257,1050.820000
20181231,20181204,02079K107,217,1106.430000
20181231,20181203,02079K107,28291,1094.430000
20181231,20181205,02079K107,22,1050.820000
20181231,20181214,02079K107,292,1061.900000
20190115,20181219,02079K107,2238,1028.710000
20190115,20181218,02079K107,5986,1016.530000
20190115,20181224,02079K107,307,979.540000
20190115,20181220,02079K107,823,1023.010000
20190115,20181226,02079K107,19058,976.220000
20190115,20181221,02079K107,675,1009.410000
20190131,20190114,02079K107,348,1057.190000
20190131,20190111,02079K107,963,1070.330000
20190131,20190103,02079K107,34,1045.850000
20190131,20190108,02079K107,794,1068.390000
20190131,20190107,02079K107,750,1070.710000
20190131,20190104,02079K107,488,1016.060000
20190131,20190102,02079K107,3100,1035.610000
20190215,20190123,02079K107,150971,1070.520000
20190215,20190115,02079K107,443,1044.690000
20190215,20190124,02079K107,78076,1075.570000
20190215,20190122,02079K107,361,1098.260000
20190215,20190125,02079K107,50,1073.900000
20190228,20190207,02079K107,31,1115.230000
20190228,20190214,02079K107,1,1120.160000
20190228,20190208,02079K107,1,1098.710000
20190228,20190206,02079K107,81,1145.990000
20190228,20190205,02079K107,11812,1132.800000
20190228,20190204,02079K107,808,1110.750000
20190228,20190213,02079K107,1156,1121.370000
20190228,20190211,02079K107,237,1095.060000
20190315,20190225,02079K107,2261,1110.370000
20190315,20190226,02079K107,300,1109.400000
20190315,20190227,02079K107,301,1115.130000
20190315,20190220,02079K107,981,1118.560000
20190315,20190222,02079K107,386,1096.970000
20190331,20190306,02079K107,2322,1162.030000
20190331,20190305,02079K107,4231,1147.800000
20190331,20190308,02079K107,1029,1143.300000
20190331,20190314,02079K107,1714,1193.320000
20190331,20190312,02079K107,200,1175.760000
20190331,20190304,02079K107,44,1140.990000
20190331,20190313,02079K107,129,1193.200000
20190331,20190311,02079K107,3037,1142.320000
20190415,20190326,02079K107,1875,1193.000000
20190415,20190320,02079K107,15113,1198.850000
20190415,20190322,02079K107,1171,1231.540000
20190415,20190319,02079K107,1131,1184.260000
20190415,20190329,02079K107,346,1168.490000
20190415,20190321,02079K107,614,1223.970000
20190430,20190401,02079K107,50,1173.310000
20190430,20190404,02079K107,2124,1205.920000
20190430,20190403,02079K107,2123,1200.490000
20190515,20190418,02079K107,28,1236.340000
20190515,20190430,02079K107,68,1287.580000
20190515,20190417,02079K107,875,1227.130000
20190515,20190416,02079K107,1000,1221.100000
20190515,20190426,02079K107,1557,1263.450000
20190515,20190423,02079K107,720,1248.840000
20190515,20190429,02079K107,960,1272.180000
20190531,20190508,02079K107,217,1174.100000
20190531,20190506,02079K107,1000,1185.400000
20190531,20190513,02079K107,450,1164.270000
20190531,20190507,02079K107,200,1189.390000
20190531,20190510,02079K107,5,1162.380000
20190531,20190501,02079K107,65,1188.480000
20190615,20190517,02079K107,299,1178.980000
20190615,20190520,02079K107,5,1162.300000
20190615,20190516,02079K107,58,1164.210000
20190615,20190530,02079K107,2788,1116.460000
20190615,20190523,02079K107,284,1151.420000
20190615,20190528,02079K107,2,1133.470000
20190615,20190515,02079K107,313,1120.440000
20190630,20190603,02079K107,5,1103.630000
20190630,20190606,02079K107,2900,1042.220000
20190630,20190604,02079K107,797,1036.230000
20190630,20190613,02079K107,3844,1077.030000
20190630,20190614,02079K107,152,1088.770000
20190630,20190607,02079K107,32,1044.340000
20190630,20190612,02079K107,154,1078.720000
20190715,20190627,02079K107,7,1079.800000
20190715,20190626,02079K107,10,1086.350000
20190715,20190618,02079K107,2018,1092.500000
20190715,20190621,02079K107,3652,1111.420000
20190715,20190625,02079K107,900,1115.520000
20190715,20190619,02079K107,1680,1103.600000
20190731,20190709,02079K107,1438,1116.350000
20190731,20190702,02079K107,528,1097.950000
20190731,20190705,02079K107,1,1121.580000
20190731,20190710,02079K107,982,1124.830000
20190731,20190708,02079K107,5,1131.590000
20190731,20190703,02079K107,646,1111.250000
20190731,20190711,02079K107,17,1140.480000
20190815,20190715,02079K107,6,1144.900000
20190815,20190719,02079K107,76,1146.330000
20190815,20190716,02079K107,146,1150.340000
20190815,20190717,02079K107,789,1153.580000
20190815,20190731,02079K107,114,1225.140000
20190815,20190718,02079K107,29,1146.350000
20190815,20190730,02079K107,915,1239.410000
20190831,20190802,02079K107,876,1209.010000
20190831,20190813,02079K107,9124,1174.710000
20190831,20190805,02079K107,93,1193.990000
20190831,20190806,02079K107,244,1152.320000
20190831,20190808,02079K107,601,1173.990000
20190831,20190814,02079K107,1926,1197.270000
20190831,20190809,02079K107,718,1204.800000
20190831,20190812,02079K107,5388,1188.010000
20190915,20190828,02079K107,996,1167.840000
20190915,20190815,02079K107,381,1164.290000
20190915,20190821,02079K107,93,1182.690000
20190915,20190822,02079K107,1,1191.250000
20190915,20190827,02079K107,2715,1168.890000
20190915,20190819,02079K107,567,1177.600000
20190915,20190826,02079K107,36,1151.290000
20190930,20190910,02079K107,1482,1204.410000
20190930,20190913,02079K107,24,1234.250000
20190930,20190903,02079K107,1,1188.100000
20190930,20190912,02079K107,30,1220.170000
20190930,20190909,02079K107,20,1204.930000
20191015,20190923,02079K107,579,1229.930000
20191015,20190926,02079K107,1,1246.520000
20191015,20190927,02079K107,988,1241.390000
20191015,20190917,02079K107,300,1231.300000
20191015,20190916,02079K107,73,1239.560000
20191015,20190924,02079K107,2855,1234.030000
20191015,20190930,02079K107,1436,1225.090000
20191015,20190920,02079K107,6,1238.710000
20191031,20191009,02079K107,14,1189.130000
20191031,20191010,02079K107,3,1202.310000
20191031,20191001,02079K107,21520,1219.000000
20191031,20191007,02079K107,6,1209.000000
20191031,20191002,02079K107,54,1205.100000
20191031,20191004,02079K107,35899,1187.830000
20191031,20191008,02079K107,100,1207.680000
20191115,20191022,02079K107,523,1246.150000
20191115,20191016,02079K107,8,1243.010000
20191115,20191030,02079K107,3449,1262.620000
20191115,20191018,02079K107,1,1253.070000
20191115,20191021,02079K107,899,1245.490000
20191115,20191025,02079K107,763,1260.990000
20191115,20191015,02079K107,77,1217.140000
20191130,20191112,02079K107,7451,1299.190000
20191130,20191106,02079K107,22,1292.030000
20191130,20191114,02079K107,1020,1298.000000
20191130,20191108,02079K107,9198,1308.860000
20191130,20191104,02079K107,761,1273.740000
20191130,20191105,02079K107,401,1291.370000
20191215,20191118,02079K107,264,1334.870000
20191215,20191122,02079K107,229,1301.350000
20191215,20191119,02079K107,1722,1320.700000
20191215,20191127,02079K107,1039,1313.550000
20191215,20191115,02079K107,173,1311.460000
20191231,20191205,02079K107,4,1320.540000
20191231,20191212,02079K107,2317,1345.020000
20191231,20191204,02079K107,1058,1295.280000
20191231,20191203,02079K107,10,1289.920000
20191231,20191210,02079K107,400,1343.560000
20191231,20191206,02079K107,38,1328.130000
20200115,20191226,02079K107,450,1343.560000
20200115,20191227,02079K107,250,1360.400000
20200115,20191218,02079K107,379,1355.120000
20200115,20191224,02079K107,192,1348.840000
20200115,20191231,02079K107,1502,1336.140000
20200115,20191217,02079K107,5,1361.170000
20200115,20191230,02079K107,463,1351.890000
20200115,20191223,02079K107,3538,1349.590000
20200131,20200103,02079K107,32,1367.370000
20200131,20200109,02079K107,183,1404.320000
20200131,20200113,02079K107,56418,1429.730000
20200131,20200107,02079K107,952,1394.210000
20200131,20200108,02079K107,1,1393.340000
20200131,20200110,02079K107,23800,1419.830000
20200131,20200114,02079K107,2512,1439.230000
20200215,20200129,02079K107,1185,1452.560000
20200215,20200122,02079K107,14611,1484.400000
20200215,20200115,02079K107,57033,1430.880000
20200215,20200117,02079K107,44209,1451.700000
20200215,20200131,02079K107,3635,1455.840000
20200215,20200124,02079K107,2793,1486.650000
20200215,20200123,02079K107,607,1485.950000
20200215,20200121,02079K107,2453,1480.390000
20200531,20200505,02079K107,29,1326.800000
20200531,20200507,02079K107,1,1347.300000
20200531,20200501,02079K107,96,1348.660000
20200531,20200506,02079K107,30,1351.110000
20200531,20200513,02079K107,662,1375.740000
20200531,20200512,02079K107,3,1403.260000
20200615,20200527,02079K107,4,1417.020000
20200615,20200519,02079K107,637,1383.940000
20200615,20200521,02079K107,19,1406.720000
20200615,20200528,02079K107,65,1417.840000
20200630,20200603,02079K107,2307,1439.220000
20200630,20200604,02079K107,67,1436.380000
20200630,20200602,02079K107,1000,1431.820000
20200630,20200608,02079K107,7,1438.390000
20200630,20200609,02079K107,100,1446.610000
20200630,20200601,02079K107,24,1428.920000
20200715,20200623,02079K107,200,1451.860000
20200715,20200619,02079K107,1798,1435.960000
20200715,20200615,02079K107,331,1413.180000
20200715,20200617,02079K107,1467,1442.720000
20200715,20200618,02079K107,3364,1451.120000
20200715,20200616,02079K107,2963,1419.850000
20200715,20200625,02079K107,1,1431.970000
20200731,20200701,02079K107,8,1413.610000
20200731,20200707,02079K107,806,1495.700000
20200731,20200710,02079K107,4,1510.990000
20200731,20200708,02079K107,176,1485.180000
20200731,20200714,02079K107,4429,1511.340000
20200731,20200713,02079K107,81,1541.740000
20200731,20200709,02079K107,1320,1496.000000
20200815,20200722,02079K107,155,1558.420000
20200815,20200729,02079K107,51,1500.340000
20200815,20200721,02079K107,100,1565.720000
20200815,20200723,02079K107,520,1568.490000
20200815,20200728,02079K107,4,1530.200000
20200815,20200724,02079K107,583,1515.680000
20200815,20200720,02079K107,31,1515.550000
20200815,20200731,02079K107,325,1531.450000
20200831,20200812,02079K107,60,1480.320000
20200831,20200803,02079K107,992,1482.960000
20200915,20200818,02079K107,199,1517.980000
20200915,20200824,02079K107,204,1580.420000
20200915,20200819,02079K107,28,1558.600000
20200915,20200831,02079K107,119,1644.410000
20200915,20200825,02079K107,682,1588.200000
20200915,20200821,02079K107,501,1581.750000
20200930,20200914,02079K107,411,1520.720000
20200930,20200911,02079K107,40,1532.020000
20200930,20200908,02079K107,98,1591.040000
20201015,20200916,02079K107,3150,1541.440000
20201015,20200925,02079K107,58,1428.290000
20201015,20200915,02079K107,307,1519.280000
20201015,20200918,02079K107,16545,1495.530000
20201015,20200929,02079K107,20,1464.520000
20201015,20200930,02079K107,73,1469.330000
20201031,20201005,02079K107,56,1458.420000
20201031,20201006,02079K107,14965,1486.020000
20201031,20201014,02079K107,21,1571.680000
20201031,20201009,02079K107,157,1485.930000
20201115,20201020,02079K107,70,1534.610000
20201115,20201016,02079K107,129,1559.130000
20201115,20201027,02079K107,2018,1590.450000
20201130,20201113,02079K107,137,1749.840000
20201130,20201103,02079K107,100,1626.030000
20201130,20201112,02079K107,3860,1752.710000
20201130,20201110,02079K107,990,1763.000000
20201215,20201117,02079K107,9,1781.380000
20201215,20201124,02079K107,3348,1734.860000
20201215,20201118,02079K107,44,1770.150000
20201215,20201130,02079K107,1012,1793.190000
20201215,20201119,02079K107,1,1746.780000
20201215,20201127,02079K107,371,1771.430000
20201215,20201125,02079K107,380,1768.880000
20201231,20201208,02079K107,1100,1819.480000
20201231,20201209,02079K107,341,1818.550000
20201231,20201204,02079K107,4940,1826.770000
20201231,20201214,02079K107,564,1781.770000
20201231,20201201,02079K107,1370,1760.740000
20201231,20201202,02079K107,280,1798.100000
20201231,20201210,02079K107,531,1784.130000
20210115,20201221,02079K107,1776,1731.010000
20210115,20201222,02079K107,53,1739.370000
20210115,20201228,02079K107,218,1738.850000
20210115,20201217,02079K107,159,1763.000000
20210115,20201230,02079K107,9134,1758.720000
20210131,20210104,02079K107,5,1751.880000
20210131,20210114,02079K107,6178,1754.400000
20210131,20210107,02079K107,13,1735.290000
20210131,20210112,02079K107,3316,1766.720000
20210131,20210105,02079K107,100,1728.240000
20210131,20210108,02079K107,297,1787.250000
20210215,20210119,02079K107,11969,1736.190000
20210215,20210115,02079K107,4742,1740.180000
20210215,20210126,02079K107,771,1899.400000
20210215,20210121,02079K107,1,1886.900000
20210215,20210129,02079K107,18917,1863.110000
20210215,20210125,02079K107,1268,1901.050000
20210228,20210204,02079K107,346,2070.070000
20210228,20210208,02079K107,4,2098.000000
20210228,20210201,02079K107,1252,1835.740000
20210228,20210209,02079K107,63,2092.910000
20210228,20210211,02079K107,1541,2095.380000
20210315,20210216,02079K107,1915,2104.110000
20210315,20210223,02079K107,50094,2064.880000
20210315,20210226,02079K107,891,2031.360000
20210315,20210225,02079K107,80,2095.170000
20210315,20210217,02079K107,200,2121.900000
20210315,20210222,02079K107,99,2101.140000
20210315,20210218,02079K107,18,2128.310000
20210315,20210219,02079K107,1,2117.200000
20210331,20210309,02079K107,500,2024.170000
20210331,20210301,02079K107,1553,2036.860000
20210331,20210308,02079K107,6522,2108.540000
20210331,20210304,02079K107,4189,2026.710000
20210331,20210302,02079K107,477,2081.510000
20210331,20210312,02079K107,1951,2114.770000
20210415,20210315,02079K107,1634,2061.920000
20210415,20210330,02079K107,88,2055.950000
20210415,20210329,02079K107,11967,2035.550000
20210430,20210409,02079K107,49,2265.440000
20210430,20210408,02079K107,133,2249.680000
20210430,20210406,02079K107,4622,2225.550000
20210430,20210413,02079K107,307,2254.790000
20210430,20210412,02079K107,941,2285.880000
20210430,20210414,02079K107,3930,2267.270000
20210430,20210407,02079K107,2460,2224.750000
20210515,20210426,02079K107,63,2315.300000
20210515,20210421,02079K107,44,2293.630000
20210515,20210427,02079K107,143,2326.740000
20210515,20210422,02079K107,112,2293.290000
20210515,20210423,02079K107,3,2267.920000
20210515,20210420,02079K107,138154,2302.400000
20210531,20210507,02079K107,1,2381.350000
20210531,20210513,02079K107,240,2239.080000
20210531,20210514,02079K107,26462,2261.970000
20210531,20210504,02079K107,584,2395.170000
20210531,20210511,02079K107,171,2341.660000
20210615,20210525,02079K107,79,2406.670000
20210615,20210519,02079K107,215,2303.430000
20210615,20210518,02079K107,104,2321.410000
20210615,20210527,02079K107,233,2433.530000
20210615,20210521,02079K107,1986,2356.090000
20210615,20210528,02079K107,154,2402.510000
20210615,20210520,02079K107,64,2308.710000
20210615,20210524,02079K107,218,2345.100000
20210630,20210604,02079K107,3771,2404.610000
20210630,20210610,02079K107,2692,2491.400000
20210630,20210609,02079K107,430,2482.850000
20210630,20210602,02079K107,200,2429.810000
20210630,20210607,02079K107,496,2451.760000
20210630,20210601,02079K107,78,2411.560000
20210715,20210622,02079K107,650,2529.100000
20210715,20210630,02079K107,2998,2520.370000
20210715,20210623,02079K107,1,2539.990000
20210715,20210615,02079K107,100,2527.040000
20210731,20210708,02079K107,186,2601.550000
20210731,20210709,02079K107,5182,2583.540000
20210731,20210702,02079K107,1580,2527.370000
20210731,20210714,02079K107,68,2619.890000
20210731,20210701,02079K107,2635,2506.320000
20210731,20210707,02079K107,153,2595.420000
20210731,20210713,02079K107,56,2611.280000
20210731,20210712,02079K107,1676,2591.490000
20210815,20210726,02079K107,307,2756.320000
20210815,20210723,02079K107,14,2666.570000
20210815,20210720,02079K107,1000,2585.080000
20210831,20210802,02079K107,1073,2704.420000
20210831,20210806,02079K107,8,2738.800000
20210831,20210811,02079K107,4897,2761.930000
20210915,20210818,02079K107,1243,2746.010000
20210915,20210831,02079K107,593,2909.390000
20210915,20210816,02079K107,10841,2768.120000
20210915,20210830,02079K107,9,2891.010000
20210915,20210817,02079K107,7865,2778.320000
20210930,20210902,02079K107,188,2916.840000
20211015,20210920,02079K107,555,2829.270000
20211015,20210917,02079K107,1,2887.470000
20211031,20211012,02079K107,1402,2776.950000
20211031,20211005,02079K107,1,2675.300000
20211031,20211008,02079K107,524,2783.710000
20211031,20211007,02079K107,10,2747.080000
20211031,20211013,02079K107,274,2734.260000
20211115,20211029,02079K107,100,2922.580000
20211115,20211019,02079K107,618,2859.210000
20211115,20211018,02079K107,9,2833.500000
20211130,20211101,02079K107,714,2965.410000
20211130,20211108,02079K107,7304,2984.820000
20211130,20211102,02079K107,2137,2875.480000
20211130,20211109,02079K107,195,2987.030000
20211130,20211104,02079K107,135,2935.800000
20211130,20211103,02079K107,8,2917.260000
20211130,20211112,02079K107,1078,2934.960000
20211130,20211105,02079K107,44,2973.660000
20211215,20211123,02079K107,95,2941.570000
20211215,20211118,02079K107,182,2981.240000
20211215,20211126,02079K107,2056,2934.350000
20211215,20211115,02079K107,211,2992.910000
20211231,20211207,02079K107,13,2875.930000
20211231,20211201,02079K107,27,2849.040000
20211231,20211214,02079K107,1,2934.090000
20211231,20211206,02079K107,280,2850.410000
20220115,20211215,02079K107,9552,2899.410000
20220115,20211217,02079K107,592,2896.770000
20220115,20211223,02079K107,552,2938.980000
20220115,20211229,02079K107,13,2928.960000
20220115,20211228,02079K107,504,2961.280000
20220115,20211216,02079K107,48,2947.370000
20220115,20211221,02079K107,23,2848.030000
20220131,20220106,02079K107,1606,2753.070000
20220215,20220128,02079K107,106,2582.420000
20220215,20220126,02079K107,272,2534.710000
20220215,20220125,02079K107,9606,2607.440000
20220215,20220131,02079K107,1066,2665.790000
20220215,20220121,02079K107,1,2670.130000
20220228,20220201,02079K107,2734,2713.970000
20220228,20220204,02079K107,13,2853.010000
20220228,20220211,02079K107,6313,2772.050000
20220228,20220209,02079K107,17847,2784.260000
20220228,20220207,02079K107,1,2860.320000
20220228,20220210,02079K107,27621,2829.060000
20220228,20220203,02079K107,1,2960.730000
20220315,20220215,02079K107,349,2706.000000
20220315,20220224,02079K107,274,2551.700000
20220315,20220228,02079K107,2730,2690.390000
20220315,20220225,02079K107,3122,2653.470000
20220331,20220311,02079K107,1,2653.640000
20220331,20220301,02079K107,237,2697.820000
20220415,20220315,02079K107,260,2534.820000
20220415,20220329,02079K107,133,2839.000000
20220415,20220321,02079K107,5,2736.030000
20220415,20220317,02079K107,9293,2673.810000
20220415,20220331,02079K107,2945,2852.890000
20220415,20220322,02079K107,16209,2729.570000
20220415,20220324,02079K107,49,2770.070000
20220430,20220405,02079K107,1208,2872.850000
20220430,20220406,02079K107,4,2821.260000
20220430,20220413,02079K107,841,2567.490000
20220430,20220408,02079K107,128,2729.300000
20220430,20220412,02079K107,1,2595.930000
20220515,20220418,02079K107,453,2545.060000
20220515,20220419,02079K107,17223,2559.220000
20220515,20220428,02079K107,30,2300.410000
20220531,20220504,02079K107,1482,2362.590000
20220531,20220502,02079K107,3254,2299.330000
20220531,20220511,02079K107,240,2291.690000
20220531,20220509,02079K107,36,2313.200000
20220531,20220512,02079K107,11540,2279.220000
20220615,20220526,02079K107,14533,2116.790000
20220615,20220516,02079K107,333,2330.310000
20220615,20220524,02079K107,28698,2233.330000
20220615,20220520,02079K107,2360,2214.910000
20220615,20220517,02079K107,13139,2295.850000
20220615,20220519,02079K107,5466,2248.020000
20220630,20220614,02079K107,100,2137.530000
20220630,20220601,02079K107,2279,2280.780000
20220630,20220603,02079K107,2593,2354.920000
20220630,20220609,02079K107,2552,2344.760000
20220715,20220617,02079K107,4175,2132.720000
20220715,20220615,02079K107,1,2143.880000
20220715,20220623,02079K107,868,2240.680000
20220715,20220616,02079K107,50,2207.810000
20220715,20220622,02079K107,9,2240.300000
20220715,20220628,02079K107,2200,2332.450000
20220715,20220630,02079K107,487,2245.130000
20220731,20220713,02079K107,4647,2296.990000
20220731,20220706,02079K107,10932,2277.740000
20220731,20220714,02079K107,2190,2243.740000
20220731,20220712,02079K107,1689,2330.450000
20220731,20220707,02079K107,3893,2304.270000
20220815,20220719,02079K107,1537,2198.200000
20220815,20220729,02079K107,19859,114.590000
20220815,20220718,02079K107,390,2255.340000
20220815,20220727,02079K107,100,105.440000
20220815,20220726,02079K107,11026,108.210000
20220815,20220721,02079K107,254309,114.700000
20220815,20220722,02079K107,30237,115.040000
20220815,20220725,02079K107,21114,108.360000
20220815,20220720,02079K107,497980,114.620000
20220831,20220808,02079K107,22,118.220000
20220831,20220803,02079K107,45469,115.900000
20220831,20220805,02079K107,7105,118.870000
20220831,20220801,02079K107,140,116.640000
20220831,20220812,02079K107,16903,119.820000
20220831,20220804,02079K107,400,118.780000
20220831,20220809,02079K107,9989,118.140000
20220831,20220811,02079K107,76447,120.650000
20220831,20220802,02079K107,48531,115.480000
20220915,20220829,02079K107,21283,111.300000
20220915,20220822,02079K107,2613,118.120000
20220915,20220831,02079K107,662,109.910000
20220915,20220823,02079K107,18334,115.070000
20220915,20220815,02079K107,22,122.650000
20220915,20220824,02079K107,8414,114.770000
20220915,20220826,02079K107,1940,117.700000
20220915,20220819,02079K107,165,120.860000
20220915,20220816,02079K107,5987,122.880000
20220915,20220818,02079K107,879,120.320000
20220915,20220830,02079K107,75,110.340000
20220930,20220901,02079K107,9026,109.150000
20220930,20220914,02079K107,35531,105.310000
20220930,20220906,02079K107,1340,108.680000
20220930,20220909,02079K107,20738,109.420000
20220930,20220912,02079K107,146808,111.780000
20220930,20220913,02079K107,104930,111.870000
20220930,20220902,02079K107,2300,110.550000
20221015,20220920,02079K107,120400,103.850000
20221015,20220915,02079K107,1963,105.870000
20221015,20220927,02079K107,2791,98.810000
20221015,20220922,02079K107,225843,100.010000
20221015,20220919,02079K107,5056,103.630000
20221015,20220928,02079K107,9593,98.090000
20221015,20220929,02079K107,154,100.740000
20221015,20220921,02079K107,52840,101.830000
20221015,20220930,02079K107,370734,98.090000
20221031,20221012,02079K107,3482,98.050000
20221031,20221014,02079K107,702,99.710000
20221031,20221007,02079K107,14505,102.240000
20221031,20221011,02079K107,2200,98.710000
20221031,20221005,02079K107,199879,102.410000
20221031,20221006,02079K107,684,102.220000
20221115,20221026,02079K107,410772,104.930000
20221115,20221024,02079K107,8,101.480000
20221115,20221019,02079K107,3505,101.390000
20221115,20221031,02079K107,3529,96.580000
20221115,20221020,02079K107,4107,100.290000
20221115,20221028,02079K107,24189,92.600000
20221130,20221107,02079K107,178368,86.700000
20221130,20221101,02079K107,1126,94.660000
20221130,20221108,02079K107,3225,88.650000
20221130,20221104,02079K107,3550,83.490000
20221130,20221109,02079K107,174814,88.910000
20221215,20221123,02079K107,3075,97.330000
20221215,20221115,02079K107,22465,96.030000
20221215,20221122,02079K107,800,95.830000
20221215,20221128,02079K107,1842,97.600000
20221215,20221121,02079K107,1040,97.800000
20221231,20221209,02079K107,176198,93.950000
20221231,20221205,02079K107,68470,100.830000
20221231,20221213,02079K107,52034,93.560000
20221231,20221208,02079K107,64,95.150000
20221231,20221202,02079K107,151519,101.280000
20221231,20221201,02079K107,190265,101.450000
20221231,20221206,02079K107,798,99.870000
20221231,20221214,02079K107,2309,95.850000
20221231,20221207,02079K107,44,97.310000
20230115,20221223,02079K107,24873,88.260000
20230115,20221227,02079K107,28157,89.810000
20230115,20221229,02079K107,11349,86.460000
20230115,20221215,02079K107,427638,95.310000
20230115,20221220,02079K107,3440,89.150000
20230115,20221222,02079K107,9443,90.250000
20230115,20221216,02079K107,47004,91.200000
20230115,20221221,02079K107,3667,89.630000
20230131,20230104,02079K107,90588,89.700000
20230131,20230110,02079K107,3425,88.800000
20230131,20230113,02079K107,2289,91.910000
20230131,20230106,02079K107,112752,86.770000
20230131,20230109,02079K107,65475,88.160000
20230131,20230105,02079K107,145239,88.710000
20230215,20230118,02079K107,675,92.160000
20230215,20230127,02079K107,121139,99.160000
20230215,20230123,02079K107,2000,99.280000
20230215,20230131,02079K107,6100,97.950000
20230215,20230126,02079K107,5706,96.730000
20230215,20230124,02079K107,364732,101.210000
20230215,20230117,02079K107,14389,92.800000
20230215,20230120,02079K107,24000,93.910000
20230215,20230119,02079K107,3404,91.780000
20230228,20230203,02079K107,1840,108.800000
20230228,20230208,02079K107,9602,108.040000
20230228,20230202,02079K107,10348,101.430000
20230228,20230214,02079K107,147630,95.000000
20230228,20230210,02079K107,532408,95.460000
20230228,20230201,02079K107,11762,99.870000
20230228,20230207,02079K107,2600,103.470000
20230228,20230206,02079K107,38663,105.220000
20230228,20230209,02079K107,29390,100.000000
20230315,20230215,02079K107,15947,94.950000
20230315,20230216,02079K107,9914,97.100000
20230315,20230223,02079K107,3133,91.800000
20230315,20230217,02079K107,732,95.780000
20230315,20230221,02079K107,2,94.590000
20230315,20230227,02079K107,175805,89.350000
20230331,20230313,02079K107,254476,91.010000
20230331,20230301,02079K107,3115,90.300000
20230331,20230307,02079K107,900,95.580000
20230331,20230309,02079K107,850765,94.650000
20230331,20230306,02079K107,3427,94.020000
20230331,20230308,02079K107,413443,94.170000
20230331,20230314,02079K107,30369,91.660000
20230331,20230310,02079K107,486377,92.660000
20230415,20230329,02079K107,162,101.360000
20230415,20230315,02079K107,79815,94.250000
20230415,20230320,02079K107,121763,102.460000
20230415,20230322,02079K107,10984,105.840000
20230415,20230321,02079K107,107069,101.930000
20230415,20230327,02079K107,3100,106.060000
20230415,20230331,02079K107,89545,101.320000
20230415,20230330,02079K107,386,101.900000
20230415,20230324,02079K107,299277,106.260000
20230415,20230316,02079K107,26163,96.550000
20230415,20230323,02079K107,14144,104.220000
20230415,20230317,02079K107,36194,101.070000
20230415,20230328,02079K107,32733,103.060000
20230430,20230412,02079K107,1500,106.120000
20230430,20230411,02079K107,13661,106.950000
20230430,20230406,02079K107,7829,104.950000
20230430,20230410,02079K107,15324,108.900000
20230430,20230403,02079K107,91785,104.000000
20230430,20230405,02079K107,6245,105.120000
20230430,20230414,02079K107,501,108.190000
20230430,20230413,02079K107,11189,105.220000
20230430,20230404,02079K107,13463,104.910000
20230515,20230419,02079K107,79431,105.120000
20230515,20230426,02079K107,27774,104.610000
20230515,20230421,02079K107,44745,105.900000
20230515,20230428,02079K107,36301,108.370000
20230515,20230420,02079K107,397429,105.020000
20230515,20230417,02079K107,25462,109.460000
20230515,20230425,02079K107,7704,106.780000
20230515,20230424,02079K107,4021,105.910000
20230515,20230418,02079K107,36653,106.420000
20230531,20230505,02079K107,4461,105.210000
20230531,20230503,02079K107,3255,105.980000
20230531,20230508,02079K107,1714,106.220000
20230531,20230501,02079K107,2408,108.220000
20230531,20230502,02079K107,3125,107.710000
20230531,20230510,02079K107,1102,107.940000
20230531,20230511,02079K107,12053,112.280000
20230531,20230504,02079K107,5658,106.120000
20230531,20230509,02079K107,3362,108.240000
20230615,20230522,02079K107,3503,123.250000
20230615,20230524,02079K107,11551,123.290000
20230615,20230516,02079K107,41359,116.960000
20230615,20230531,02079K107,9695,124.640000
20230615,20230519,02079K107,3490,123.520000
20230615,20230523,02079K107,84685,125.870000
20230615,20230518,02079K107,15231,121.480000
20230615,20230530,02079K107,1324,125.430000
20230615,20230526,02079K107,6571,124.350000
20230615,20230525,02079K107,22546,121.640000
20230630,20230606,02079K107,4200,126.630000
20230630,20230608,02079K107,12354,122.940000
20230630,20230612,02079K107,2352,122.870000
20230630,20230601,02079K107,3434,123.370000
20230630,20230607,02079K107,15423,127.910000
20230630,20230605,02079K107,3451,125.230000
20230630,20230613,02079K107,3620,124.350000
20230630,20230614,02079K107,8090,124.430000
20230715,20230627,02079K107,3768,119.090000
20230715,20230628,02079K107,381,119.010000
20230715,20230626,02079K107,3767,123.020000
20230715,20230621,02079K107,2000,123.850000
20230715,20230622,02079K107,3289,121.260000
20230715,20230629,02079K107,6355,121.080000
20230715,20230630,02079K107,22003,120.010000
20230715,20230623,02079K107,1946,123.870000
20230715,20230620,02079K107,673,124.060000
20230731,20230713,02079K107,3569,119.620000
20230731,20230706,02079K107,183,122.630000
20230731,20230714,02079K107,72,124.830000
20230731,20230705,02079K107,469,120.560000
20230815,20230731,02079K107,17950,133.010000
20230815,20230725,02079K107,3,121.880000
20230815,20230727,02079K107,3308,129.660000
20230815,20230718,02079K107,7827,125.060000
20230815,20230717,02079K107,1959,125.700000
20230815,20230728,02079K107,5930,129.870000
20230815,20230721,02079K107,45579,119.530000
20230815,20230726,02079K107,3143,122.790000
20230831,20230807,02079K107,3252,128.540000
20230831,20230810,02079K107,1621,130.150000
20230831,20230801,02079K107,26312,133.110000
20230831,20230814,02079K107,664,130.170000
20230831,20230808,02079K107,120489,131.940000
20230831,20230809,02079K107,7555,131.840000
20230831,20230804,02079K107,20,128.770000
20230831,20230803,02079K107,3436,128.640000
20230915,20230815,02079K107,1029,131.830000
20230915,20230822,02079K107,7432,128.930000
20230915,20230829,02079K107,14956,131.790000
20230915,20230828,02079K107,1,130.690000
20230915,20230825,02079K107,17559,130.420000
20230915,20230817,02079K107,3370,129.110000
20230915,20230818,02079K107,203067,130.460000
20230915,20230823,02079K107,57,129.690000
20230930,20230911,02079K107,888,137.200000
20230930,20230912,02079K107,3500,137.740000
20230930,20230908,02079K107,319,136.200000
20230930,20230905,02079K107,339799,136.800000
20230930,20230906,02079K107,57163,136.710000
20230930,20230907,02079K107,1049,135.370000
20231015,20230929,02079K107,2634,133.130000
20231015,20230918,02079K107,1002,138.300000
20231015,20230921,02079K107,200,134.590000
20231015,20230915,02079K107,1014,138.990000
20231015,20230919,02079K107,6110,138.960000
20231015,20230926,02079K107,5178,132.170000
20231031,20231013,02079K107,1568,140.290000
20231031,20231003,02079K107,67000,135.170000
20231031,20231012,02079K107,235301,141.700000
20231031,20231011,02079K107,34303,139.200000
20231031,20231005,02079K107,77061,136.270000
20231115,20231020,02079K107,77001,138.980000
20231115,20231016,02079K107,1235,138.580000
20231115,20231023,02079K107,7807,136.740000
20231115,20231030,02079K107,873,123.400000
20231115,20231017,02079K107,2368,140.490000
20231115,20231024,02079K107,1507,137.900000
20231130,20231113,02079K107,14310,134.060000
20231130,20231114,02079K107,6728,133.640000
20231130,20231109,02079K107,290297,133.260000
20231130,20231110,02079K107,641,131.690000
20231130,20231101,02079K107,6,125.300000
20231130,20231107,02079K107,2200,131.450000
20231215,20231128,02079K107,913,138.050000
20231215,20231115,02079K107,17447,135.430000
20231215,20231124,02079K107,455,140.020000
20231215,20231120,02079K107,2666,136.940000
20231215,20231121,02079K107,155,137.920000
20231215,20231129,02079K107,29020,138.620000
20231231,20231204,02079K107,7295,133.320000
20231231,20231206,02079K107,130,132.390000
20231231,20231212,02079K107,200,134.700000
20231231,20231208,02079K107,3300,138.450000
20231231,20231201,02079K107,35,133.920000
20240115,20231221,02079K107,322,139.660000
20240115,20231218,02079K107,4930,133.840000
20240115,20231229,02079K107,6984,141.280000
20240115,20231220,02079K107,78680,138.100000
20240115,20231219,02079K107,6214,137.190000
20240115,20231227,02079K107,10290,142.820000
20240115,20231226,02079K107,2500,142.720000
20240131,20240110,02079K107,14965,142.560000
20240131,20240109,02079K107,981,140.530000
20240131,20240103,02079K107,2400,139.560000
20240215,20240119,02079K107,28446,144.990000
20240215,20240129,02079K107,39706,153.790000
20240215,20240125,02079K107,195,150.350000
20240215,20240123,02079K107,47745,147.710000
20240215,20240126,02079K107,40651,153.640000
20240215,20240130,02079K107,3472,154.840000
20240215,20240117,02079K107,30,144.080000
20240215,20240124,02079K107,51,148.680000
20240229,20240205,02079K107,111,143.540000
20240229,20240207,02079K107,33829,145.410000
20240229,20240213,02079K107,2360,148.730000
20240229,20240202,02079K107,138,142.710000
20240229,20240208,02079K107,53,146.680000
20240229,20240212,02079K107,16117,150.220000
20240229,20240214,02079K107,78,146.370000
20240229,20240201,02079K107,72,141.800000
20240229,20240209,02079K107,6800,147.220000
20240315,20240227,02079K107,1100,138.750000
20240315,20240229,02079K107,70,137.430000
20240315,20240220,02079K107,53,141.760000
20240331,20240313,02079K107,13,139.620000
20240331,20240308,02079K107,691,135.240000
20240331,20240304,02079K107,42691,138.080000
20240415,20240319,02079K107,3570,148.480000
20240415,20240327,02079K107,155,151.700000
20240415,20240326,02079K107,6255,151.150000
20240415,20240321,02079K107,7633,149.680000
20240415,20240325,02079K107,426,151.770000
20240430,20240404,02079K107,31754,156.370000
20240430,20240401,02079K107,1430,152.260000
20240430,20240405,02079K107,62,151.940000
20240430,20240408,02079K107,21372,153.940000
20240430,20240409,02079K107,22929,156.140000
20240430,20240410,02079K107,52276,158.140000
20240430,20240412,02079K107,1930,160.790000
20240430,20240402,02079K107,5000,156.500000
20240430,20240411,02079K107,369,157.660000
20240515,20240429,02079K107,3945,173.690000
20240515,20240425,02079K107,182,161.100000
20240515,20240423,02079K107,213763,157.950000
20240515,20240415,02079K107,127,159.190000
20240515,20240416,02079K107,3846,156.330000
20240515,20240424,02079K107,5314,159.920000
20240515,20240430,02079K107,10631,167.900000
20240515,20240417,02079K107,10972,156.000000
20240531,20240513,02079K107,34533,170.290000
20240531,20240508,02079K107,600,172.980000
20240531,20240501,02079K107,8602,164.640000
20240531,20240507,02079K107,1927,169.830000
20240531,20240514,02079K107,8058,170.900000
20240531,20240510,02079K107,1,171.580000
20240531,20240509,02079K107,2201,171.160000
20240531,20240506,02079K107,245,168.990000
20240615,20240522,02079K107,1800,179.540000
20240615,20240521,02079K107,132510,178.460000
20240615,20240516,02079K107,711,173.880000
20240615,20240517,02079K107,152,175.430000
20240615,20240520,02079K107,57089,177.290000
20240615,20240515,02079K107,781,171.930000
20240615,20240529,02079K107,2929,178.020000
20240615,20240524,02079K107,235,175.060000
20240630,20240612,02079K107,461,178.190000
20240630,20240611,02079K107,306936,176.630000
20240630,20240610,02079K107,1600,175.950000
20240630,20240606,02079K107,102,177.070000
20240630,20240604,02079K107,1406,174.420000
20240715,20240626,02079K107,138,185.580000
20240715,20240617,02079K107,7723,178.370000
20240715,20240620,02079K107,2699,176.450000
20240715,20240621,02079K107,475,177.710000
20240715,20240628,02079K107,5128,186.860000
20240715,20240624,02079K107,481984,180.260000
20240715,20240627,02079K107,14753,185.370000
20240731,20240701,02079K107,26867,183.420000
20240731,20240712,02079K107,533,187.300000
20240731,20240708,02079K107,375,191.960000
20240731,20240711,02079K107,40,192.660000
20240731,20240703,02079K107,150808,186.610000
20240731,20240710,02079K107,376,190.440000
20240815,20240722,02079K107,1258,179.390000
20240815,20240723,02079K107,645,183.350000
20240815,20240716,02079K107,14663,188.190000
20240815,20240726,02079K107,2238,169.160000
20240815,20240718,02079K107,1152,182.620000
20240815,20240729,02079K107,1,168.680000
20240815,20240730,02079K107,56,171.130000
20240831,20240805,02079K107,800,168.400000
20240831,20240809,02079K107,12476,163.840000
20240831,20240802,02079K107,1,172.450000
20240831,20240812,02079K107,2081,165.390000
20240831,20240806,02079K107,5703,160.640000
20240915,20240823,02079K107,10,165.490000
20240915,20240828,02079K107,45,166.380000
20240915,20240826,02079K107,1178,167.430000
20240915,20240821,02079K107,25,168.960000
20240915,20240820,02079K107,261,168.400000
20240915,20240827,02079K107,1,167.930000
20240915,20240822,02079K107,1088,167.630000
20240930,20240912,02079K107,3789,152.150000
20240930,20240906,02079K107,1600,158.600000
20240930,20240910,02079K107,3579,149.540000
20240930,20240903,02079K107,321355,165.110000
20241015,20240926,02079K107,758,162.990000
20241015,20240918,02079K107,30519,160.280000
20241015,20240923,02079K107,2485,164.640000
20241015,20240924,02079K107,2782,163.070000
20241015,20240930,02079K107,6361,165.290000
20241015,20240916,02079K107,11049,158.370000
20241031,20241001,02079K107,155,167.190000
20241031,20241002,02079K107,670,168.420000
20241031,20241009,02079K107,13852,165.700000
20241031,20241007,02079K107,9200,168.560000
20241115,20241023,02079K107,62033,166.820000
20241115,20241015,02079K107,16569,166.350000
20241115,20241021,02079K107,41742,165.050000
20241115,20241031,02079K107,100,176.140000
20241115,20241025,02079K107,21612,164.530000
20241115,20241024,02079K107,2,164.480000
20241115,20241022,02079K107,65064,165.800000
20241130,20241108,02079K107,4,182.280000
20241130,20241104,02079K107,3859,172.650000
20241130,20241113,02079K107,1454,183.320000
20241130,20241112,02079K107,93567,181.970000
20241215,20241122,02079K107,169733,169.240000
20241215,20241125,02079K107,88524,166.570000
20241215,20241118,02079K107,100,173.890000
20241215,20241126,02079K107,1737,169.430000
20241215,20241129,02079K107,206165,170.820000
20241231,20241203,02079K107,127423,172.980000
20241231,20241206,02079K107,16216,174.310000
20241231,20241202,02079K107,47420,170.490000
20241231,20241209,02079K107,19535,176.490000
20241231,20241211,02079K107,37986,186.530000
20241231,20241205,02079K107,735,176.090000
20250115,20241217,02079K107,2331,198.160000
20250115,20241219,02079K107,11854,190.150000
20250115,20241223,02079K107,4849,192.960000
20250115,20241216,02079K107,89622,191.380000
20250115,20241226,02079K107,1904,197.570000
20250115,20241231,02079K107,2,192.690000
20250115,20241224,02079K107,7205,195.990000
20250131,20250109,02079K107,1024,195.390000
20250131,20250110,02079K107,1024,195.390000
20250131,20250108,02079K107,350,196.710000
20250131,20250103,02079K107,3986,190.630000
20250131,20250106,02079K107,1100,193.130000
20250215,20250116,02079K107,2768,196.980000
20250215,20250127,02079K107,2400,201.900000
20250215,20250115,02079K107,1216,191.050000
20250215,20250123,02079K107,8,200.030000
20250215,20250122,02079K107,23450,199.630000
20250215,20250129,02079K107,2370,197.070000
20250215,20250117,02079K107,2327,194.410000
20250215,20250121,02079K107,48444,197.550000
20250215,20250128,02079K107,657,193.770000
20250228,20250203,02079K107,14803,205.600000
20250228,20250207,02079K107,2500,193.310000
20250228,20250212,02079K107,223,187.070000
20250228,20250213,02079K107,12158,185.430000
20250228,20250206,02079K107,7131,193.300000
20250228,20250210,02079K107,3500,187.140000
20250315,20250227,02079K107,49968,174.700000
20250315,20250226,02079K107,120,177.370000
20250331,20250303,02079K107,4730,172.220000
20250331,20250305,02079K107,200,172.610000
20250331,20250307,02079K107,821,174.210000
20250331,20250304,02079K107,14800,168.660000
20250331,20250311,02079K107,1271,167.810000
20250331,20250310,02079K107,500,175.750000
20250331,20250313,02079K107,80408,169.000000
20250331,20250314,02079K107,40,164.730000
20250415,20250324,02079K107,16086,166.250000
20250415,20250326,02079K107,579,172.790000
20250415,20250328,02079K107,10,164.080000
20250415,20250319,02079K107,20,162.670000
20250415,20250331,02079K107,69,156.060000
20250430,20250401,02079K107,2496,156.230000
20250430,20250410,02079K107,35717,161.060000
20250430,20250414,02079K107,10671,159.400000
20250430,20250403,02079K107,3226,158.860000
20250430,20250407,02079K107,12126,147.740000
20250430,20250404,02079K107,246897,152.630000
20250430,20250409,02079K107,3393,146.580000
20250430,20250408,02079K107,14627,149.240000
20250515,20250429,02079K107,150,162.420000
20250515,20250424,02079K107,100,157.720000
20250515,20250425,02079K107,43926,161.470000
20250515,20250430,02079K107,200,162.060000
20250515,20250423,02079K107,803,153.900000
20250515,20250415,02079K107,58,161.470000
20250515,20250421,02079K107,361094,153.360000
20250515,20250428,02079K107,2787,163.850000
20250531,20250508,02079K107,89677,152.800000
20250531,20250502,02079K107,5,162.790000
20250531,20250512,02079K107,29,154.380000
20250531,20250507,02079K107,24,165.200000
20250531,20250513,02079K107,256,159.580000
20250531,20250501,02079K107,37210,160.890000
20250531,20250509,02079K107,57,155.750000
20250531,20250505,02079K107,4900,165.810000
20250615,20250515,02079K107,680,166.810000
20250615,20250516,02079K107,40,165.400000
20250615,20250519,02079K107,212969,167.430000
20250615,20250529,02079K107,177,173.380000
20250615,20250521,02079K107,480,165.320000
20250615,20250527,02079K107,1,169.590000
20250630,20250606,02079K107,60810,169.810000
20250630,20250602,02079K107,500,172.850000
20250630,20250609,02079K107,3000,174.920000
20250630,20250611,02079K107,1,180.010000
20250630,20250603,02079K107,1,170.370000
20250630,20250613,02079K107,2805,176.970000
20250630,20250610,02079K107,1485,177.630000
20250715,20250624,02079K107,3186,166.010000
20250715,20250616,02079K107,5425,175.880000
20250715,20250630,02079K107,18760,178.270000
20250715,20250625,02079K107,1442,167.740000
20250715,20250618,02079K107,69627,177.230000
20250715,20250627,02079K107,75,174.430000
20250715,20250617,02079K107,83,177.940000
20250715,20250626,02079K107,11168,171.490000
20250715,20250623,02079K107,43,167.730000
20250731,20250711,02079K107,695,178.700000
20250731,20250714,02079K107,59008,181.310000
20250731,20250708,02079K107,113,177.560000
20250731,20250707,02079K107,2554,180.550000
20250815,20250730,02079K107,3723,196.430000
20250815,20250731,02079K107,6073,197.440000
20250815,20250717,02079K107,49408,183.770000
20250815,20250721,02079K107,6900,185.940000
20250815,20250724,02079K107,2696,191.510000
20250815,20250728,02079K107,15767,194.080000
20250815,20250725,02079K107,100,193.200000
20250815,20250729,02079K107,1344,193.420000
20250831,20250811,02079K107,35206,202.090000
20250831,20250814,02079K107,2866,203.030000
20250831,20250804,02079K107,3782,189.950000
20250831,20250801,02079K107,820,192.860000
20250831,20250807,02079K107,103,196.920000
20250915,20250818,02079K107,15848,204.910000
20250915,20250829,02079K107,1,212.370000
20250915,20250827,02079K107,19526,207.950000
20250915,20250825,02079K107,7800,206.720000
20250930,20250912,02079K107,787,240.780000
20250930,20250909,02079K107,1000,234.160000
20250930,20250911,02079K107,25,239.560000
20250930,20250904,02079K107,27806,231.100000
20250930,20250910,02079K107,26,239.940000
20250930,20250902,02079K107,133242,213.530000
20250930,20250908,02079K107,16980,235.170000
20250930,20250905,02079K107,9895,232.660000
20251015,20250916,02079K107,263,251.760000
20251015,20250924,02079K107,66678,252.340000
20251015,20250918,02079K107,545,249.850000
20251015,20250919,02079K107,21513,252.330000
20251015,20250929,02079K107,324,247.180000
20251015,20250925,02079K107,1583,247.830000
20251015,20250915,02079K107,3164,241.380000
20251015,20250922,02079K107,70485,255.240000
20251031,20251006,02079K107,901,246.450000
20251031,20251010,02079K107,20,242.210000
20251031,20251014,02079K107,6591,244.640000
20251115,20251017,02079K107,13082,251.880000
20251115,20251027,02079K107,248,260.510000
20251115,20251030,02079K107,41232,275.170000
20251115,20251020,02079K107,16634,253.790000
20251115,20251021,02079K107,182,257.020000
20251115,20251022,02079K107,2648,251.340000
20251115,20251031,02079K107,100,281.900000
20251115,20251015,02079K107,524,246.190000
