20170715,20170628,02079K305,298,948.090000
20170715,20170615,02079K305,84,967.930000
20170715,20170616,02079K305,1303,960.180000
20170715,20170619,02079K305,4055,958.620000
20170731,20170710,02079K305,12353,940.810000
20170731,20170712,02079K305,68,953.530000
20170731,20170707,02079K305,25,927.690000
20170815,20170720,02079K305,25714,992.770000
20170815,20170717,02079K305,615,976.910000
20170815,20170724,02079K305,369,993.840000
20170815,20170718,02079K305,4771,975.960000
20170815,20170731,02079K305,22672,958.330000
20170831,20170801,02079K305,5,945.500000
20170831,20170809,02079K305,109,944.190000
20170831,20170804,02079K305,35,940.300000
20170831,20170811,02079K305,15235,923.590000
20170831,20170807,02079K305,9998,945.790000
20170915,20170824,02079K305,6391,942.580000
20170915,20170823,02079K305,7322,940.400000
20170915,20170829,02079K305,35,928.130000
20170915,20170818,02079K305,61,927.660000
20170915,20170830,02079K305,35,935.750000
20170915,20170831,02079K305,1783,943.630000
20170915,20170825,02079K305,240,936.890000
20170930,20170906,02079K305,312,941.480000
20170930,20170913,02079K305,179,946.650000
20170930,20170905,02079K305,4427,951.990000
20171015,20170918,02079K305,1,935.290000
20171015,20170919,02079K305,621,929.750000
20171015,20170915,02079K305,944,940.130000
20171015,20170927,02079K305,14003,937.430000
20171015,20170920,02079K305,351,936.860000
20171015,20170926,02079K305,139,934.280000
20171015,20170922,02079K305,7903,947.550000
20171015,20170929,02079K305,249,964.810000
20171031,20171005,02079K305,8,966.780000
20171031,20171004,02079K305,17,972.080000
20171031,20171011,02079K305,88,987.800000
20171031,20171013,02079K305,379,1005.650000
20171031,20171003,02079K305,8179,967.470000
20171031,20171012,02079K305,2701,1005.650000
20171115,20171025,02079K305,6,988.490000
20171115,20171018,02079K305,65,1011.000000
20171115,20171024,02079K305,6,985.540000
20171115,20171026,02079K305,40,991.460000
20171115,20171030,02079K305,124,1033.670000
20171115,20171016,02079K305,4793,1007.870000
20171115,20171023,02079K305,199,1005.070000
20171115,20171031,02079K305,1000,1033.130000
20171115,20171017,02079K305,67,1009.350000
20171130,20171110,02079K305,194,1047.720000
20171130,20171109,02079K305,523,1058.290000
20171130,20171113,02079K305,10984,1044.150000
20171215,20171120,02079K305,126,1035.890000
20171215,20171121,02079K305,459,1034.660000
20171215,20171124,02079K305,1429,1051.920000
20171215,20171128,02079K305,98,1072.010000
20171215,20171130,02079K305,7996,1037.380000
20171215,20171127,02079K305,200,1056.520000
20171231,20171211,02079K305,725,1049.380000
20171231,20171214,02079K305,79,1051.390000
20171231,20171207,02079K305,46,1032.720000
20171231,20171213,02079K305,8,1048.770000
20171231,20171204,02079K305,6,1025.070000
20171231,20171201,02079K305,989,1036.170000
20171231,20171212,02079K305,1,1051.970000
20180115,20171221,02079K305,2412,1073.560000
20180115,20171227,02079K305,42,1065.850000
20180115,20171229,02079K305,23882,1055.950000
20180115,20171228,02079K305,3,1060.200000
20180115,20171219,02079K305,855,1085.090000
20180115,20171220,02079K305,154,1079.780000
20180115,20171222,02079K305,9898,1070.850000
20180131,20180109,02079K305,6208,1114.210000
20180131,20180112,02079K305,257,1112.050000
20180131,20180104,02079K305,2565,1091.520000
20180131,20180105,02079K305,1901,1095.760000
20180215,20180122,02079K305,789,1143.500000
20180215,20180129,02079K305,283,1187.560000
20180215,20180117,02079K305,376,1130.700000
20180215,20180131,02079K305,416,1177.370000
20180215,20180119,02079K305,949,1135.970000
20180215,20180123,02079K305,1833,1164.160000
20180215,20180116,02079K305,6,1130.650000
20180215,20180124,02079K305,2586,1176.170000
20180215,20180118,02079K305,25922,1139.100000
20180228,20180207,02079K305,1000,1084.430000
20180228,20180206,02079K305,1810,1062.390000
20180228,20180213,02079K305,29,1054.560000
20180228,20180208,02079K305,1579,1055.410000
20180228,20180202,02079K305,265,1181.590000
20180228,20180209,02079K305,43,1007.710000
20180315,20180221,02079K305,3015,1103.590000
20180315,20180220,02079K305,2810,1095.500000
20180315,20180222,02079K305,4876,1113.750000
20180315,20180227,02079K305,300,1143.700000
20180315,20180223,02079K305,16190,1109.900000
20180315,20180215,02079K305,12847,1072.700000
20180315,20180226,02079K305,187,1128.090000
20180331,20180307,02079K305,577,1100.900000
20180331,20180309,02079K305,981,1129.380000
20180331,20180313,02079K305,1000,1165.930000
20180331,20180308,02079K305,986,1115.040000
20180331,20180312,02079K305,664,1160.840000
20180331,20180314,02079K305,42,1139.910000
20180415,20180323,02079K305,489,1053.150000
20180415,20180322,02079K305,964,1094.000000
20180415,20180319,02079K305,28920,1134.420000
20180415,20180320,02079K305,305901,1100.070000
20180415,20180328,02079K305,5,1006.940000
20180415,20180326,02079K305,18,1026.550000
20180415,20180321,02079K305,1124,1095.800000
20180415,20180316,02079K305,1434,1150.610000
20180415,20180329,02079K305,291,1005.180000
20180430,20180402,02079K305,700,1037.140000
20180430,20180403,02079K305,316,1012.630000
20180430,20180413,02079K305,44,1037.290000
20180430,20180406,02079K305,203,1032.640000
20180430,20180405,02079K305,125,1029.710000
20180430,20180404,02079K305,50,1018.680000
20180515,20180424,02079K305,10231,1073.810000
20180515,20180420,02079K305,54,1089.450000
20180515,20180430,02079K305,3885,1031.450000
20180515,20180423,02079K305,180,1077.320000
20180515,20180426,02079K305,173,1022.990000
20180515,20180416,02079K305,3713,1036.040000
20180531,20180503,02079K305,416,1026.050000
20180531,20180511,02079K305,20,1105.470000
20180531,20180507,02079K305,363,1051.000000
20180531,20180502,02079K305,803,1040.750000
20180531,20180501,02079K305,20,1018.580000
20180531,20180509,02079K305,1966,1058.590000
20180531,20180504,02079K305,235,1026.300000
20180531,20180508,02079K305,2842,1059.460000
20180531,20180514,02079K305,3991,1103.380000
20180615,20180515,02079K305,475,1106.600000
20180615,20180517,02079K305,557,1084.090000
20180615,20180518,02079K305,3266,1081.260000
20180615,20180530,02079K305,2726,1068.070000
20180615,20180524,02079K305,45,1085.960000
20180615,20180521,02079K305,2178,1069.640000
20180615,20180522,02079K305,628,1084.010000
20180630,20180612,02079K305,1028,1140.900000
20180630,20180604,02079K305,3,1135.000000
20180630,20180611,02079K305,22501,1132.710000
20180630,20180606,02079K305,276,1151.020000
20180630,20180613,02079K305,226,1148.190000
20180630,20180614,02079K305,1310,1144.230000
20180630,20180607,02079K305,1280,1146.950000
20180630,20180608,02079K305,247,1134.420000
20180630,20180605,02079K305,6964,1153.040000
20180715,20180621,02079K305,6900,1184.070000
20180715,20180626,02079K305,100,1139.280000
20180715,20180627,02079K305,2747,1132.620000
20180715,20180625,02079K305,2369,1169.290000
20180715,20180620,02079K305,11699,1178.690000
20180715,20180615,02079K305,2260,1160.110000
20180715,20180619,02079K305,16047,1183.580000
20180731,20180702,02079K305,1351,1129.190000
20180731,20180710,02079K305,400,1167.280000
20180731,20180713,02079K305,1849,1201.260000
20180731,20180703,02079K305,577,1142.110000
20180731,20180712,02079K305,1297,1171.460000
20180731,20180709,02079K305,15224,1155.080000
20180815,20180726,02079K305,20,1275.940000
20180815,20180725,02079K305,6106,1258.150000
20180815,20180727,02079K305,17000,1285.500000
20180815,20180724,02079K305,16064,1211.000000
20180815,20180730,02079K305,6911,1252.890000
20180815,20180717,02079K305,252,1196.510000
20180815,20180719,02079K305,233,1212.910000
20180815,20180731,02079K305,4508,1230.040000
20180831,20180806,02079K305,431,1238.160000
20180831,20180801,02079K305,4221,1227.220000
20180831,20180802,02079K305,500,1232.990000
20180831,20180814,02079K305,328,1248.640000
20180915,20180816,02079K305,981,1232.220000
20180915,20180824,02079K305,2309,1221.160000
20180915,20180827,02079K305,2323,1236.750000
20180915,20180829,02079K305,1,1245.860000
20180915,20180831,02079K305,186,1254.440000
20180915,20180830,02079K305,672,1264.650000
20180915,20180821,02079K305,18,1221.950000
20180915,20180828,02079K305,2620,1256.270000
20180930,20180906,02079K305,13,1199.100000
20180930,20180911,02079K305,7447,1175.060000
20180930,20180913,02079K305,1,1171.600000
20180930,20180904,02079K305,3919,1231.800000
20181015,20180920,02079K305,935,1174.270000
20181015,20180926,02079K305,191,1193.890000
20181015,20180925,02079K305,2155,1179.560000
20181015,20180921,02079K305,41098,1191.570000
20181015,20180919,02079K305,13752,1167.110000
20181031,20181009,02079K305,5695,1155.920000
20181031,20181010,02079K305,630,1145.170000
20181031,20181002,02079K305,100,1208.530000
20181031,20181001,02079K305,5,1207.080000
20181031,20181004,02079K305,846,1211.530000
20181115,20181029,02079K305,1216,1083.750000
20181115,20181031,02079K305,502,1049.510000
20181115,20181025,02079K305,7514,1057.120000
20181115,20181019,02079K305,3812,1097.910000
20181115,20181015,02079K305,176,1120.540000
20181115,20181030,02079K305,1148,1034.730000
20181115,20181022,02079K305,3227,1105.180000
20181130,20181107,02079K305,251,1069.570000
20181130,20181108,02079K305,480,1108.240000
20181130,20181113,02079K305,275,1049.360000
20181130,20181101,02079K305,191,1090.580000
20181130,20181102,02079K305,857,1085.980000
20181130,20181106,02079K305,100,1055.730000
20181215,20181121,02079K305,754,1030.450000
20181215,20181119,02079K305,3066,1068.270000
20181215,20181130,02079K305,10,1094.580000
20181215,20181115,02079K305,14,1054.580000
20181215,20181116,02079K305,2540,1071.050000
20181215,20181123,02079K305,711,1043.430000
20181215,20181120,02079K305,1437,1027.420000
20181231,20181213,02079K305,84541,1073.730000
20181231,20181204,02079K305,945,1116.360000
20181231,20181205,02079K305,25,1062.470000
20181231,20181203,02079K305,111,1109.650000
20181231,20181206,02079K305,1151,1062.470000
20190115,20181218,02079K305,302,1025.650000
20190115,20181231,02079K305,358,1046.680000
20190115,20181228,02079K305,3,1052.900000
20190115,20181217,02079K305,2629,1051.710000
20190131,20190104,02079K305,1011,1025.470000
20190131,20190102,02079K305,7297,1044.960000
20190131,20190108,02079K305,22637,1075.920000
20190131,20190107,02079K305,25767,1078.070000
20190131,20190114,02079K305,91,1064.470000
20190215,20190125,02079K305,474,1084.000000
20190215,20190116,02079K305,345,1086.510000
20190215,20190130,02079K305,139,1070.060000
20190215,20190129,02079K305,38753,1079.860000
20190215,20190117,02079K305,361,1089.510000
20190215,20190123,02079K305,18518,1078.630000
20190215,20190124,02079K305,11606,1084.410000
20190228,20190211,02079K305,2894,1102.380000
20190228,20190214,02079K305,160,1128.630000
20190228,20190208,02079K305,892,1105.910000
20190228,20190212,02079K305,702,1102.120000
20190228,20190206,02079K305,4611,1151.870000
20190228,20190205,02079K305,80570,1141.420000
20190315,20190226,02079K305,922,1117.330000
20190315,20190225,02079K305,2173,1116.560000
20190315,20190227,02079K305,141,1122.010000
20190315,20190228,02079K305,858,1122.890000
20190315,20190220,02079K305,478,1126.510000
20190315,20190215,02079K305,42,1129.200000
20190315,20190221,02079K305,946,1120.590000
20190315,20190219,02079K305,9115,1119.630000
20190315,20190222,02079K305,6365,1104.210000
20190331,20190301,02079K305,951,1126.550000
20190331,20190304,02079K305,4478,1148.520000
20190331,20190305,02079K305,6362,1153.420000
20190331,20190307,02079K305,177,1164.940000
20190331,20190308,02079K305,386,1150.850000
20190331,20190312,02079K305,100,1179.260000
20190331,20190314,02079K305,2972,1199.060000
20190331,20190313,02079K305,1704,1197.250000
20190331,20190311,02079K305,655,1149.970000
20190331,20190306,02079K305,3590,1169.190000
20190415,20190327,02079K305,1147,1189.840000
20190415,20190326,02079K305,755,1197.380000
20190415,20190320,02079K305,10646,1202.460000
20190415,20190329,02079K305,8358,1172.270000
20190415,20190319,02079K305,13466,1188.550000
20190415,20190322,02079K305,717,1236.130000
20190430,20190408,02079K305,700,1211.450000
20190430,20190412,02079K305,1450,1209.590000
20190430,20190411,02079K305,1442,1206.450000
20190430,20190409,02079K305,1864,1208.280000
20190430,20190410,02079K305,10,1202.690000
20190430,20190403,02079K305,1701,1205.540000
20190430,20190405,02079K305,209,1219.450000
20190515,20190425,02079K305,26045,1260.050000
20190515,20190415,02079K305,126,1222.730000
20190515,20190417,02079K305,911,1231.910000
20190515,20190416,02079K305,600,1226.530000
20190515,20190422,02079K305,289,1241.470000
20190515,20190423,02079K305,2282,1253.760000
20190515,20190430,02079K305,1045,1296.200000
20190515,20190426,02079K305,100,1267.340000
20190531,20190502,02079K305,372,1173.320000
20190531,20190510,02079K305,588,1167.970000
20190531,20190513,02079K305,485,1167.640000
20190531,20190508,02079K305,166,1178.860000
20190531,20190506,02079K305,300,1189.550000
20190531,20190507,02079K305,23,1193.460000
20190615,20190531,02079K305,156,1121.410000
20190615,20190516,02079K305,113,1170.800000
20190615,20190521,02079K305,200,1144.660000
20190615,20190517,02079K305,140,1184.500000
20190615,20190520,02079K305,965,1168.780000
20190615,20190522,02079K305,10742,1154.440000
20190615,20190524,02079K305,817,1145.340000
20190615,20190529,02079K305,1029,1139.560000
20190630,20190603,02079K305,55,1106.500000
20190630,20190606,02079K305,100,1044.640000
20190630,20190612,02079K305,10365,1081.040000
20190630,20190611,02079K305,9381,1082.760000
20190630,20190610,02079K305,53,1068.370000
20190715,20190625,02079K305,399,1116.700000
20190715,20190620,02079K305,23,1104.510000
20190715,20190627,02079K305,5004,1080.320000
20190715,20190624,02079K305,19839,1125.370000
20190731,20190709,02079K305,2303,1116.790000
20190731,20190705,02079K305,11,1122.990000
20190731,20190712,02079K305,520,1144.080000
20190731,20190710,02079K305,1130,1124.290000
20190731,20190711,02079K305,3069,1140.910000
20190731,20190708,02079K305,2371,1132.670000
20190731,20190703,02079K305,3,1112.600000
20190731,20190701,02079K305,907,1082.800000
20190815,20190725,02079K305,3835,1139.730000
20190815,20190719,02079K305,17,1147.240000
20190815,20190724,02079K305,1617,1148.050000
20190815,20190723,02079K305,141,1139.210000
20190815,20190730,02079K305,2000,1241.840000
20190815,20190716,02079K305,200,1150.510000
20190815,20190726,02079K305,330,1135.940000
20190815,20190731,02079K305,198,1228.000000
20190831,20190805,02079K305,90,1196.320000
20190831,20190808,02079K305,1332,1175.910000
20190831,20190802,02079K305,93,1211.780000
20190831,20190809,02079K305,1884,1206.190000
20190915,20190827,02079K305,138,1171.180000
20190915,20190826,02079K305,200,1153.580000
20190915,20190820,02079K305,200,1200.440000
20190915,20190822,02079K305,1344,1191.580000
20190930,20190904,02079K305,400,1169.550000
20190930,20190909,02079K305,2252,1206.320000
20190930,20190911,02079K305,236,1205.700000
20190930,20190913,02079K305,192,1234.970000
20190930,20190912,02079K305,2982,1220.000000
20191015,20190923,02079K305,60,1229.840000
20191015,20190918,02079K305,2,1229.880000
20191015,20190917,02079K305,722,1231.630000
20191015,20190920,02079K305,4911,1238.750000
20191015,20190924,02079K305,12065,1234.690000
20191031,20191008,02079K305,2325,1208.250000
20191031,20191011,02079K305,269,1209.470000
20191031,20191002,02079K305,29,1206.000000
20191031,20191009,02079K305,29,1190.130000
20191031,20191010,02079K305,62,1202.400000
20191031,20191004,02079K305,1,1189.430000
20191115,20191022,02079K305,1956,1244.280000
20191115,20191025,02079K305,148,1259.110000
20191115,20191024,02079K305,4723,1257.630000
20191115,20191023,02079K305,1231,1241.200000
20191115,20191016,02079K305,22097,1242.240000
20191115,20191028,02079K305,2697,1264.300000
20191115,20191031,02079K305,67,1260.700000
20191115,20191017,02079K305,131,1243.000000
20191115,20191018,02079K305,5440,1252.800000
20191115,20191015,02079K305,964,1217.770000
20191115,20191021,02079K305,119,1244.410000
20191130,20191101,02079K305,1725,1258.800000
20191130,20191114,02079K305,7,1296.180000
20191130,20191105,02079K305,1419,1289.610000
20191130,20191107,02079K305,1,1291.010000
20191130,20191112,02079K305,5918,1298.280000
20191215,20191118,02079K305,1559,1333.540000
20191215,20191122,02079K305,210,1300.140000
20191215,20191125,02079K305,400,1293.670000
20191215,20191129,02079K305,1,1312.130000
20191215,20191119,02079K305,1404,1319.840000
20191231,20191205,02079K305,139,1318.940000
20191231,20191202,02079K305,319,1304.090000
20191231,20191209,02079K305,6530,1339.390000
20191231,20191203,02079K305,633,1288.860000
20191231,20191213,02079K305,16462,1348.490000
20191231,20191206,02079K305,252,1326.960000
20200115,20191219,02079K305,9,1351.910000
20200115,20191217,02079K305,300,1360.700000
20200115,20191231,02079K305,28323,1339.710000
20200115,20191223,02079K305,489,1351.220000
20200115,20191226,02079K305,54057,1344.430000
20200115,20191216,02079K305,31512,1346.870000
20200115,20191224,02079K305,58727,1350.630000
20200131,20200106,02079K305,1917,1361.520000
20200131,20200109,02079K305,5,1405.040000
20200131,20200102,02079K305,28206,1339.390000
20200131,20200107,02079K305,600,1397.810000
20200131,20200114,02079K305,469,1440.030000
20200215,20200131,02079K305,211,1454.250000
20200215,20200123,02079K305,280,1484.170000
20200215,20200129,02079K305,2,1450.500000
20200531,20200501,02079K305,14,1346.700000
20200531,20200512,02079K305,3125,1403.590000
20200531,20200505,02079K305,211,1322.900000
20200531,20200511,02079K305,2000,1384.340000
20200531,20200507,02079K305,1277,1345.430000
20200531,20200504,02079K305,416,1317.320000
20200615,20200515,02079K305,5,1356.860000
20200615,20200527,02079K305,16814,1421.370000
20200615,20200521,02079K305,4924,1409.160000
20200615,20200522,02079K305,25563,1406.750000
20200615,20200519,02079K305,1019,1385.180000
20200615,20200518,02079K305,79,1373.060000
20200615,20200520,02079K305,623,1374.400000
20200615,20200528,02079K305,707,1420.280000
20200615,20200526,02079K305,5856,1413.240000
20200630,20200612,02079K305,3604,1401.900000
20200630,20200608,02079K305,10,1440.020000
20200630,20200601,02079K305,14287,1433.520000
20200630,20200602,02079K305,1961,1434.870000
20200630,20200603,02079K305,26,1442.310000
20200630,20200611,02079K305,21056,1464.700000
20200715,20200617,02079K305,7263,1446.470000
20200715,20200630,02079K305,1,1397.170000
20200715,20200626,02079K305,6,1441.100000
20200715,20200615,02079K305,10572,1412.920000
20200715,20200619,02079K305,3002,1434.120000
20200715,20200623,02079K305,4684,1450.660000
20200731,20200707,02079K305,12402,1499.650000
20200731,20200713,02079K305,633,1539.010000
20200731,20200701,02079K305,482,1418.050000
20200731,20200714,02079K305,500,1512.230000
20200731,20200709,02079K305,76,1503.600000
20200815,20200729,02079K305,23216,1503.650000
20200815,20200728,02079K305,373,1529.430000
20200815,20200721,02079K305,300,1563.840000
20200815,20200724,02079K305,731,1516.750000
20200831,20200803,02079K305,373,1487.950000
20200831,20200807,02079K305,2106,1504.950000
20200831,20200810,02079K305,620,1498.370000
20200831,20200812,02079K305,722,1480.540000
20200915,20200828,02079K305,1054,1628.520000
20200915,20200831,02079K305,98,1639.430000
20200915,20200827,02079K305,720,1644.130000
20200915,20200818,02079K305,27100,1516.240000
20200915,20200820,02079K305,129,1544.610000
20200915,20200825,02079K305,50,1585.150000
20200915,20200817,02079K305,473,1504.630000
20200915,20200824,02079K305,758,1575.570000
20200930,20200908,02079K305,648,1581.210000
20200930,20200901,02079K305,664,1629.530000
20200930,20200902,02079K305,737,1655.080000
20200930,20200910,02079K305,922,1547.230000
20200930,20200914,02079K305,649,1515.760000
20200930,20200903,02079K305,480,1717.390000
20200930,20200909,02079K305,575,1523.600000
20201015,20200917,02079K305,217,1512.090000
20201015,20200924,02079K305,659,1409.390000
20201015,20200922,02079K305,791,1430.140000
20201015,20200921,02079K305,3744,1451.090000
20201015,20200929,02079K305,968,1458.660000
20201015,20200928,02079K305,209,1439.060000
20201015,20200916,02079K305,2038,1535.120000
20201015,20200918,02079K305,19085,1487.040000
20201031,20201009,02079K305,243,1483.430000
20201031,20201002,02079K305,143,1487.900000
20201031,20201013,02079K305,127,1564.590000
20201031,20201007,02079K305,96,1451.020000
20201031,20201014,02079K305,865,1567.070000
20201031,20201001,02079K305,22867,1465.600000
20201031,20201006,02079K305,1185,1482.830000
20201115,20201023,02079K305,370,1606.660000
20201115,20201029,02079K305,801,1510.800000
20201115,20201022,02079K305,1715,1585.990000
20201115,20201027,02079K305,407,1584.290000
20201115,20201030,02079K305,344,1556.880000
20201115,20201021,02079K305,103,1551.080000
20201130,20201110,02079K305,982,1761.420000
20201130,20201112,02079K305,634,1747.230000
20201130,20201103,02079K305,44349,1624.320000
20201130,20201113,02079K305,39394,1742.820000
20201215,20201123,02079K305,133,1736.380000
20201215,20201116,02079K305,45,1772.260000
20201215,20201117,02079K305,703,1774.030000
20201215,20201124,02079K305,1400,1727.560000
20201231,20201204,02079K305,24,1821.840000
20201231,20201202,02079K305,13,1795.360000
20201231,20201210,02079K305,15996,1777.860000
20201231,20201208,02079K305,831,1817.030000
20201231,20201203,02079K305,204,1824.970000
20201231,20201209,02079K305,390,1811.330000
20210115,20201230,02079K305,1442,1757.760000
20210115,20201228,02079K305,9,1734.160000
20210115,20201223,02079K305,139,1720.220000
20210115,20201231,02079K305,109,1736.250000
20210115,20201221,02079K305,4,1726.220000
20210131,20210105,02079K305,112,1726.130000
20210131,20210108,02079K305,138,1774.340000
20210131,20210114,02079K305,62,1747.250000
20210131,20210112,02079K305,600,1756.290000
20210131,20210113,02079K305,6275,1737.430000
20210215,20210121,02079K305,255,1880.070000
20210215,20210127,02079K305,1,1907.950000
20210215,20210122,02079K305,10,1884.150000
20210215,20210126,02079K305,100,1894.280000
20210228,20210208,02079K305,759,2088.830000
20210228,20210209,02079K305,597,2084.520000
20210228,20210204,02079K305,4,2058.880000
20210228,20210210,02079K305,3,2075.390000
20210228,20210203,02079K305,59,1919.120000
20210315,20210216,02079K305,3530,2095.030000
20210315,20210218,02079K305,1801,2118.620000
20210315,20210217,02079K305,58,2110.700000
20210315,20210226,02079K305,1744,2015.950000
20210315,20210219,02079K305,2,2105.810000
20210331,20210311,02079K305,1995,2036.190000
20210331,20210309,02079K305,200,2007.500000
20210331,20210308,02079K305,1051,2097.070000
20210331,20210301,02079K305,12,2021.910000
20210331,20210310,02079K305,118,2040.360000
20210415,20210316,02079K305,1500,2054.440000
20210415,20210319,02079K305,483,2021.340000
20210415,20210330,02079K305,862,2045.790000
20210415,20210324,02079K305,2564,2041.330000
20210415,20210329,02079K305,2618,2024.730000
20210415,20210317,02079K305,187,2083.890000
20210415,20210323,02079K305,1,2030.690000
20210415,20210326,02079K305,4346,2032.460000
20210430,20210406,02079K305,300,2218.960000
20210430,20210413,02079K305,488,2244.620000
20210430,20210401,02079K305,500,2062.520000
20210430,20210409,02079K305,3147,2250.430000
20210515,20210426,02079K305,3996,2299.930000
20210515,20210430,02079K305,154,2392.760000
20210515,20210419,02079K305,1111,2282.750000
20210515,20210428,02079K305,6652,2290.980000
20210515,20210421,02079K305,1126,2279.010000
20210515,20210429,02079K305,3508,2359.040000
20210515,20210422,02079K305,1131,2278.350000
20210515,20210427,02079K305,5846,2309.930000
20210515,20210423,02079K305,1020,2252.520000
20210515,20210420,02079K305,3414,2289.760000
20210531,20210505,02079K305,1060,2306.830000
20210531,20210510,02079K305,4703,2351.930000
20210531,20210511,02079K305,100,2291.750000
20210615,20210519,02079K305,74,2262.470000
20210615,20210525,02079K305,548,2361.040000
20210615,20210528,02079K305,1260,2362.680000
20210615,20210526,02079K305,620,2362.870000
20210615,20210518,02079K305,1961,2288.920000
20210615,20210527,02079K305,3323,2380.310000
20210630,20210602,02079K305,300,2381.180000
20210630,20210609,02079K305,5409,2398.440000
20210630,20210607,02079K305,5964,2393.570000
20210715,20210625,02079K305,106,2450.000000
20210715,20210616,02079K305,57,2428.390000
20210715,20210629,02079K305,300,2450.720000
20210715,20210624,02079K305,126,2442.540000
20210731,20210707,02079K305,701,2523.800000
20210731,20210714,02079K305,2,2546.830000
20210731,20210712,02079K305,518,2510.370000
20210731,20210701,02079K305,100,2441.790000
20210815,20210719,02079K305,11,2539.400000
20210815,20210721,02079K305,134,2524.190000
20210815,20210727,02079K305,6018,2680.700000
20210815,20210730,02079K305,6,2715.550000
20210815,20210726,02079K305,49,2660.300000
20210831,20210803,02079K305,300,2697.090000
20210831,20210810,02079K305,100,2738.260000
20210831,20210806,02079K305,26,2725.030000
20210915,20210824,02079K305,250,2800.830000
20210915,20210820,02079K305,68,2713.600000
20210915,20210827,02079K305,3,2828.810000
20210915,20210830,02079K305,11,2880.080000
20210915,20210818,02079K305,5039,2733.230000
20210915,20210831,02079K305,34,2891.810000
20211015,20210916,02079K305,3175,2888.590000
20211015,20210921,02079K305,89,2774.390000
20211015,20210930,02079K305,501,2687.070000
20211015,20210929,02079K305,96,2716.600000
20211015,20210922,02079K305,47,2780.660000
20211015,20210923,02079K305,16,2805.670000
20211015,20210920,02079K305,557,2816.000000
20211015,20210917,02079K305,2501,2872.200000
20211015,20210928,02079K305,869,2821.440000
20211031,20211013,02079K305,2800,2728.980000
20211031,20211012,02079K305,3428,2778.280000
20211031,20211001,02079K305,2,2673.520000
20211115,20211029,02079K305,12,2916.980000
20211115,20211019,02079K305,100,2855.560000
20211130,20211101,02079K305,1705,2960.920000
20211130,20211102,02079K305,426,2869.940000
20211130,20211108,02079K305,47,2977.040000
20211130,20211109,02079K305,6176,2980.620000
20211215,20211129,02079K305,310,2843.660000
20211215,20211130,02079K305,337,2910.610000
20211215,20211123,02079K305,2357,2926.040000
20211215,20211122,02079K305,50,2978.530000
20211215,20211116,02079K305,5887,2969.040000
20211215,20211126,02079K305,111,2922.400000
20211215,20211124,02079K305,557,2915.640000
20211231,20211203,02079K305,10544,2859.320000
20211231,20211210,02079K305,100,2952.770000
20211231,20211214,02079K305,595,2916.530000
20220115,20211220,02079K305,424,2834.500000
20220115,20211229,02079K305,3,2933.740000
20220115,20211228,02079K305,447,2958.130000
20220115,20211222,02079K305,38,2869.450000
20220115,20211223,02079K305,33,2928.300000
20220115,20211227,02079K305,233,2938.330000
20220131,20220104,02079K305,548,2899.830000
20220131,20220112,02079K305,21,2794.720000
20220131,20220105,02079K305,2040,2887.990000
20220131,20220107,02079K305,513,2754.950000
20220215,20220127,02079K305,10,2584.660000
20220215,20220131,02079K305,27991,2667.020000
20220215,20220126,02079K305,6,2538.700000
20220215,20220125,02079K305,800,2616.080000
20220215,20220124,02079K305,100,2607.030000
20220215,20220121,02079K305,16,2666.150000
20220228,20220202,02079K305,4,2752.880000
20220228,20220209,02079K305,2,2787.980000
20220228,20220203,02079K305,468,2960.000000
20220228,20220201,02079K305,3,2706.070000
20220228,20220211,02079K305,928,2772.400000
20220228,20220204,02079K305,1809,2861.800000
20220315,20220224,02079K305,71,2551.760000
20220315,20220216,02079K305,173,2732.170000
20220331,20220314,02079K305,1,2597.410000
20220331,20220303,02079K305,4060,2691.430000
20220331,20220302,02079K305,4097,2681.230000
20220415,20220321,02079K305,1,2722.510000
20220415,20220318,02079K305,2222,2676.780000
20220415,20220329,02079K305,1600,2829.110000
20220415,20220322,02079K305,7029,2722.030000
20220415,20220317,02079K305,3350,2665.610000
20220415,20220325,02079K305,47,2831.440000
20220430,20220406,02079K305,3,2811.820000
20220430,20220412,02079K305,1255,2576.470000
20220515,20220420,02079K305,1437,2600.180000
20220515,20220427,02079K305,1815,2373.000000
20220515,20220421,02079K305,342,2560.800000
20220531,20220512,02079K305,679,2272.050000
20220531,20220503,02079K305,353,2331.660000
20220531,20220513,02079K305,17,2256.880000
20220531,20220511,02079K305,7931,2287.900000
20220615,20220531,02079K305,5181,2246.330000
20220615,20220519,02079K305,690,2237.990000
20220615,20220516,02079K305,288,2321.010000
20220615,20220526,02079K305,2900,2116.100000
20220615,20220524,02079K305,373,2229.760000
20220630,20220606,02079K305,29030,2290.820000
20220630,20220608,02079K305,16517,2342.990000
20220630,20220607,02079K305,1,2336.410000
20220630,20220609,02079K305,55826,2343.880000
20220630,20220601,02079K305,1006,2275.240000
20220630,20220614,02079K305,606,2127.850000
20220715,20220615,02079K305,7131,2134.310000
20220715,20220624,02079K305,1,2244.840000
20220715,20220616,02079K305,58,2195.290000
20220715,20220627,02079K305,5821,2359.500000
20220715,20220621,02079K305,147,2142.870000
20220715,20220629,02079K305,80,2240.150000
20220715,20220617,02079K305,570,2120.670000
20220715,20220622,02079K305,113537,2230.880000
20220715,20220623,02079K305,44457,2229.750000
20220715,20220628,02079K305,814,2316.670000
20220731,20220701,02079K305,1,2179.260000
20220731,20220705,02079K305,590,2174.750000
20220731,20220714,02079K305,19510,2227.070000
20220731,20220708,02079K305,3,2375.660000
20220731,20220711,02079K305,42,2387.070000
20220731,20220713,02079K305,4948,2280.410000
20220731,20220712,02079K305,1578,2313.530000
20220815,20220718,02079K305,1725,2235.550000
20220815,20220728,02079K305,476140,113.060000
20220815,20220720,02079K305,585843,113.810000
20220815,20220722,02079K305,54400,114.340000
20220815,20220721,02079K305,55917,113.900000
20220815,20220719,02079K305,2194,2180.600000
20220815,20220729,02079K305,471196,114.220000
20220831,20220809,02079K305,17796,117.300000
20220831,20220801,02079K305,680960,116.320000
20220831,20220802,02079K305,1331182,114.860000
20220831,20220803,02079K305,6048,115.130000
20220831,20220811,02079K305,300,119.700000
20220831,20220808,02079K305,362,117.470000
20220831,20220810,02079K305,120,116.630000
20220915,20220825,02079K305,323,113.690000
20220915,20220819,02079K305,2064,120.170000
20220915,20220830,02079K305,121977,109.420000
20220915,20220829,02079K305,892,110.340000
20220915,20220817,02079K305,488,121.700000
20220915,20220822,02079K305,4227,117.210000
20220915,20220826,02079K305,800,116.650000
20220915,20220831,02079K305,137227,108.940000
20220915,20220816,02079K305,15237,122.080000
20220915,20220824,02079K305,113,113.860000
20220915,20220815,02079K305,358,121.680000
20220930,20220909,02079K305,676,108.380000
20220930,20220906,02079K305,321693,107.850000
20220930,20220902,02079K305,394367,109.740000
20220930,20220907,02079K305,322220,106.810000
20220930,20220901,02079K305,7713,108.220000
20220930,20220913,02079K305,100,110.860000
20220930,20220908,02079K305,1150859,109.450000
20220930,20220912,02079K305,959722,110.650000
20221015,20220928,02079K305,92,97.500000
20221015,20220923,02079K305,9963,100.140000
20221015,20220920,02079K305,3347100,103.070000
20221015,20220915,02079K305,97022,105.000000
20221015,20220930,02079K305,2343,97.420000
20221031,20221007,02079K305,11058,101.420000
20221031,20221006,02079K305,54308,101.430000
20221031,20221005,02079K305,4298,101.640000
20221031,20221012,02079K305,200,97.180000
20221115,20221019,02079K305,3536,100.770000
20221115,20221025,02079K305,653927,102.520000
20221115,20221020,02079K305,97,99.630000
20221115,20221031,02079K305,72316,96.290000
20221115,20221027,02079K305,14098,94.930000
20221115,20221018,02079K305,768,99.970000
20221115,20221024,02079K305,2233,101.130000
20221115,20221017,02079K305,61453,96.560000
20221130,20221103,02079K305,11207,86.970000
20221130,20221110,02079K305,190,87.320000
20221130,20221102,02079K305,930,90.470000
20221215,20221115,02079K305,40900,95.700000
20221215,20221116,02079K305,4,98.440000
20221215,20221117,02079K305,308206,98.850000
20221215,20221129,02079K305,4952,96.050000
20221231,20221207,02079K305,11,96.980000
20221231,20221213,02079K305,83,93.310000
20221231,20221205,02079K305,836,100.440000
20221231,20221208,02079K305,90,94.940000
20230115,20221228,02079K305,139987,87.390000
20230115,20221215,02079K305,1738,95.070000
20230115,20221229,02079K305,62,86.020000
20230115,20221227,02079K305,240440,89.230000
20230115,20221230,02079K305,7282,88.450000
20230115,20221220,02079K305,77,88.440000
20230131,20230104,02079K305,6659,89.120000
20230131,20230110,02079K305,62944,88.020000
20230131,20230109,02079K305,1915,87.340000
20230131,20230112,02079K305,3258,91.520000
20230131,20230105,02079K305,296,88.080000
20230215,20230127,02079K305,13,97.520000
20230215,20230120,02079K305,40700,93.050000
20230215,20230126,02079K305,1571,95.220000
20230215,20230119,02079K305,5283,91.120000
20230215,20230124,02079K305,516400,99.790000
20230215,20230125,02079K305,31052,97.700000
20230215,20230118,02079K305,10105,91.290000
20230215,20230131,02079K305,5085,96.940000
20230228,20230210,02079K305,2660,95.010000
20230228,20230207,02079K305,7800,102.900000
20230228,20230203,02079K305,29160,107.740000
20230228,20230201,02079K305,111208,98.840000
20230228,20230208,02079K305,2087,107.640000
20230228,20230202,02079K305,4393,100.430000
20230228,20230206,02079K305,116482,104.780000
20230228,20230214,02079K305,7685,94.610000
20230315,20230216,02079K305,80,96.940000
20230315,20230217,02079K305,29166,95.510000
20230315,20230227,02079K305,162621,89.130000
20230315,20230221,02079K305,26879,94.350000
20230331,20230306,02079K305,174275,93.650000
20230331,20230307,02079K305,5758,95.130000
20230331,20230313,02079K305,36,90.630000
20230331,20230303,02079K305,196475,92.000000
20230331,20230314,02079K305,53938,91.110000
20230331,20230301,02079K305,29,90.060000
20230415,20230320,02079K305,372103,101.620000
20230415,20230329,02079K305,46253,101.030000
20230415,20230316,02079K305,2645,96.110000
20230415,20230328,02079K305,36079,102.460000
20230415,20230321,02079K305,300325,101.220000
20230415,20230323,02079K305,13106,103.370000
20230415,20230315,02079K305,5219,93.970000
20230415,20230324,02079K305,22,105.600000
20230415,20230317,02079K305,60607,100.320000
20230430,20230406,02079K305,5977,104.470000
20230430,20230412,02079K305,4016,105.350000
20230430,20230410,02079K305,6473,108.420000
20230430,20230414,02079K305,4430,107.430000
20230430,20230411,02079K305,6000,106.440000
20230430,20230404,02079K305,8329,104.360000
20230430,20230405,02079K305,9244,104.720000
20230430,20230403,02079K305,2891,103.730000
20230515,20230419,02079K305,5229,104.500000
20230515,20230425,02079K305,8367,105.970000
20230515,20230427,02079K305,132139,103.710000
20230515,20230426,02079K305,72927,103.850000
20230515,20230420,02079K305,1520,104.180000
20230515,20230418,02079K305,6001,105.970000
20230515,20230424,02079K305,14714,105.410000
20230531,20230501,02079K305,265,107.340000
20230531,20230510,02079K305,6400,107.350000
20230531,20230505,02079K305,1467,104.690000
20230531,20230509,02079K305,2579,107.770000
20230531,20230508,02079K305,498411,105.570000
20230615,20230530,02079K305,53,124.610000
20230615,20230526,02079K305,8160,123.480000
20230615,20230531,02079K305,57052,123.670000
20230615,20230519,02079K305,4948,122.830000
20230615,20230523,02079K305,9298,125.050000
20230615,20230517,02079K305,191934,119.510000
20230615,20230516,02079K305,25156,116.510000
20230615,20230518,02079K305,122720,120.840000
20230615,20230525,02079K305,100,120.900000
20230615,20230524,02079K305,115958,122.560000
20230615,20230522,02079K305,4448,122.760000
20230630,20230614,02079K305,300,123.830000
20230630,20230601,02079K305,44186,122.870000
20230630,20230609,02079K305,33073,122.140000
20230630,20230607,02079K305,125610,127.310000
20230630,20230606,02079K305,12900,126.010000
20230630,20230602,02079K305,23550,123.720000
20230715,20230621,02079K305,3200,123.100000
20230715,20230620,02079K305,49917,123.530000
20230715,20230628,02079K305,159970,118.330000
20230715,20230627,02079K305,23832,118.340000
20230715,20230615,02079K305,87009,123.670000
20230715,20230626,02079K305,17827,122.340000
20230715,20230629,02079K305,24776,120.180000
20230731,20230711,02079K305,96,116.450000
20230731,20230712,02079K305,3495,117.140000
20230815,20230726,02079K305,218915,122.210000
20230815,20230724,02079K305,124925,120.020000
20230815,20230717,02079K305,598,125.420000
20230815,20230725,02079K305,319200,121.530000
20230815,20230718,02079K305,39348,124.650000
20230831,20230804,02079K305,1969,128.450000
20230831,20230808,02079K305,57502,131.530000
20230831,20230801,02079K305,104646,132.720000
20230915,20230815,02079K305,313,131.330000
20230915,20230831,02079K305,40,135.880000
20230915,20230818,02079K305,31299,129.920000
20230915,20230829,02079K305,8201,131.010000
20230915,20230830,02079K305,39416,134.570000
20230915,20230822,02079K305,4538,128.370000
20230915,20230823,02079K305,7037,129.080000
20230915,20230816,02079K305,313,129.780000
20230915,20230821,02079K305,176,127.460000
20230930,20230906,02079K305,7459,135.770000
20230930,20230908,02079K305,33385,135.260000
20230930,20230912,02079K305,3000,136.920000
20230930,20230913,02079K305,251,135.340000
20230930,20230905,02079K305,1,135.660000
20230930,20230911,02079K305,285,136.380000
20231015,20230919,02079K305,108466,138.210000
20231015,20230925,02079K305,773,130.250000
20231015,20230918,02079K305,81,137.400000
20231015,20230926,02079K305,511,131.110000
20231031,20231010,02079K305,70,138.420000
20231031,20231002,02079K305,31201,130.860000
20231031,20231013,02079K305,196,138.970000
20231031,20231011,02079K305,9312,138.060000
20231031,20231005,02079K305,193,135.240000
20231031,20231004,02079K305,178,132.430000
20231031,20231003,02079K305,200,134.170000
20231115,20231024,02079K305,5000,136.500000
20231115,20231031,02079K305,258,124.460000
20231115,20231018,02079K305,4685,139.720000
20231130,20231109,02079K305,2946,131.840000
20231130,20231114,02079K305,6700,132.090000
20231130,20231113,02079K305,2490,132.590000
20231130,20231110,02079K305,1679980,130.240000
20231130,20231107,02079K305,7562,130.250000
20231215,20231121,02079K305,16747,136.250000
20231215,20231122,02079K305,1128,136.970000
20231215,20231128,02079K305,30260,136.410000
20231215,20231127,02079K305,88,136.690000
20231231,20231211,02079K305,297,134.990000
20231231,20231212,02079K305,20365,133.290000
20231231,20231206,02079K305,101,130.990000
20231231,20231201,02079K305,34,132.530000
20231231,20231208,02079K305,761,136.930000
20240115,20231226,02079K305,11070,141.490000
20240115,20231227,02079K305,3625,141.520000
20240115,20231220,02079K305,66552,136.650000
20240115,20231222,02079K305,26462,140.420000
20240131,20240103,02079K305,3900,138.170000
20240131,20240104,02079K305,1929,138.920000
20240215,20240129,02079K305,375,152.190000
20240215,20240122,02079K305,4258,146.380000
20240215,20240117,02079K305,12300,142.490000
20240215,20240123,02079K305,197514,145.990000
20240215,20240130,02079K305,53095,153.510000
20240215,20240126,02079K305,3308,151.870000
20240215,20240116,02079K305,300,142.650000
20240215,20240125,02079K305,3722,148.700000
20240229,20240207,02079K305,428,144.100000
20240229,20240201,02079K305,54085,140.100000
20240229,20240214,02079K305,99,145.140000
20240229,20240209,02079K305,1409,145.910000
20240229,20240213,02079K305,14317,147.530000
20240315,20240222,02079K305,135,142.550000
20240315,20240216,02079K305,748,142.770000
20240315,20240223,02079K305,29732,144.090000
20240315,20240229,02079K305,1720,136.380000
20240331,20240301,02079K305,4566,138.460000
20240331,20240308,02079K305,655,134.380000
20240331,20240307,02079K305,146,131.400000
20240415,20240320,02079K305,1287,147.030000
20240415,20240322,02079K305,39,147.600000
20240415,20240319,02079K305,13739,147.680000
20240415,20240326,02079K305,28600,150.070000
20240415,20240321,02079K305,611,148.740000
20240430,20240412,02079K305,3155,159.410000
20240430,20240411,02079K305,216,156.140000
20240430,20240402,02079K305,6736,155.490000
20240430,20240410,02079K305,23475,156.600000
20240430,20240409,02079K305,29818,154.850000
20240430,20240405,02079K305,2223,150.530000
20240515,20240422,02079K305,10,154.090000
20240515,20240415,02079K305,441,157.730000
20240515,20240418,02079K305,16,155.470000
20240515,20240429,02079K305,247,171.950000
20240515,20240430,02079K305,12553,166.150000
20240515,20240423,02079K305,34216,156.280000
20240515,20240416,02079K305,17713,154.860000
20240515,20240426,02079K305,3361,156.000000
20240515,20240425,02079K305,175,159.130000
20240515,20240419,02079K305,42,156.010000
20240531,20240514,02079K305,600,169.140000
20240531,20240513,02079K305,588,168.650000
20240531,20240507,02079K305,146,168.100000
20240531,20240506,02079K305,4907,167.240000
20240531,20240501,02079K305,2574,162.780000
20240531,20240502,02079K305,89,163.860000
20240615,20240529,02079K305,12337,176.400000
20240615,20240515,02079K305,591,170.340000
20240615,20240528,02079K305,16,174.990000
20240615,20240520,02079K305,24650,176.060000
20240615,20240531,02079K305,91768,172.110000
20240615,20240516,02079K305,2287,172.510000
20240630,20240605,02079K305,100,173.790000
20240630,20240606,02079K305,7340,175.410000
20240630,20240613,02079K305,26146,177.790000
20240630,20240611,02079K305,200,175.010000
20240630,20240612,02079K305,131,176.620000
20240630,20240610,02079K305,8500,174.460000
20240715,20240617,02079K305,3130,176.790000
20240715,20240626,02079K305,74523,184.030000
20240715,20240620,02079K305,5550,175.090000
20240715,20240625,02079K305,75408,179.220000
20240715,20240624,02079K305,139965,179.630000
20240715,20240627,02079K305,90691,183.880000
20240731,20240710,02079K305,618,188.980000
20240731,20240701,02079K305,3500,182.150000
20240731,20240709,02079K305,696,189.030000
20240731,20240711,02079K305,3304,191.180000
20240731,20240703,02079K305,982,185.240000
20240731,20240705,02079K305,41,185.820000
20240731,20240708,02079K305,17709,190.600000
20240731,20240712,02079K305,1508,185.570000
20240815,20240725,02079K305,17,172.630000
20240815,20240723,02079K305,1507,181.670000
20240815,20240722,02079K305,481893,177.660000
20240815,20240717,02079K305,23943,183.920000
20240815,20240716,02079K305,116921,186.530000
20240815,20240726,02079K305,1592,167.280000
20240815,20240715,02079K305,46,185.070000
20240815,20240729,02079K305,302873,167.000000
20240815,20240718,02079K305,17222,181.020000
20240831,20240809,02079K305,517,162.030000
20240831,20240808,02079K305,11035,158.940000
20240831,20240802,02079K305,27607,170.760000
20240831,20240801,02079K305,2710,171.540000
20240831,20240812,02079K305,4070,163.670000
20240831,20240814,02079K305,180,164.160000
20240831,20240806,02079K305,46065,159.250000
20240831,20240813,02079K305,30,162.290000
20240831,20240805,02079K305,2425,166.660000
20240831,20240807,02079K305,110,158.290000
20240915,20240819,02079K305,700000,162.960000
20240915,20240816,02079K305,538,161.300000
20240915,20240821,02079K305,1190,167.180000
20240915,20240815,02079K305,16729,160.370000
20240930,20240913,02079K305,546,154.690000
20240930,20240905,02079K305,4076,156.450000
20240930,20240912,02079K305,12991,151.160000
20240930,20240909,02079K305,2652,150.920000
20240930,20240910,02079K305,3310,148.710000
20240930,20240911,02079K305,2652,148.660000
20241015,20240924,02079K305,1440,161.850000
20241015,20240920,02079K305,37737,162.140000
20241015,20240923,02079K305,412672,163.590000
20241015,20240926,02079K305,34,161.490000
20241015,20240930,02079K305,16446,163.950000
20241015,20240919,02079K305,625,159.810000
20241015,20240917,02079K305,14,158.060000
20241031,20241004,02079K305,272,165.860000
20241031,20241002,02079K305,3197,166.990000
20241031,20241009,02079K305,1784,164.380000
20241031,20241010,02079K305,13147,161.860000
20241031,20241007,02079K305,1964,167.060000
20241031,20241011,02079K305,87,162.080000
20241031,20241003,02079K305,1032,165.860000
20241115,20241016,02079K305,184,165.460000
20241115,20241017,02079K305,391,165.160000
20241115,20241022,02079K305,1735,164.070000
20241115,20241018,02079K305,29319,162.930000
20241115,20241029,02079K305,153,166.720000
20241115,20241028,02079K305,2090,165.270000
20241130,20241114,02079K305,112487,178.880000
20241130,20241113,02079K305,204,181.620000
20241130,20241112,02079K305,225892,180.350000
20241130,20241101,02079K305,8570,171.110000
20241130,20241105,02079K305,8017,169.240000
20241130,20241104,02079K305,300,171.290000
20241130,20241108,02079K305,135,180.750000
20241215,20241115,02079K305,137,175.580000
20241215,20241122,02079K305,184072,167.630000
20241215,20241125,02079K305,30,164.760000
20241215,20241120,02079K305,112,178.120000
20241215,20241127,02079K305,76,169.120000
20241231,20241204,02079K305,875,171.340000
20241231,20241213,02079K305,16723,191.960000
20241231,20241202,02079K305,200,168.950000
20241231,20241212,02079K305,74076,195.400000
20250115,20241223,02079K305,230483,191.410000
20250115,20241230,02079K305,2875,192.760000
20250115,20241216,02079K305,27141,189.820000
20250115,20241217,02079K305,144,196.660000
20250115,20241231,02079K305,20065,191.240000
20250131,20250107,02079K305,717978,196.870000
20250131,20250106,02079K305,1500,191.790000
20250131,20250108,02079K305,551,195.490000
20250131,20250103,02079K305,33117,189.430000
20250131,20250113,02079K305,25826,192.040000
20250215,20250131,02079K305,20880,200.870000
20250215,20250127,02079K305,20800,200.210000
20250215,20250115,02079K305,440,189.660000
20250215,20250117,02079K305,299569,192.910000
20250215,20250121,02079K305,9908,196.000000
20250215,20250122,02079K305,1,198.050000
20250228,20250212,02079K305,216,185.320000
20250228,20250213,02079K305,36,183.610000
20250228,20250203,02079K305,33949,204.020000
20250228,20250211,02079K305,51,186.470000
20250228,20250207,02079K305,4081,191.600000
20250315,20250220,02079K305,1185,185.270000
20250315,20250224,02079K305,122,179.660000
20250315,20250226,02079K305,950,175.420000
20250315,20250225,02079K305,137,179.250000
20250315,20250221,02079K305,328,184.560000
20250315,20250218,02079K305,7935,185.230000
20250331,20250305,02079K305,186,170.920000
20250331,20250303,02079K305,8,170.280000
20250331,20250310,02079K305,119096,173.860000
20250331,20250304,02079K305,10481,167.010000
20250331,20250307,02079K305,21,172.350000
20250331,20250313,02079K305,4933,167.110000
20250331,20250312,02079K305,9616,164.040000
20250415,20250331,02079K305,342,154.330000
20250415,20250324,02079K305,3786,163.990000
20250415,20250328,02079K305,201,162.240000
20250415,20250318,02079K305,700,164.290000
20250415,20250321,02079K305,100,162.800000
20250415,20250317,02079K305,237,165.490000
20250415,20250326,02079K305,587,170.560000
20250415,20250320,02079K305,100,163.890000
20250415,20250319,02079K305,2004,160.670000
20250430,20250401,02079K305,8,154.640000
20250430,20250410,02079K305,56680,158.710000
20250430,20250411,02079K305,54,152.820000
20250430,20250407,02079K305,200,145.600000
20250430,20250414,02079K305,17890,157.140000
20250430,20250408,02079K305,3595,146.750000
20250430,20250404,02079K305,106,150.720000
20250515,20250417,02079K305,13679,153.330000
20250515,20250416,02079K305,69,156.310000
20250515,20250430,02079K305,95,160.160000
20250515,20250429,02079K305,43,160.610000
20250515,20250428,02079K305,1588,161.960000
20250515,20250422,02079K305,4300,147.670000
20250515,20250425,02079K305,24372,159.280000
20250515,20250423,02079K305,21494,151.470000
20250515,20250421,02079K305,92929,151.160000
20250531,20250507,02079K305,920,163.230000
20250531,20250513,02079K305,1723,158.460000
20250531,20250508,02079K305,119050,151.380000
20250531,20250512,02079K305,1173,152.750000
20250531,20250501,02079K305,25,158.800000
20250531,20250509,02079K305,420,154.280000
20250531,20250505,02079K305,2192,164.030000
20250531,20250514,02079K305,27,159.530000
20250615,20250520,02079K305,1496,166.540000
20250615,20250516,02079K305,5616,163.960000
20250615,20250529,02079K305,102,172.360000
20250615,20250519,02079K305,11859,166.190000
20250615,20250522,02079K305,55,168.560000
20250615,20250523,02079K305,1,170.870000
20250615,20250515,02079K305,91229,165.370000
20250630,20250612,02079K305,372,177.350000
20250630,20250609,02079K305,4500,173.680000
20250630,20250611,02079K305,85,178.600000
20250630,20250602,02079K305,452,171.740000
20250630,20250613,02079K305,3506,175.700000
20250715,20250620,02079K305,7,173.320000
20250715,20250623,02079K305,69,166.640000
20250715,20250616,02079K305,2300,174.670000
20250715,20250625,02079K305,599,166.770000
20250715,20250626,02079K305,323,170.680000
20250715,20250617,02079K305,3859,176.770000
20250715,20250630,02079K305,801,178.530000
20250715,20250618,02079K305,52,175.950000
20250731,20250711,02079K305,83,177.620000
20250731,20250701,02079K305,167538,176.230000
20250731,20250707,02079K305,9251,179.530000
20250731,20250714,02079K305,5242,180.190000
20250731,20250708,02079K305,103,176.790000
20250815,20250725,02079K305,199932,192.170000
20250815,20250723,02079K305,739,191.340000
20250815,20250724,02079K305,6284,190.230000
20250815,20250722,02079K305,179,190.100000
20250815,20250729,02079K305,38045,192.580000
20250815,20250728,02079K305,996236,193.180000
20250815,20250721,02079K305,21297,185.060000
20250815,20250730,02079K305,3643,195.750000
20250815,20250731,02079K305,4955,196.530000
20250815,20250715,02079K305,84,181.560000
20250831,20250813,02079K305,12033,203.340000
20250831,20250811,02079K305,27433,201.420000
20250831,20250805,02079K305,45,195.040000
20250831,20250806,02079K305,1644,194.670000
20250831,20250801,02079K305,2297,191.900000
20250831,20250804,02079K305,2300,189.130000
20250831,20250808,02079K305,99,196.520000
20250831,20250812,02079K305,3947,201.000000
20250831,20250814,02079K305,8531,201.960000
20250831,20250807,02079K305,45,196.090000
20250915,20250829,02079K305,128,211.640000
20250915,20250825,02079K305,6218,206.090000
20250915,20250819,02079K305,24,203.500000
20250915,20250821,02079K305,293,199.320000
20250915,20250828,02079K305,2349,207.480000
20250915,20250818,02079K305,21621,203.900000
20250915,20250827,02079K305,1311,207.140000
20250930,20250905,02079K305,3348,232.300000
20250930,20250903,02079K305,109040,211.350000
20250930,20250904,02079K305,28806,230.660000
20250930,20250911,02079K305,5770,239.170000
20250930,20250909,02079K305,9791,234.040000
20250930,20250902,02079K305,997,212.910000
20250930,20250910,02079K305,2256,239.630000
20250930,20250908,02079K305,57563,235.000000
20251015,20250922,02079K305,48040,254.720000
20251015,20250930,02079K305,31,244.050000
20251015,20250925,02079K305,16239,247.140000
20251015,20250918,02079K305,41,249.530000
20251015,20250926,02079K305,2,245.790000
20251015,20250915,02079K305,10466,240.800000
20251015,20250916,02079K305,35436,251.610000
20251015,20250929,02079K305,2800,246.540000
20251015,20250919,02079K305,48,252.030000
20251015,20250917,02079K305,5008,251.160000
20251015,20250923,02079K305,4300,252.530000
20251031,20251009,02079K305,26,244.620000
20251031,20251014,02079K305,2943,244.150000
20251031,20251010,02079K305,64,241.530000
20251031,20251001,02079K305,20,243.100000
20251031,20251007,02079K305,5,250.430000
20251031,20251008,02079K305,1,245.760000
20251031,20251006,02079K305,2504,245.350000
20251115,20251017,02079K305,53,251.460000
20251115,20251016,02079K305,564,251.030000
20251115,20251027,02079K305,4612,259.920000
20251115,20251028,02079K305,37,269.270000
20251115,20251031,02079K305,159,281.480000
20251115,20251029,02079K305,50607,267.470000
20251115,20251015,02079K305,20,245.450000
20251115,20251024,02079K305,40,253.080000
20251115,20251020,02079K305,11842,253.300000
