20170715,20170615,459200101,33,153.810000
20170715,20170621,459200101,284138,154.950000
20170715,20170622,459200101,698,153.790000
20170715,20170629,459200101,15097,155.320000
20170715,20170619,459200101,18850,155.380000
20170731,20170706,459200101,111,153.670000
20170731,20170710,459200101,23118,152.940000
20170815,20170721,459200101,2412,147.660000
20170815,20170724,459200101,385,147.080000
20170815,20170726,459200101,138081,146.190000
20170815,20170720,459200101,2830,147.530000
20170815,20170717,459200101,13591,154.240000
20170815,20170718,459200101,2928,153.010000
20170831,20170809,459200101,2,142.110000
20170831,20170807,459200101,15637,145.160000
20170831,20170803,459200101,46938,144.450000
20170915,20170831,459200101,214,142.560000
20170915,20170823,459200101,101438,141.010000
20170930,20170905,459200101,8769,144.080000
20170930,20170907,459200101,526,143.820000
20170930,20170914,459200101,30,145.990000
20170930,20170901,459200101,49908,143.030000
20171015,20170922,459200101,70,145.260000
20171015,20170926,459200101,19833,145.870000
20171015,20170921,459200101,14,145.880000
20171015,20170928,459200101,9,145.660000
20171015,20170929,459200101,10630,145.660000
20171031,20171013,459200101,1700,147.030000
20171031,20171003,459200101,1245,146.660000
20171031,20171006,459200101,51,146.720000
20171031,20171011,459200101,8,148.500000
20171115,20171025,459200101,747,155.880000
20171115,20171016,459200101,54046,147.100000
20171115,20171024,459200101,250,159.550000
20171115,20171018,459200101,7070,146.540000
20171115,20171030,459200101,949,153.680000
20171215,20171120,459200101,30,148.970000
20171215,20171117,459200101,12804,149.120000
20171231,20171205,459200101,2,156.460000
20171231,20171213,459200101,40,156.740000
20171231,20171201,459200101,53216,153.970000
20171231,20171207,459200101,3836,154.100000
20171231,20171206,459200101,14606,155.350000
20171231,20171214,459200101,700,153.910000
20180115,20171226,459200101,364,152.500000
20180115,20171215,459200101,72,154.000000
20180115,20171220,459200101,50,153.230000
20180115,20171222,459200101,300,151.500000
20180131,20180108,459200101,11013,162.490000
20180131,20180105,459200101,7500,161.700000
20180131,20180112,459200101,58,164.200000
20180131,20180104,459200101,3153,158.490000
20180131,20180109,459200101,66443,163.470000
20180215,20180119,459200101,155083,169.120000
20180215,20180131,459200101,557,163.620000
20180215,20180123,459200101,29113,162.600000
20180215,20180124,459200101,2942,166.250000
20180215,20180130,459200101,1677,166.800000
20180215,20180125,459200101,19735,165.370000
20180228,20180206,459200101,260,152.530000
20180228,20180201,459200101,958,163.700000
20180228,20180213,459200101,561,151.400000
20180228,20180212,459200101,85,149.510000
20180228,20180207,459200101,730,155.340000
20180228,20180202,459200101,470,162.400000
20180315,20180220,459200101,1468,156.180000
20180315,20180215,459200101,20000,154.760000
20180315,20180216,459200101,21350,156.010000
20180315,20180226,459200101,4581,155.520000
20180315,20180221,459200101,58293,155.160000
20180315,20180227,459200101,600,158.580000
20180331,20180302,459200101,1723,153.810000
20180331,20180308,459200101,2,158.320000
20180331,20180312,459200101,417,159.310000
20180331,20180313,459200101,999,160.260000
20180331,20180305,459200101,10632,154.490000
20180415,20180329,459200101,30000,152.520000
20180415,20180327,459200101,1670,153.370000
20180415,20180322,459200101,2891,156.690000
20180415,20180321,459200101,712,156.200000
20180415,20180320,459200101,15550,157.350000
20180415,20180323,459200101,1,152.090000
20180415,20180319,459200101,1,160.260000
20180415,20180316,459200101,422,159.610000
20180415,20180328,459200101,30,151.910000
20180430,20180411,459200101,63,155.390000
20180430,20180413,459200101,741,158.070000
20180430,20180404,459200101,331,149.850000
20180430,20180406,459200101,401,154.030000
20180430,20180409,459200101,428369,150.570000
20180515,20180430,459200101,156,146.480000
20180515,20180423,459200101,69,144.900000
20180515,20180419,459200101,1579,148.790000
20180515,20180417,459200101,2467,157.890000
20180515,20180426,459200101,2567,145.940000
20180515,20180424,459200101,3680,145.860000
20180515,20180416,459200101,66682,156.710000
20180515,20180427,459200101,2600,146.720000
20180531,20180502,459200101,2063,145.000000
20180531,20180508,459200101,604,143.220000
20180531,20180511,459200101,64,144.240000
20180531,20180514,459200101,300,144.140000
20180615,20180531,459200101,9106,142.620000
20180615,20180522,459200101,700,145.490000
20180615,20180517,459200101,1,144.630000
20180615,20180521,459200101,22720,144.080000
20180615,20180524,459200101,105,144.670000
20180615,20180530,459200101,200,141.220000
20180615,20180515,459200101,11952,144.300000
20180615,20180516,459200101,60,143.740000
20180615,20180518,459200101,300,144.500000
20180630,20180607,459200101,374,144.710000
20180630,20180613,459200101,6,146.870000
20180630,20180611,459200101,600,146.140000
20180630,20180606,459200101,1027,143.700000
20180630,20180612,459200101,5425,146.580000
20180630,20180604,459200101,168418,141.950000
20180715,20180627,459200101,345,139.080000
20180715,20180626,459200101,389,138.790000
20180715,20180619,459200101,15739,144.480000
20180715,20180625,459200101,4,141.280000
20180715,20180621,459200101,4,142.630000
20180731,20180703,459200101,13760,139.860000
20180731,20180711,459200101,1,144.710000
20180731,20180702,459200101,2244,139.700000
20180731,20180709,459200101,6617,142.480000
20180731,20180710,459200101,2200,144.390000
20180815,20180724,459200101,1000,145.700000
20180815,20180731,459200101,88,145.490000
20180815,20180727,459200101,4991,146.710000
20180815,20180716,459200101,29212,145.900000
20180831,20180814,459200101,100,142.710000
20180831,20180810,459200101,6194,144.770000
20180831,20180808,459200101,12984,147.010000
20180831,20180807,459200101,3200,146.030000
20180915,20180815,459200101,8306,143.360000
20180915,20180816,459200101,7385,143.910000
20180915,20180831,459200101,1261,145.930000
20180915,20180821,459200101,4500,146.510000
20180915,20180822,459200101,492,145.970000
20180915,20180820,459200101,133088,146.060000
20180915,20180824,459200101,187,145.370000
20180930,20180911,459200101,1,145.650000
20180930,20180906,459200101,34,146.660000
20180930,20180905,459200101,346,145.680000
20180930,20180913,459200101,318,146.570000
20180930,20180907,459200101,392,146.390000
20181015,20180925,459200101,1577717,150.030000
20181015,20180926,459200101,13546,148.910000
20181015,20180918,459200101,2679,147.940000
20181031,20181003,459200101,128,153.750000
20181031,20181010,459200101,450,147.240000
20181031,20181005,459200101,76,151.310000
20181031,20181011,459200101,2362,142.690000
20181031,20181009,459200101,42665,148.390000
20181031,20181002,459200101,321,153.000000
20181031,20181012,459200101,12,139.020000
20181115,20181026,459200101,16039,126.450000
20181115,20181024,459200101,2170,131.210000
20181115,20181017,459200101,348,145.120000
20181115,20181018,459200101,200,134.050000
20181115,20181015,459200101,2667,140.850000
20181115,20181023,459200101,379,130.020000
20181115,20181029,459200101,483,124.790000
20181115,20181025,459200101,2170,127.210000
20181130,20181109,459200101,5000,123.380000
20181130,20181105,459200101,4,115.670000
20181215,20181119,459200101,140,121.570000
20181215,20181129,459200101,627,123.000000
20181215,20181126,459200101,50,117.190000
20181215,20181115,459200101,550,120.200000
20181215,20181128,459200101,90,120.030000
20181215,20181116,459200101,50,121.440000
20181215,20181120,459200101,1850,120.310000
20181215,20181123,459200101,1279,118.570000
20181215,20181121,459200101,723,117.200000
20181231,20181212,459200101,181531,120.890000
20181231,20181204,459200101,4171,125.310000
20181231,20181210,459200101,297,119.340000
20181231,20181205,459200101,7855,121.600000
20181231,20181206,459200101,16890,121.600000
20190115,20181224,459200101,36429,110.940000
20190115,20181226,459200101,53792,107.570000
20190115,20181227,459200101,58,111.390000
20190115,20181228,459200101,848,113.780000
20190131,20190102,459200101,13,113.670000
20190131,20190109,459200101,19,119.830000
20190131,20190108,459200101,1500,118.150000
20190131,20190104,459200101,787,112.910000
20190215,20190118,459200101,230,122.190000
20190215,20190124,459200101,4430,132.890000
20190215,20190129,459200101,2700,134.270000
20190215,20190131,459200101,301,134.380000
20190215,20190115,459200101,290,120.390000
20190215,20190116,459200101,199,121.730000
20190215,20190123,459200101,2611,122.520000
20190215,20190125,459200101,100,132.530000
20190215,20190130,459200101,3353,134.330000
20190215,20190128,459200101,350,133.970000
20190228,20190207,459200101,446,136.320000
20190228,20190208,459200101,31722,133.190000
20190228,20190213,459200101,4976,136.050000
20190228,20190214,459200101,575,137.520000
20190315,20190226,459200101,625,139.460000
20190315,20190220,459200101,5000,138.700000
20190315,20190221,459200101,429,138.000000
20190331,20190314,459200101,504,138.560000
20190331,20190312,459200101,212385,137.710000
20190331,20190313,459200101,93,138.280000
20190331,20190311,459200101,384,135.090000
20190331,20190305,459200101,38048,138.430000
20190415,20190326,459200101,300,139.180000
20190415,20190319,459200101,2189,140.210000
20190415,20190328,459200101,699,139.240000
20190415,20190325,459200101,296,139.450000
20190430,20190410,459200101,1,142.110000
20190430,20190411,459200101,25212,143.020000
20190430,20190403,459200101,29,143.000000
20190430,20190402,459200101,3246,143.300000
20190515,20190423,459200101,49057,138.890000
20190515,20190425,459200101,9,139.950000
20190515,20190415,459200101,3,144.350000
20190515,20190422,459200101,22,140.330000
20190515,20190416,459200101,8386,143.900000
20190515,20190424,459200101,23,140.440000
20190531,20190507,459200101,2,140.380000
20190531,20190502,459200101,358,140.560000
20190531,20190501,459200101,166,140.270000
20190531,20190506,459200101,143,140.250000
20190531,20190510,459200101,23,135.340000
20190531,20190513,459200101,486,135.320000
20190531,20190514,459200101,8404,131.420000
20190615,20190529,459200101,176,130.460000
20190615,20190531,459200101,786,129.570000
20190615,20190515,459200101,100,133.310000
20190615,20190523,459200101,225,136.350000
20190615,20190522,459200101,1998,136.450000
20190615,20190528,459200101,84,132.280000
20190630,20190605,459200101,8468,132.690000
20190630,20190613,459200101,1,134.870000
20190630,20190611,459200101,901,134.740000
20190630,20190606,459200101,2264,131.490000
20190630,20190614,459200101,1996,135.760000
20190630,20190610,459200101,930,133.310000
20190715,20190620,459200101,93,137.080000
20190715,20190626,459200101,24671,138.360000
20190715,20190624,459200101,19453,139.200000
20190715,20190625,459200101,55999,139.350000
20190731,20190701,459200101,955,137.900000
20190731,20190709,459200101,326,140.570000
20190731,20190711,459200101,40453,140.470000
20190731,20190705,459200101,143767,141.540000
20190815,20190723,459200101,4500,149.740000
20190815,20190715,459200101,2910,142.740000
20190815,20190722,459200101,99747,149.680000
20190815,20190718,459200101,20,143.070000
20190815,20190730,459200101,9326,150.880000
20190831,20190805,459200101,220,147.250000
20190831,20190806,459200101,300,140.760000
20190831,20190809,459200101,392,140.100000
20190915,20190820,459200101,1100,135.040000
20190915,20190827,459200101,83,129.990000
20190915,20190822,459200101,25,134.250000
20190915,20190830,459200101,97,134.880000
20190915,20190829,459200101,7721,132.760000
20190915,20190826,459200101,2359,129.570000
20190930,20190910,459200101,3028,142.600000
20190930,20190913,459200101,231,143.620000
20190930,20190909,459200101,5375,140.570000
20190930,20190911,459200101,852,145.050000
20190930,20190905,459200101,224,136.320000
20190930,20190904,459200101,900,134.100000
20191015,20190930,459200101,588,143.240000
20191015,20190919,459200101,1177,142.220000
20191015,20190920,459200101,1,142.970000
20191015,20190923,459200101,1,141.880000
20191015,20190918,459200101,14,142.200000
20191015,20190924,459200101,283049,142.070000
20191015,20190917,459200101,349,142.480000
20191031,20191004,459200101,41,142.020000
20191031,20191003,459200101,451,141.690000
20191031,20191008,459200101,1217,141.280000
20191031,20191010,459200101,359,139.670000
20191031,20191001,459200101,500,145.420000
20191031,20191011,459200101,2800,141.130000
20191115,20191024,459200101,90,134.380000
20191115,20191015,459200101,1754,142.040000
20191115,20191016,459200101,101,143.000000
20191115,20191028,459200101,6562,135.440000
20191115,20191018,459200101,40354,134.260000
20191115,20191025,459200101,150,134.070000
20191115,20191022,459200101,1166,132.580000
20191115,20191029,459200101,1400,135.970000
20191115,20191030,459200101,2697,133.820000
20191130,20191104,459200101,1,135.530000
20191130,20191108,459200101,22952,137.690000
20191130,20191113,459200101,5929,135.590000
20191130,20191107,459200101,1469,138.780000
20191130,20191105,459200101,200,137.670000
20191215,20191126,459200101,1700,135.970000
20191215,20191127,459200101,366,135.090000
20191215,20191125,459200101,70,134.340000
20191231,20191202,459200101,359,134.450000
20191231,20191211,459200101,167,133.910000
20191231,20191213,459200101,1693,135.320000
20191231,20191210,459200101,900,133.920000
20200115,20191220,459200101,3116,134.560000
20200115,20191223,459200101,6678,135.590000
20200115,20191226,459200101,3307,134.980000
20200115,20191224,459200101,3916,135.550000
20200131,20200108,459200101,11241,134.190000
20200131,20200114,459200101,3000,136.600000
20200131,20200109,459200101,119,135.310000
20200131,20200103,459200101,79,135.420000
20200215,20200127,459200101,409,140.560000
20200215,20200117,459200101,43,137.980000
20200215,20200128,459200101,20000,138.620000
20200215,20200131,459200101,35000,136.770000
20200215,20200129,459200101,16350,139.550000
20200215,20200130,459200101,100000,137.690000
20200215,20200122,459200101,9942,139.170000
20200531,20200506,459200101,8842,122.580000
20200531,20200501,459200101,9961,125.560000
20200531,20200508,459200101,77522,121.230000
20200531,20200513,459200101,23483,120.260000
20200615,20200520,459200101,8,120.290000
20200615,20200529,459200101,348,124.530000
20200615,20200527,459200101,348,121.760000
20200615,20200521,459200101,827,121.380000
20200615,20200528,459200101,449,125.540000
20200630,20200610,459200101,194280,131.870000
20200630,20200605,459200101,734,128.890000
20200630,20200601,459200101,289,124.900000
20200630,20200602,459200101,1000,124.890000
20200630,20200604,459200101,480,129.050000
20200630,20200609,459200101,19066,135.750000
20200715,20200624,459200101,4000,119.410000
20200715,20200629,459200101,7200,117.190000
20200715,20200623,459200101,100,121.070000
20200715,20200616,459200101,1,121.650000
20200731,20200714,459200101,536,119.200000
20200731,20200701,459200101,10010,120.770000
20200731,20200707,459200101,59186,120.190000
20200731,20200708,459200101,69081,117.580000
20200731,20200709,459200101,11,117.710000
20200731,20200710,459200101,50,115.710000
20200731,20200706,459200101,64310,119.700000
20200731,20200713,459200101,18276,118.350000
20200815,20200724,459200101,2069,127.330000
20200815,20200715,459200101,140,120.600000
20200815,20200728,459200101,215,126.210000
20200815,20200720,459200101,125,125.110000
20200815,20200721,459200101,1839,126.370000
20200815,20200727,459200101,187,125.790000
20200815,20200722,459200101,4456,126.060000
20200831,20200807,459200101,24747,126.120000
20200831,20200812,459200101,1574,126.750000
20200831,20200810,459200101,1159,124.960000
20200831,20200806,459200101,663,125.450000
20200831,20200811,459200101,2864,127.110000
20200831,20200805,459200101,750,125.840000
20200915,20200831,459200101,20469,125.070000
20200915,20200820,459200101,191,123.840000
20200915,20200826,459200101,982,124.640000
20200915,20200817,459200101,97,125.270000
20200915,20200819,459200101,1,124.920000
20200915,20200828,459200101,43,124.650000
20200915,20200818,459200101,357,124.440000
20200930,20200910,459200101,1719,122.260000
20200930,20200901,459200101,1248,123.310000
20200930,20200903,459200101,98,128.180000
20200930,20200909,459200101,1719,121.210000
20200930,20200908,459200101,6754,122.300000
20200930,20200911,459200101,5226,120.560000
20200930,20200914,459200101,426,121.460000
20201015,20200918,459200101,19794,124.920000
20201015,20200922,459200101,5601,120.250000
20201015,20200915,459200101,1007,122.090000
20201015,20200921,459200101,4969,122.760000
20201031,20201005,459200101,228,120.570000
20201031,20201014,459200101,926,125.100000
20201031,20201002,459200101,111,121.090000
20201031,20201009,459200101,3429,131.490000
20201031,20201006,459200101,200,122.010000
20201031,20201008,459200101,175,124.070000
20201031,20201007,459200101,81863,121.970000
20201115,20201020,459200101,273,125.520000
20201115,20201028,459200101,170464,110.560000
20201115,20201030,459200101,6823,108.910000
20201115,20201027,459200101,170478,112.220000
20201115,20201023,459200101,149,115.760000
20201130,20201104,459200101,257,114.160000
20201130,20201103,459200101,7961,112.910000
20201130,20201102,459200101,147,111.660000
20201130,20201106,459200101,25969,114.770000
20201130,20201113,459200101,7622,114.500000
20201215,20201127,459200101,32450,124.200000
20201215,20201116,459200101,1541,116.850000
20201215,20201123,459200101,1110,116.940000
20201215,20201124,459200101,114,120.090000
20201215,20201117,459200101,2200,118.360000
20201231,20201203,459200101,302,124.620000
20201231,20201204,459200101,5063,123.610000
20201231,20201211,459200101,7,124.960000
20201231,20201207,459200101,12126,127.200000
20201231,20201201,459200101,4525,123.520000
20201231,20201202,459200101,188,123.160000
20201231,20201208,459200101,13200,124.700000
20210115,20201229,459200101,6788,124.820000
20210115,20201228,459200101,395,124.690000
20210115,20201222,459200101,4600,123.390000
20210115,20201217,459200101,384,125.550000
20210131,20210107,459200101,10845,129.290000
20210131,20210112,459200101,3500,128.580000
20210131,20210113,459200101,20,129.210000
20210131,20210114,459200101,118000,126.920000
20210131,20210105,459200101,4909,123.940000
20210131,20210104,459200101,505,125.880000
20210131,20210108,459200101,8056,128.990000
20210215,20210120,459200101,507912,129.020000
20210215,20210127,459200101,2108,122.490000
20210215,20210129,459200101,15110,120.080000
20210215,20210128,459200101,600,122.470000
20210215,20210126,459200101,91065,118.580000
20210228,20210209,459200101,1737,123.610000
20210228,20210205,459200101,11,121.020000
20210228,20210210,459200101,13565,122.100000
20210228,20210211,459200101,3406,122.240000
20210228,20210212,459200101,3129,120.910000
20210228,20210201,459200101,123,119.110000
20210228,20210203,459200101,2942,119.440000
20210228,20210202,459200101,27777,120.540000
20210315,20210218,459200101,16335,119.970000
20210315,20210223,459200101,1534,120.860000
20210315,20210226,459200101,1950,122.470000
20210315,20210222,459200101,642,118.990000
20210315,20210219,459200101,22,120.730000
20210315,20210224,459200101,1252,120.710000
20210331,20210304,459200101,417,122.360000
20210331,20210301,459200101,1737,118.930000
20210331,20210309,459200101,3528,124.810000
20210331,20210312,459200101,1716,127.140000
20210331,20210308,459200101,276,122.830000
20210415,20210325,459200101,5585,130.620000
20210415,20210323,459200101,39378,130.550000
20210415,20210329,459200101,379,136.380000
20210415,20210316,459200101,62747,128.580000
20210415,20210322,459200101,4102,128.900000
20210415,20210319,459200101,267,130.060000
20210415,20210324,459200101,51,130.460000
20210415,20210330,459200101,6200,135.860000
20210430,20210414,459200101,1,131.180000
20210430,20210401,459200101,781,133.260000
20210430,20210406,459200101,15806,135.930000
20210430,20210412,459200101,81557,135.730000
20210430,20210413,459200101,24293,134.590000
20210430,20210405,459200101,467,133.230000
20210430,20210409,459200101,1555,135.120000
20210430,20210407,459200101,1069,134.220000
20210515,20210423,459200101,53466,141.280000
20210515,20210421,459200101,40,138.160000
20210515,20210420,459200101,5814,133.120000
20210515,20210428,459200101,1,142.010000
20210515,20210426,459200101,2049,142.430000
20210515,20210427,459200101,7988,141.570000
20210531,20210510,459200101,65004,145.460000
20210531,20210504,459200101,13,144.750000
20210531,20210514,459200101,134,144.170000
20210531,20210507,459200101,1423,148.420000
20210531,20210505,459200101,25617,145.750000
20210531,20210503,459200101,2639,141.880000
20210531,20210506,459200101,41367,145.220000
20210615,20210524,459200101,1421,144.740000
20210615,20210519,459200101,180,143.910000
20210615,20210518,459200101,4400,145.110000
20210615,20210517,459200101,246,144.680000
20210615,20210525,459200101,47500,144.720000
20210630,20210601,459200101,6000,143.740000
20210630,20210604,459200101,1174,145.550000
20210630,20210603,459200101,104,145.720000
20210630,20210602,459200101,7029,144.190000
20210630,20210607,459200101,27,147.420000
20210630,20210608,459200101,40335,148.020000
20210630,20210609,459200101,310,149.070000
20210715,20210621,459200101,17635,143.120000
20210715,20210622,459200101,9109,146.650000
20210715,20210628,459200101,2213,146.840000
20210715,20210630,459200101,1,145.550000
20210715,20210629,459200101,9857,145.290000
20210715,20210616,459200101,269,149.360000
20210715,20210617,459200101,4837,147.830000
20210715,20210618,459200101,182,145.600000
20210715,20210615,459200101,45096,150.030000
20210731,20210713,459200101,479,140.920000
20210731,20210701,459200101,971,146.590000
20210731,20210714,459200101,154196,140.280000
20210815,20210726,459200101,523,141.340000
20210815,20210720,459200101,36000,137.920000
20210815,20210721,459200101,104908,139.970000
20210815,20210728,459200101,96342,142.750000
20210815,20210729,459200101,96883,141.770000
20210815,20210716,459200101,5949,140.450000
20210815,20210727,459200101,1100,142.770000
20210815,20210719,459200101,5533,138.900000
20210831,20210805,459200101,108362,142.760000
20210831,20210806,459200101,115743,142.770000
20210831,20210804,459200101,22021,144.070000
20210831,20210810,459200101,98676,141.250000
20210915,20210817,459200101,1549,143.590000
20210915,20210827,459200101,1700,138.780000
20210915,20210823,459200101,13744,139.110000
20210915,20210830,459200101,13,139.410000
20210915,20210831,459200101,1351,138.970000
20210930,20210910,459200101,14000,137.740000
20210930,20210909,459200101,14000,138.670000
20210930,20210903,459200101,214,140.010000
20210930,20210913,459200101,3324,137.020000
20210930,20210914,459200101,980,138.150000
20211015,20210916,459200101,800,137.200000
20211015,20210915,459200101,800,136.220000
20211015,20210928,459200101,5090,138.560000
20211015,20210927,459200101,4916,137.490000
20211015,20210920,459200101,2590,135.230000
20211015,20210917,459200101,800,136.430000
20211031,20211004,459200101,178,143.320000
20211031,20211013,459200101,93145,140.470000
20211031,20211007,459200101,9364,142.360000
20211031,20211005,459200101,1041,144.110000
20211031,20211001,459200101,144,138.930000
20211031,20211008,459200101,165635,141.810000
20211115,20211025,459200101,367,127.880000
20211115,20211027,459200101,6953,127.130000
20211115,20211020,459200101,93333,141.980000
20211115,20211022,459200101,1364,128.330000
20211115,20211019,459200101,56048,142.320000
20211115,20211028,459200101,509,125.170000
20211130,20211101,459200101,89152,125.100000
20211130,20211102,459200101,3098,126.280000
20211130,20211109,459200101,63172,124.540000
20211130,20211105,459200101,147,120.850000
20211130,20211110,459200101,3436,120.850000
20211215,20211115,459200101,29015,118.960000
20211215,20211130,459200101,54362,118.500000
20211215,20211129,459200101,54361,115.810000
20211215,20211116,459200101,20615,118.870000
20211215,20211126,459200101,36,116.730000
20211215,20211122,459200101,4393,116.050000
20211231,20211207,459200101,11200,119.910000
20211231,20211208,459200101,109,121.580000
20211231,20211202,459200101,54361,116.920000
20211231,20211213,459200101,978,124.090000
20211231,20211201,459200101,54361,117.100000
20220115,20211228,459200101,10632,131.620000
20220115,20211220,459200101,41541,127.400000
20220115,20211231,459200101,67038,133.910000
20220115,20211216,459200101,235429,123.110000
20220115,20211230,459200101,5393,133.350000
20220115,20211222,459200101,268,128.970000
20220115,20211215,459200101,218429,123.760000
20220115,20211217,459200101,2004,125.930000
20220115,20211229,459200101,434,132.630000
20220115,20211221,459200101,8600,127.060000
20220115,20211227,459200101,130,130.630000
20220115,20211223,459200101,54,129.750000
20220131,20220113,459200101,463,133.590000
20220131,20220110,459200101,57128,134.830000
20220131,20220112,459200101,10524,132.870000
20220131,20220104,459200101,2200,136.040000
20220131,20220111,459200101,10724,135.030000
20220131,20220114,459200101,995,134.760000
20220131,20220106,459200101,3546,138.220000
20220215,20220119,459200101,1792,132.940000
20220215,20220127,459200101,60085,134.260000
20220215,20220128,459200101,110,132.520000
20220215,20220118,459200101,1792,134.210000
20220215,20220121,459200101,915,130.820000
20220215,20220124,459200101,915,129.350000
20220215,20220126,459200101,350,136.100000
20220215,20220120,459200101,985,131.580000
20220215,20220125,459200101,12359,128.820000
20220228,20220202,459200101,12280,135.530000
20220228,20220214,459200101,55,132.690000
20220228,20220201,459200101,1600,133.570000
20220228,20220207,459200101,3142,137.150000
20220228,20220211,459200101,41503,133.520000
20220228,20220204,459200101,5237,137.780000
20220228,20220208,459200101,4880,137.240000
20220315,20220225,459200101,1679,121.970000
20220315,20220217,459200101,775,129.180000
20220315,20220228,459200101,48424,124.180000
20220315,20220218,459200101,192,124.970000
20220315,20220224,459200101,96071,122.070000
20220315,20220216,459200101,147,129.940000
20220331,20220314,459200101,4146,123.960000
20220331,20220301,459200101,3445,122.510000
20220331,20220310,459200101,500,126.220000
20220331,20220311,459200101,188628,124.350000
20220331,20220307,459200101,28159,126.620000
20220331,20220308,459200101,166,126.070000
20220415,20220315,459200101,45945,123.940000
20220415,20220318,459200101,294725,127.960000
20220415,20220328,459200101,3,131.350000
20220415,20220322,459200101,94237,128.100000
20220415,20220317,459200101,89657,127.040000
20220415,20220325,459200101,9089,129.250000
20220415,20220321,459200101,1250,128.760000
20220415,20220324,459200101,74,128.300000
20220415,20220316,459200101,332,125.640000
20220415,20220330,459200101,153,131.940000
20220430,20220412,459200101,302,126.370000
20220430,20220414,459200101,945,126.140000
20220430,20220413,459200101,301,125.980000
20220430,20220411,459200101,410,127.730000
20220430,20220408,459200101,479,128.550000
20220430,20220404,459200101,50,130.150000
20220515,20220419,459200101,13482,126.170000
20220515,20220418,459200101,382,126.560000
20220515,20220427,459200101,3539,136.190000
20220515,20220420,459200101,43,129.150000
20220515,20220426,459200101,14969,139.100000
20220515,20220429,459200101,9838,135.740000
20220515,20220428,459200101,1953,135.060000
20220515,20220421,459200101,2182,138.320000
20220531,20220511,459200101,278,129.130000
20220531,20220512,459200101,26,130.750000
20220531,20220513,459200101,20,132.900000
20220531,20220505,459200101,221,137.400000
20220531,20220506,459200101,13142,135.920000
20220531,20220509,459200101,27673,137.670000
20220531,20220510,459200101,55322,134.440000
20220531,20220502,459200101,42402,132.210000
20220615,20220520,459200101,22,129.660000
20220615,20220517,459200101,1813,135.030000
20220615,20220516,459200101,1473,133.600000
20220630,20220613,459200101,258,136.190000
20220630,20220609,459200101,498,140.830000
20220630,20220601,459200101,1623,138.840000
20220630,20220607,459200101,6156,142.880000
20220630,20220610,459200101,190495,137.960000
20220630,20220608,459200101,15740,142.780000
20220715,20220621,459200101,160275,135.020000
20220715,20220615,459200101,66,135.720000
20220715,20220629,459200101,18696,141.860000
20220715,20220628,459200101,19590,142.800000
20220715,20220627,459200101,18285,142.060000
20220715,20220623,459200101,9277,137.080000
20220715,20220624,459200101,18419,138.440000
20220715,20220622,459200101,41162,137.850000
20220715,20220630,459200101,2379,140.710000
20220715,20220616,459200101,15081,137.060000
20220715,20220617,459200101,66,135.670000
20220731,20220705,459200101,2379,141.120000
20220731,20220714,459200101,2344,137.180000
20220731,20220706,459200101,3279,137.620000
20220731,20220707,459200101,2443,138.080000
20220731,20220711,459200101,2529,140.470000
20220731,20220701,459200101,2379,141.190000
20220731,20220712,459200101,7046,141.000000
20220731,20220713,459200101,2524,139.180000
20220731,20220708,459200101,2443,140.830000
20220815,20220719,459200101,26052,138.130000
20220815,20220721,459200101,13309,129.180000
20220815,20220729,459200101,15972,129.220000
20220815,20220720,459200101,49667,130.880000
20220815,20220727,459200101,4469,128.080000
20220815,20220728,459200101,13469,129.120000
20220815,20220718,459200101,17083,139.920000
20220815,20220722,459200101,1083,127.150000
20220815,20220726,459200101,3824,128.540000
20220815,20220715,459200101,23188,139.060000
20220815,20220725,459200101,52347,128.250000
20220831,20220805,459200101,10469,131.640000
20220831,20220811,459200101,7265,131.500000
20220831,20220810,459200101,6859,129.470000
20220831,20220809,459200101,7259,132.610000
20220831,20220803,459200101,7062,131.810000
20220831,20220812,459200101,12161,132.540000
20220831,20220804,459200101,8454,132.340000
20220831,20220802,459200101,5828,132.040000
20220831,20220801,459200101,4392,130.790000
20220831,20220808,459200101,194970,132.480000
20220915,20220818,459200101,12161,137.790000
20220915,20220816,459200101,13752,134.930000
20220915,20220824,459200101,12543,134.740000
20220915,20220815,459200101,12161,134.010000
20220915,20220826,459200101,22656,133.980000
20220915,20220822,459200101,11518,138.370000
20220915,20220830,459200101,19411,130.310000
20220915,20220831,459200101,19411,129.580000
20220915,20220819,459200101,12161,139.070000
20220915,20220829,459200101,19411,130.380000
20220915,20220817,459200101,12161,136.560000
20220915,20220825,459200101,19411,133.230000
20220915,20220823,459200101,11703,135.550000
20220930,20220908,459200101,19411,127.710000
20220930,20220901,459200101,19411,128.450000
20220930,20220909,459200101,19411,128.470000
20220930,20220907,459200101,19503,126.720000
20220930,20220912,459200101,19988,129.190000
20220930,20220914,459200101,43293,127.250000
20220930,20220913,459200101,19392,130.660000
20220930,20220902,459200101,19411,129.660000
20220930,20220906,459200101,19462,127.790000
20221015,20220927,459200101,17508,122.010000
20221015,20220929,459200101,17504,122.760000
20221015,20220921,459200101,17453,126.300000
20221015,20220926,459200101,89760,122.710000
20221015,20220916,459200101,17345,125.490000
20221015,20220930,459200101,19882,121.630000
20221015,20220920,459200101,17755,127.730000
20221015,20220919,459200101,18605,127.270000
20221015,20220915,459200101,24536,127.690000
20221015,20220928,459200101,17797,121.740000
20221015,20220922,459200101,17555,124.930000
20221015,20220923,459200101,17517,125.310000
20221031,20221005,459200101,11163,125.500000
20221031,20221007,459200101,29625,122.230000
20221031,20221013,459200101,20901,117.570000
20221031,20221004,459200101,11163,121.510000
20221031,20221011,459200101,21019,117.750000
20221031,20221014,459200101,9538,121.790000
20221031,20221012,459200101,20901,117.800000
20221031,20221003,459200101,16662,118.810000
20221031,20221006,459200101,17349,125.740000
20221115,20221017,459200101,14619,120.040000
20221115,20221019,459200101,53068,122.940000
20221115,20221020,459200101,53068,122.510000
20221115,20221027,459200101,86,135.010000
20221115,20221025,459200101,4700,132.690000
20221115,20221021,459200101,110808,128.300000
20221115,20221024,459200101,11889,129.900000
20221115,20221026,459200101,171,132.930000
20221115,20221028,459200101,140385,134.770000
20221115,20221018,459200101,54099,121.520000
20221130,20221108,459200101,1968,138.340000
20221130,20221101,459200101,3672,138.290000
20221130,20221104,459200101,34,134.470000
20221130,20221110,459200101,47834,137.390000
20221130,20221114,459200101,5871,143.170000
20221130,20221107,459200101,227,136.960000
20221130,20221103,459200101,32,136.830000
20221130,20221102,459200101,137,138.200000
20221130,20221109,459200101,5108,140.040000
20221215,20221129,459200101,9327,146.180000
20221215,20221118,459200101,2000,146.090000
20221215,20221122,459200101,5818,146.680000
20221215,20221115,459200101,2634,144.200000
20221215,20221128,459200101,2136,148.370000
20221215,20221125,459200101,2136,148.750000
20221215,20221123,459200101,2353,149.100000
20221215,20221116,459200101,2067,144.340000
20221215,20221121,459200101,2509,147.640000
20221215,20221117,459200101,2000,144.520000
20221231,20221213,459200101,763,149.210000
20221231,20221201,459200101,2043,148.900000
20221231,20221214,459200101,16031,150.570000
20221231,20221208,459200101,349,147.270000
20221231,20221209,459200101,45,147.780000
20221231,20221202,459200101,169518,149.160000
20221231,20221206,459200101,2612,147.410000
20230115,20221222,459200101,1514,142.140000
20230115,20221223,459200101,33,140.880000
20230115,20221220,459200101,1,138.870000
20230115,20221216,459200101,1955,142.360000
20230115,20221221,459200101,8,141.280000
20230115,20221219,459200101,4,140.160000
20230131,20230103,459200101,496,140.890000
20230131,20230105,459200101,229,142.600000
20230131,20230112,459200101,484,145.260000
20230131,20230104,459200101,152,141.550000
20230215,20230118,459200101,1600,145.190000
20230215,20230123,459200101,21758,141.200000
20230215,20230126,459200101,12834,140.760000
20230215,20230125,459200101,10323,141.490000
20230215,20230119,459200101,594,140.410000
20230215,20230124,459200101,30855,141.860000
20230215,20230131,459200101,21352,135.300000
20230215,20230117,459200101,286,145.890000
20230215,20230127,459200101,9946,134.450000
20230215,20230130,459200101,26853,134.390000
20230228,20230202,459200101,8287,135.090000
20230228,20230208,459200101,21196,135.840000
20230228,20230210,459200101,11238,133.750000
20230228,20230207,459200101,23877,136.180000
20230228,20230214,459200101,18975,137.350000
20230228,20230209,459200101,17696,135.980000
20230228,20230203,459200101,25564,136.390000
20230228,20230201,459200101,8287,134.730000
20230228,20230206,459200101,21370,136.940000
20230228,20230213,459200101,12718,135.600000
20230315,20230215,459200101,17357,136.010000
20230315,20230216,459200101,18517,136.400000
20230315,20230228,459200101,3894,130.490000
20230315,20230217,459200101,18961,135.000000
20230315,20230222,459200101,17656,131.710000
20230315,20230221,459200101,17661,135.020000
20230315,20230223,459200101,17656,130.970000
20230331,20230314,459200101,3365,125.580000
20230331,20230303,459200101,17188,128.930000
20230331,20230301,459200101,4333,129.300000
20230331,20230306,459200101,17188,129.640000
20230331,20230308,459200101,300,128.250000
20230331,20230302,459200101,106838,128.190000
20230331,20230313,459200101,99,125.450000
20230415,20230330,459200101,451,129.710000
20230415,20230324,459200101,179,123.370000
20230415,20230323,459200101,620,124.050000
20230415,20230329,459200101,7182,129.340000
20230415,20230327,459200101,8140,125.290000
20230415,20230328,459200101,6154,129.310000
20230415,20230331,459200101,28,129.220000
20230415,20230320,459200101,7155,123.690000
20230430,20230414,459200101,4039,127.900000
20230430,20230411,459200101,4141,131.030000
20230430,20230405,459200101,2523,131.600000
20230430,20230404,459200101,3146,132.060000
20230430,20230406,459200101,3345,132.140000
20230430,20230412,459200101,4412,130.420000
20230430,20230410,459200101,3016,130.500000
20230430,20230413,459200101,4241,128.540000
20230515,20230417,459200101,9062,128.140000
20230515,20230428,459200101,199,126.970000
20230515,20230425,459200101,199345,125.400000
20230515,20230419,459200101,100049,127.780000
20230515,20230424,459200101,313262,125.730000
20230515,20230420,459200101,100046,126.320000
20230515,20230421,459200101,330722,126.360000
20230515,20230418,459200101,22014,127.820000
20230531,20230510,459200101,9287,121.170000
20230531,20230508,459200101,498,123.650000
20230531,20230512,459200101,12302,120.900000
20230531,20230504,459200101,4712,123.450000
20230531,20230511,459200101,38523,122.020000
20230531,20230502,459200101,3366,126.090000
20230531,20230505,459200101,14227,122.570000
20230531,20230509,459200101,34,123.400000
20230615,20230524,459200101,33450,128.180000
20230615,20230525,459200101,66463,125.680000
20230615,20230523,459200101,4900,127.500000
20230615,20230531,459200101,3900,129.480000
20230615,20230515,459200101,11892,122.840000
20230615,20230519,459200101,709,126.150000
20230615,20230526,459200101,5223,126.760000
20230615,20230516,459200101,2403,123.360000
20230615,20230522,459200101,730,127.260000
20230630,20230607,459200101,137,132.690000
20230630,20230612,459200101,2102,135.300000
20230630,20230605,459200101,4556,132.420000
20230630,20230601,459200101,1,128.590000
20230630,20230613,459200101,6227,136.420000
20230630,20230608,459200101,24253,134.380000
20230630,20230602,459200101,507,129.820000
20230715,20230622,459200101,86,133.690000
20230715,20230621,459200101,4507,135.960000
20230715,20230627,459200101,2188,131.340000
20230715,20230626,459200101,21,129.430000
20230715,20230628,459200101,5,132.340000
20230715,20230620,459200101,188,137.480000
20230731,20230705,459200101,662,133.670000
20230731,20230703,459200101,20608,133.810000
20230731,20230706,459200101,115,134.240000
20230731,20230713,459200101,63,132.840000
20230731,20230707,459200101,698,132.160000
20230815,20230727,459200101,401,141.070000
20230815,20230731,459200101,183011,143.450000
20230815,20230724,459200101,210,138.940000
20230815,20230717,459200101,212,133.400000
20230815,20230728,459200101,407,142.970000
20230815,20230726,459200101,3093,140.330000
20230815,20230720,459200101,127107,135.480000
20230815,20230719,459200101,30925,135.360000
20230815,20230725,459200101,8858,139.540000
20230831,20230803,459200101,134,144.170000
20230831,20230810,459200101,41858,142.490000
20230831,20230801,459200101,838,144.180000
20230831,20230802,459200101,194980,143.330000
20230831,20230804,459200101,175965,144.450000
20230831,20230808,459200101,626,146.180000
20230831,20230807,459200101,2557,144.240000
20230915,20230817,459200101,1393,140.640000
20230915,20230829,459200101,1500,146.020000
20230915,20230830,459200101,3,146.450000
20230915,20230815,459200101,2098,141.910000
20230915,20230821,459200101,962,141.410000
20230915,20230823,459200101,1,141.490000
20230915,20230816,459200101,515,141.870000
20230915,20230822,459200101,510,142.280000
20230915,20230825,459200101,30447,143.550000
20230930,20230911,459200101,6604,147.680000
20230930,20230912,459200101,1084,148.380000
20230930,20230906,459200101,2300,148.130000
20230930,20230914,459200101,12843,146.550000
20230930,20230908,459200101,23,147.520000
20231015,20230921,459200101,22,149.830000
20231015,20230915,459200101,12843,147.350000
20231015,20230922,459200101,76852,147.380000
20231015,20230919,459200101,5930,145.090000
20231031,20231003,459200101,71,140.800000
20231031,20231011,459200101,4009,142.110000
20231031,20231013,459200101,35,141.240000
20231031,20231006,459200101,8668,141.520000
20231031,20231005,459200101,1033,141.070000
20231115,20231024,459200101,2400,136.380000
20231115,20231019,459200101,12,139.970000
20231115,20231018,459200101,10,140.320000
20231115,20231016,459200101,15,138.460000
20231115,20231030,459200101,23986,142.520000
20231115,20231025,459200101,4946,137.790000
20231115,20231017,459200101,3997,139.210000
20231130,20231110,459200101,16920,146.620000
20231130,20231109,459200101,39547,148.030000
20231130,20231106,459200101,115,147.900000
20231130,20231114,459200101,3770,148.100000
20231130,20231113,459200101,441,149.020000
20231215,20231127,459200101,4858,155.180000
20231215,20231121,459200101,2200,154.350000
20231215,20231128,459200101,2102,155.570000
20231231,20231212,459200101,2254,163.510000
20231231,20231205,459200101,1100,161.100000
20231231,20231214,459200101,303,163.620000
20231231,20231201,459200101,42,158.560000
20240115,20231229,459200101,199,163.750000
20240115,20231215,459200101,206,162.910000
20240115,20231219,459200101,124382,162.740000
20240131,20240109,459200101,3072,161.140000
20240131,20240102,459200101,38060,163.550000
20240131,20240108,459200101,64714,159.160000
20240131,20240103,459200101,14833,161.500000
20240131,20240112,459200101,2746,162.160000
20240215,20240118,459200101,50,166.080000
20240215,20240130,459200101,1014,187.140000
20240215,20240117,459200101,1786,166.960000
20240215,20240123,459200101,7804,172.830000
20240215,20240122,459200101,2837,171.480000
20240215,20240126,459200101,232516,190.430000
20240215,20240125,459200101,81094,173.930000
20240229,20240207,459200101,71250,183.410000
20240229,20240209,459200101,2387,184.360000
20240229,20240202,459200101,474,186.900000
20240229,20240201,459200101,19389,183.660000
20240229,20240213,459200101,1,186.160000
20240229,20240214,459200101,1,183.700000
20240229,20240205,459200101,75,185.790000
20240315,20240216,459200101,2550,186.870000
20240315,20240215,459200101,595,183.570000
20240315,20240222,459200101,743,179.700000
20240315,20240229,459200101,10567,185.300000
20240315,20240221,459200101,50140,183.440000
20240315,20240220,459200101,65995,187.640000
20240315,20240227,459200101,14323,184.130000
20240331,20240314,459200101,138167,196.700000
20240331,20240304,459200101,16903,188.200000
20240331,20240305,459200101,59193,193.060000
20240331,20240312,459200101,3590,191.730000
20240331,20240311,459200101,192,195.950000
20240415,20240315,459200101,7782,193.430000
20240415,20240325,459200101,481,190.840000
20240415,20240319,459200101,13011,191.690000
20240415,20240318,459200101,83539,191.070000
20240415,20240320,459200101,74,193.340000
20240415,20240328,459200101,224700,190.800000
20240415,20240327,459200101,413,188.500000
20240430,20240412,459200101,295,185.900000
20240430,20240404,459200101,10712,190.900000
20240430,20240411,459200101,620,186.040000
20240430,20240408,459200101,27,189.140000
20240430,20240409,459200101,108,189.820000
20240430,20240401,459200101,447,190.960000
20240430,20240403,459200101,9293,188.880000
20240515,20240423,459200101,11449,181.900000
20240515,20240426,459200101,100,168.910000
20240515,20240418,459200101,19,183.100000
20240515,20240417,459200101,1486,183.750000
20240531,20240510,459200101,1063,166.270000
20240531,20240507,459200101,30,168.610000
20240531,20240506,459200101,586,165.710000
20240531,20240502,459200101,75506,164.430000
20240531,20240509,459200101,44051,169.900000
20240615,20240531,459200101,31,165.630000
20240615,20240520,459200101,24,169.030000
20240615,20240515,459200101,55,167.360000
20240615,20240516,459200101,4283,168.260000
20240615,20240529,459200101,329,169.660000
20240630,20240611,459200101,1234,170.380000
20240630,20240604,459200101,1088,165.280000
20240630,20240603,459200101,21740,166.850000
20240630,20240614,459200101,18,169.120000
20240630,20240613,459200101,2,169.000000
20240715,20240628,459200101,31,170.850000
20240715,20240620,459200101,5940,170.550000
20240715,20240624,459200101,200,172.460000
20240715,20240617,459200101,31953,169.210000
20240715,20240627,459200101,2735,171.870000
20240715,20240621,459200101,5962,173.920000
20240715,20240618,459200101,5940,169.500000
20240731,20240701,459200101,7569,172.950000
20240731,20240708,459200101,91,176.020000
20240731,20240703,459200101,91,177.300000
20240731,20240712,459200101,615,178.310000
20240731,20240709,459200101,49,177.640000
20240731,20240702,459200101,158,175.100000
20240731,20240711,459200101,866,177.840000
20240731,20240705,459200101,91,175.730000
20240815,20240715,459200101,1108,182.830000
20240815,20240726,459200101,2925,191.980000
20240815,20240718,459200101,32,187.450000
20240815,20240723,459200101,20,184.150000
20240815,20240722,459200101,36145,183.250000
20240815,20240725,459200101,1429,184.020000
20240815,20240729,459200101,3385,191.750000
20240815,20240731,459200101,5168,191.040000
20240815,20240716,459200101,2761,182.880000
20240831,20240805,459200101,5875,189.120000
20240831,20240809,459200101,26168,192.610000
20240831,20240801,459200101,783,192.140000
20240831,20240808,459200101,800,186.800000
20240915,20240828,459200101,64,198.730000
20240915,20240827,459200101,146,197.980000
20240915,20240819,459200101,296,193.780000
20240915,20240829,459200101,8,198.460000
20240930,20240910,459200101,263,203.530000
20240930,20240912,459200101,3730,209.890000
20241015,20240925,459200101,4207,220.970000
20241015,20240919,459200101,7782,214.940000
20241015,20240924,459200101,470,220.500000
20241015,20240927,459200101,204,223.430000
20241015,20240917,459200101,10,217.160000
20241015,20240930,459200101,6153,220.840000
20241015,20240926,459200101,7546,221.230000
20241015,20240923,459200101,117892,217.700000
20241031,20241007,459200101,4827,226.000000
20241031,20241011,459200101,147,233.020000
20241031,20241009,459200101,893,228.620000
20241031,20241001,459200101,19,221.080000
20241031,20241002,459200101,1,219.350000
20241115,20241021,459200101,11848,232.200000
20241115,20241023,459200101,176,232.250000
20241115,20241025,459200101,6885,218.390000
20241115,20241015,459200101,5801,235.260000
20241115,20241029,459200101,3953,212.910000
20241130,20241105,459200101,13203,206.320000
20241130,20241108,459200101,64429,213.690000
20241130,20241106,459200101,43,207.570000
20241130,20241107,459200101,66548,213.600000
20241130,20241113,459200101,30,210.860000
20241130,20241112,459200101,40808,213.570000
20241130,20241101,459200101,867,206.720000
20241215,20241125,459200101,1944,222.970000
20241215,20241118,459200101,5099,204.990000
20241215,20241115,459200101,5994,208.990000
20241231,20241209,459200101,27094,238.040000
20241231,20241203,459200101,238,227.390000
20241231,20241202,459200101,501,227.410000
20241231,20241206,459200101,200,234.750000
20250115,20241220,459200101,52816,223.920000
20250115,20241216,459200101,2070,230.820000
20250115,20241226,459200101,229,224.410000
20250115,20241217,459200101,4438,229.330000
20250115,20241223,459200101,1276,223.360000
20250131,20250114,459200101,2877,217.400000
20250131,20250103,459200101,2304,219.940000
20250131,20250107,459200101,6756,222.670000
20250215,20250127,459200101,400,224.800000
20250215,20250129,459200101,3988,225.660000
20250215,20250123,459200101,42,223.260000
20250215,20250130,459200101,104,228.630000
20250215,20250121,459200101,5721,224.790000
20250228,20250207,459200101,186,253.440000
20250228,20250205,459200101,6,264.460000
20250228,20250210,459200101,17581,252.340000
20250315,20250221,459200101,61,264.740000
20250315,20250218,459200101,306,261.280000
20250315,20250224,459200101,898,261.480000
20250315,20250220,459200101,9462,264.320000
20250331,20250311,459200101,2380,256.900000
20250331,20250312,459200101,20537,248.950000
20250331,20250303,459200101,24,252.440000
20250331,20250307,459200101,371,248.690000
20250331,20250313,459200101,4496,249.630000
20250331,20250310,459200101,16634,261.540000
20250415,20250319,459200101,1586,246.950000
20250415,20250324,459200101,29907,243.870000
20250415,20250318,459200101,6916,252.970000
20250415,20250320,459200101,42125,252.290000
20250415,20250321,459200101,16112,243.320000
20250415,20250317,459200101,6995,248.350000
20250415,20250325,459200101,2866,248.450000
20250415,20250326,459200101,12269,249.900000
20250415,20250327,459200101,2441,250.340000
20250415,20250328,459200101,334,246.210000
20250415,20250331,459200101,493,244.000000
20250430,20250401,459200101,10,248.660000
20250430,20250410,459200101,4430,235.310000
20250430,20250404,459200101,10845,243.490000
20250430,20250407,459200101,36600,227.480000
20250430,20250408,459200101,8450,225.780000
20250430,20250409,459200101,16890,221.030000
20250515,20250424,459200101,1038,245.480000
20250515,20250417,459200101,2843,238.570000
20250515,20250421,459200101,39604,238.810000
20250515,20250422,459200101,30031,236.220000
20250515,20250428,459200101,1682,232.410000
20250515,20250416,459200101,1267,240.700000
20250515,20250430,459200101,2045,239.390000
20250515,20250423,459200101,34872,240.900000
20250515,20250425,459200101,43097,229.330000
20250515,20250415,459200101,19153,239.060000
20250531,20250502,459200101,25496,239.660000
20250531,20250509,459200101,219315,254.140000
20250531,20250505,459200101,2371,245.550000
20250531,20250513,459200101,1369,253.690000
20250531,20250501,459200101,22413,241.820000
20250531,20250508,459200101,2439,253.370000
20250531,20250512,459200101,6503,249.200000
20250531,20250514,459200101,1,258.590000
20250531,20250507,459200101,1811,249.120000
20250615,20250521,459200101,1683,266.950000
20250615,20250515,459200101,5371,257.820000
20250615,20250530,459200101,2095,258.690000
20250615,20250523,459200101,2567,258.370000
20250615,20250522,459200101,708,260.870000
20250615,20250519,459200101,26096,266.760000
20250615,20250529,459200101,34561,260.240000
20250615,20250520,459200101,21606,268.410000
20250615,20250516,459200101,7734,266.680000
20250615,20250528,459200101,42,263.230000
20250630,20250609,459200101,2311,268.870000
20250630,20250606,459200101,988,266.860000
20250630,20250604,459200101,1294,265.200000
20250630,20250610,459200101,78,272.080000
20250630,20250605,459200101,29411,265.520000
20250630,20250613,459200101,5265,281.030000
20250630,20250612,459200101,3289,281.520000
20250715,20250625,459200101,18759,293.790000
20250715,20250624,459200101,10772,289.180000
20250715,20250617,459200101,30465,281.830000
20250715,20250623,459200101,54529,280.970000
20250715,20250618,459200101,26863,283.050000
20250715,20250626,459200101,2254,291.060000
20250715,20250616,459200101,5750,277.220000
20250715,20250627,459200101,2580,291.930000
20250715,20250620,459200101,82314,283.210000
20250731,20250709,459200101,18003,290.420000
20250731,20250707,459200101,6584,291.970000
20250731,20250701,459200101,14827,294.780000
20250731,20250711,459200101,6798,287.430000
20250731,20250714,459200101,5332,283.590000
20250731,20250703,459200101,4891,287.650000
20250731,20250710,459200101,26678,290.140000
20250731,20250708,459200101,13899,292.470000
20250815,20250722,459200101,45,284.710000
20250815,20250728,459200101,1749,259.720000
20250815,20250715,459200101,262,283.790000
20250815,20250725,459200101,32828,260.510000
20250815,20250716,459200101,12,282.700000
20250815,20250721,459200101,1000,285.870000
20250831,20250808,459200101,3430,250.160000
20250831,20250805,459200101,6154,251.980000
20250831,20250812,459200101,393,236.300000
20250831,20250814,459200101,22964,240.070000
20250831,20250811,459200101,7506,242.270000
20250915,20250822,459200101,160,239.400000
20250915,20250819,459200101,2856,239.450000
20250915,20250815,459200101,7577,237.110000
20250915,20250826,459200101,541,239.430000
20250915,20250818,459200101,2427,239.720000
20250915,20250825,459200101,505,242.090000
20250930,20250902,459200101,3060,243.490000
20250930,20250909,459200101,2688,256.090000
20250930,20250903,459200101,1858,241.500000
20250930,20250908,459200101,3100,248.530000
20250930,20250912,459200101,10,257.010000
20250930,20250905,459200101,16681,247.180000
20250930,20250910,459200101,63943,259.110000
20250930,20250911,459200101,172,256.880000
20251015,20250929,459200101,14279,284.310000
20251015,20250930,459200101,9677,279.800000
20251015,20250923,459200101,9376,271.370000
20251015,20250918,459200101,3122,259.080000
20251015,20250925,459200101,17795,267.530000
20251015,20250922,459200101,49213,266.400000
20251015,20250926,459200101,19167,281.440000
20251015,20250924,459200101,4481,272.240000
20251015,20250915,459200101,1005,253.440000
20251015,20250916,459200101,601,256.240000
20251031,20251010,459200101,250658,288.230000
20251031,20251007,459200101,14362,289.420000
20251031,20251006,459200101,31588,288.370000
20251031,20251008,459200101,9707,293.870000
20251031,20251001,459200101,9350,282.160000
20251031,20251014,459200101,29413,277.220000
20251031,20251003,459200101,53376,286.720000
20251031,20251002,459200101,41904,286.490000
20251115,20251020,459200101,4112,281.280000
20251115,20251024,459200101,43855,285.000000
20251115,20251027,459200101,41779,307.460000
20251115,20251016,459200101,1870,280.750000
20251115,20251028,459200101,41164,313.090000
20251115,20251022,459200101,22,282.050000
20251115,20251029,459200101,34717,312.570000
20251115,20251023,459200101,40,287.510000
20251115,20251030,459200101,18376,308.210000
20251115,20251015,459200101,25517,276.150000
20251115,20251031,459200101,11740,310.060000
