20170715,20170623,464287655,6067,139.980000
20170715,20170619,464287655,944,140.190000
20170715,20170626,464287655,500,140.910000
20170715,20170629,464287655,300,141.980000
20170715,20170621,464287655,40888,139.800000
20170715,20170620,464287655,2399,141.230000
20170715,20170622,464287655,8406,139.450000
20170715,20170627,464287655,1621,141.080000
20170715,20170630,464287655,54990,141.140000
20170715,20170628,464287655,459742,139.840000
20170715,20170615,464287655,1057,141.260000
20170715,20170616,464287655,9555,140.540000
20170731,20170705,464287655,1834292,142.100000
20170731,20170706,464287655,73421,141.590000
20170731,20170713,464287655,298109,141.370000
20170731,20170710,464287655,327707,140.490000
20170731,20170712,464287655,2103,140.290000
20170731,20170714,464287655,1417334,141.490000
20170731,20170707,464287655,2484,139.140000
20170731,20170703,464287655,106738,140.920000
20170731,20170711,464287655,91014,139.880000
20170815,20170724,464287655,558117,142.550000
20170815,20170720,464287655,35754,143.100000
20170815,20170721,464287655,1083654,143.200000
20170815,20170731,464287655,3522562,141.960000
20170815,20170719,464287655,194634,141.690000
20170815,20170728,464287655,8941962,142.340000
20170815,20170727,464287655,6125860,143.250000
20170815,20170725,464287655,265070,142.750000
20170815,20170718,464287655,218907,142.060000
20170815,20170717,464287655,16,141.730000
20170815,20170726,464287655,3717403,144.050000
20170831,20170808,464287655,645889,140.440000
20170831,20170803,464287655,762199,140.230000
20170831,20170801,464287655,3781123,141.510000
20170831,20170807,464287655,2727,140.210000
20170831,20170814,464287655,224180,136.470000
20170831,20170810,464287655,383324,138.790000
20170831,20170804,464287655,67565,139.530000
20170831,20170811,464287655,315812,136.270000
20170831,20170802,464287655,2471036,141.780000
20170915,20170825,464287655,1619666,136.490000
20170915,20170816,464287655,4902100,137.400000
20170915,20170818,464287655,344616,134.930000
20170915,20170822,464287655,3610445,134.830000
20170915,20170824,464287655,5234336,136.070000
20170915,20170817,464287655,683064,137.440000
20170915,20170831,464287655,4509,138.370000
20170915,20170823,464287655,10361069,136.290000
20170915,20170821,464287655,2661818,134.920000
20170915,20170815,464287655,3442037,138.540000
20170915,20170829,464287655,141,137.460000
20170915,20170830,464287655,62360,137.490000
20170930,20170913,464287655,80217,141.540000
20170930,20170908,464287655,855,139.110000
20170930,20170912,464287655,54942,140.680000
20170930,20170914,464287655,476,141.960000
20170930,20170911,464287655,1440,139.220000
20170930,20170907,464287655,57337,139.460000
20170930,20170905,464287655,44,140.520000
20170930,20170901,464287655,299844,139.730000
20171015,20170919,464287655,277664,143.380000
20171015,20170927,464287655,216877,144.610000
20171015,20170921,464287655,27650,143.840000
20171015,20170915,464287655,120,141.830000
20171015,20170920,464287655,261200,143.380000
20171015,20170925,464287655,6453,144.300000
20171015,20170928,464287655,1665,147.440000
20171015,20170926,464287655,10689,144.500000
20171015,20170918,464287655,880889,142.410000
20171031,20171013,464287655,4318,149.640000
20171031,20171004,464287655,55627,150.330000
20171031,20171005,464287655,428937,149.850000
20171031,20171003,464287655,106548,150.000000
20171031,20171002,464287655,20167,148.180000
20171031,20171012,464287655,6756,149.750000
20171031,20171010,464287655,100614,149.430000
20171031,20171006,464287655,1711,150.260000
20171031,20171011,464287655,3034,149.860000
20171115,20171019,464287655,16714,149.520000
20171115,20171016,464287655,317868,149.370000
20171115,20171027,464287655,95469,148.760000
20171115,20171025,464287655,5769,149.170000
20171115,20171024,464287655,317887,148.860000
20171115,20171023,464287655,90057,149.980000
20171115,20171026,464287655,634,148.450000
20171115,20171031,464287655,3250,148.210000
20171130,20171114,464287655,760983,146.610000
20171130,20171110,464287655,3865,146.680000
20171130,20171102,464287655,12,148.270000
20171130,20171109,464287655,1051552,147.200000
20171130,20171113,464287655,769251,146.570000
20171130,20171107,464287655,73358,148.780000
20171130,20171108,464287655,44,147.000000
20171130,20171101,464287655,16609,149.260000
20171130,20171106,464287655,60,148.610000
20171130,20171103,464287655,9385,148.710000
20171215,20171124,464287655,9449,150.890000
20171215,20171129,464287655,4,152.860000
20171215,20171127,464287655,438263,150.950000
20171215,20171117,464287655,21545,147.770000
20171215,20171115,464287655,283149,146.210000
20171215,20171122,464287655,1171,151.090000
20171215,20171130,464287655,109074,153.370000
20171215,20171120,464287655,231690,148.450000
20171215,20171128,464287655,56295,150.490000
20171215,20171121,464287655,15200,149.530000
20171231,20171211,464287655,3768,151.410000
20171231,20171204,464287655,26949,153.020000
20171231,20171205,464287655,61500,152.450000
20171231,20171207,464287655,75367,150.220000
20171231,20171213,464287655,384786,150.880000
20171231,20171201,464287655,8756,153.650000
20171231,20171214,464287655,101299,151.780000
20171231,20171212,464287655,2580,151.350000
20171231,20171206,464287655,57,150.930000
20180115,20171227,464287655,351945,153.280000
20180115,20171215,464287655,76710,150.100000
20180115,20171228,464287655,108,153.130000
20180115,20171219,464287655,180467,154.300000
20180115,20171229,464287655,134586,153.730000
20180115,20171220,464287655,52967,153.080000
20180115,20171226,464287655,926085,153.190000
20180115,20171218,464287655,826541,152.240000
20180115,20171222,464287655,395596,153.470000
20180115,20171221,464287655,424347,153.380000
20180131,20180108,464287655,1426,154.790000
20180131,20180105,464287655,155413,154.470000
20180131,20180110,464287655,537964,154.820000
20180131,20180109,464287655,17024,155.030000
20180131,20180111,464287655,2779,154.840000
20180131,20180102,464287655,16634,152.460000
20180131,20180103,464287655,223013,153.900000
20180131,20180112,464287655,14535,157.500000
20180131,20180104,464287655,389048,154.060000
20180215,20180116,464287655,186309,158.160000
20180215,20180118,464287655,159138,157.620000
20180215,20180131,464287655,4953,157.180000
20180215,20180126,464287655,52288,159.030000
20180215,20180129,464287655,185,159.600000
20180215,20180117,464287655,189467,156.140000
20180215,20180130,464287655,103590,158.700000
20180215,20180122,464287655,52490,158.600000
20180215,20180124,464287655,75315,159.960000
20180215,20180125,464287655,53413,158.970000
20180215,20180123,464287655,11124646,159.450000
20180228,20180202,464287655,2336,156.850000
20180228,20180207,464287655,59133,149.690000
20180228,20180206,464287655,24638,147.920000
20180228,20180205,464287655,4368,153.830000
20180228,20180213,464287655,298,148.160000
20180228,20180214,464287655,2694,148.480000
20180228,20180208,464287655,1988903,149.840000
20180228,20180209,464287655,142680,145.440000
20180228,20180212,464287655,302447,146.770000
20180228,20180201,464287655,19268,156.360000
20180315,20180227,464287655,343091,154.990000
20180315,20180223,464287655,3222528,152.000000
20180315,20180226,464287655,92261,153.980000
20180315,20180216,464287655,11161,152.800000
20180315,20180215,464287655,413299,151.150000
20180315,20180221,464287655,2417699,152.080000
20180315,20180222,464287655,2578449,152.240000
20180315,20180220,464287655,882799,153.340000
20180315,20180228,464287655,86947,152.760000
20180331,20180309,464287655,1000,156.420000
20180331,20180305,464287655,3695547,152.350000
20180331,20180302,464287655,1648762,149.950000
20180331,20180306,464287655,4243713,153.710000
20180331,20180307,464287655,1578150,155.370000
20180331,20180308,464287655,1673716,156.740000
20180331,20180313,464287655,262396,159.200000
20180331,20180301,464287655,39132,150.350000
20180415,20180319,464287655,18167,157.800000
20180415,20180315,464287655,9160,157.710000
20180415,20180326,464287655,252001,150.050000
20180415,20180320,464287655,30098,156.280000
20180415,20180327,464287655,580800,153.330000
20180415,20180328,464287655,1092940,150.360000
20180415,20180322,464287655,10000,157.150000
20180415,20180329,464287655,651323,150.310000
20180415,20180321,464287655,10496,156.240000
20180415,20180323,464287655,4072,153.350000
20180430,20180403,464287655,290189,148.130000
20180430,20180411,464287655,15754,153.380000
20180430,20180413,464287655,2309,154.760000
20180430,20180406,464287655,15598,153.420000
20180430,20180404,464287655,918823,150.250000
20180430,20180402,464287655,969620,151.830000
20180430,20180410,464287655,471515,150.540000
20180430,20180409,464287655,134418,150.360000
20180515,20180419,464287655,34026,157.480000
20180515,20180427,464287655,507396,154.910000
20180515,20180420,464287655,211256,156.390000
20180515,20180425,464287655,2467,154.430000
20180515,20180416,464287655,91257,153.950000
20180515,20180417,464287655,77699,155.370000
20180515,20180418,464287655,5074,157.060000
20180515,20180424,464287655,230453,155.320000
20180515,20180423,464287655,255,155.550000
20180531,20180511,464287655,735910,159.530000
20180531,20180502,464287655,18921,154.070000
20180531,20180503,464287655,1573010,154.650000
20180531,20180501,464287655,4636,153.320000
20180531,20180508,464287655,108293,157.050000
20180531,20180514,464287655,413,159.840000
20180531,20180510,464287655,3966,158.680000
20180531,20180504,464287655,18,153.810000
20180531,20180509,464287655,3389,157.830000
20180531,20180507,464287655,177305,155.730000
20180615,20180521,464287655,932,161.870000
20180615,20180518,464287655,15452,161.660000
20180615,20180516,464287655,17229,159.260000
20180615,20180523,464287655,123845,161.760000
20180615,20180531,464287655,130658,164.080000
20180615,20180529,464287655,1847,161.740000
20180615,20180517,464287655,12650,160.920000
20180615,20180530,464287655,70757,161.520000
20180615,20180524,464287655,1704,161.970000
20180615,20180522,464287655,231421,162.940000
20180615,20180525,464287655,106896,162.030000
20180615,20180515,464287655,42890,159.230000
20180630,20180607,464287655,1562,166.930000
20180630,20180601,464287655,99,162.770000
20180630,20180604,464287655,200000,163.840000
20180630,20180608,464287655,53037,166.020000
20180630,20180606,464287655,434,165.730000
20180630,20180612,464287655,283003,166.770000
20180630,20180605,464287655,4483,164.710000
20180630,20180613,464287655,560735,167.530000
20180630,20180614,464287655,1271086,166.870000
20180630,20180611,464287655,340,166.520000
20180715,20180618,464287655,49491,167.810000
20180715,20180620,464287655,121568,168.610000
20180715,20180629,464287655,41813,163.880000
20180715,20180619,464287655,381835,168.600000
20180715,20180627,464287655,11587,166.040000
20180715,20180615,464287655,632943,167.760000
20180715,20180621,464287655,120217,169.970000
20180715,20180625,464287655,23938,167.820000
20180715,20180626,464287655,148,165.080000
20180715,20180628,464287655,239090,163.380000
20180715,20180622,464287655,43071,168.380000
20180731,20180711,464287655,3363,168.540000
20180731,20180713,464287655,666,167.920000
20180731,20180710,464287655,20641,169.310000
20180731,20180706,464287655,35127,166.840000
20180731,20180702,464287655,708737,163.770000
20180731,20180703,464287655,403420,164.900000
20180731,20180712,464287655,36500,167.110000
20180731,20180705,464287655,511992,164.960000
20180815,20180716,464287655,164143,167.420000
20180815,20180724,464287655,3639781,168.690000
20180815,20180727,464287655,44273,168.400000
20180815,20180717,464287655,293715,166.770000
20180815,20180731,464287655,263776,164.200000
20180815,20180726,464287655,642090,167.500000
20180815,20180723,464287655,25716,168.480000
20180815,20180719,464287655,95278,167.980000
20180815,20180720,464287655,715997,169.170000
20180815,20180730,464287655,516778,165.260000
20180815,20180718,464287655,110622,167.510000
20180815,20180725,464287655,1438470,166.890000
20180831,20180814,464287655,276756,166.550000
20180831,20180808,464287655,2319649,167.720000
20180831,20180806,464287655,39703,166.390000
20180831,20180801,464287655,310065,165.870000
20180831,20180807,464287655,2044794,167.320000
20180831,20180803,464287655,280429,166.970000
20180831,20180809,464287655,305000,167.570000
20180831,20180802,464287655,11705,165.760000
20180831,20180813,464287655,45439,167.530000
20180915,20180830,464287655,24529,172.500000
20180915,20180821,464287655,242644,168.820000
20180915,20180823,464287655,309,171.180000
20180915,20180816,464287655,175030,166.090000
20180915,20180828,464287655,96228,171.840000
20180915,20180822,464287655,164242,170.760000
20180915,20180815,464287655,9878,168.200000
20180915,20180829,464287655,328,172.000000
20180915,20180831,464287655,35518,172.360000
20180915,20180824,464287655,2650,170.660000
20180915,20180817,464287655,8907,167.630000
20180915,20180827,464287655,257887,171.590000
20180930,20180904,464287655,20549,173.020000
20180930,20180913,464287655,14778,170.620000
20180930,20180905,464287655,1020,172.250000
20180930,20180906,464287655,129,171.790000
20180930,20180910,464287655,27640,170.540000
20180930,20180911,464287655,710,170.750000
20180930,20180907,464287655,35614,170.630000
20180930,20180914,464287655,1372,170.660000
20180930,20180912,464287655,206964,171.030000
20181015,20180918,464287655,84861,169.560000
20181015,20180925,464287655,67602,169.770000
20181015,20180926,464287655,24578,170.030000
20181015,20180917,464287655,71280,171.380000
20181015,20180919,464287655,151387,170.270000
20181015,20180928,464287655,6710,168.040000
20181015,20180924,464287655,3836542,170.400000
20181015,20180921,464287655,3114542,171.220000
20181015,20180927,464287655,33376,168.030000
20181015,20180920,464287655,123130,169.650000
20181031,20181004,464287655,43,165.970000
20181031,20181009,464287655,50093,161.820000
20181031,20181005,464287655,23394,163.640000
20181031,20181012,464287655,25000,153.570000
20181031,20181003,464287655,145692,164.530000
20181031,20181010,464287655,426989,161.190000
20181031,20181002,464287655,22697,166.330000
20181031,20181001,464287655,15617,168.550000
20181031,20181011,464287655,569928,156.560000
20181115,20181025,464287655,526380,145.950000
20181115,20181022,464287655,7736,153.360000
20181115,20181017,464287655,52401,158.640000
20181115,20181023,464287655,6880,153.030000
20181115,20181015,464287655,25000,153.600000
20181115,20181026,464287655,3085,149.110000
20181115,20181030,464287655,44,146.670000
20181115,20181016,464287655,54605,154.170000
20181115,20181019,464287655,389,155.000000
20181115,20181018,464287655,162308,157.960000
20181115,20181024,464287655,195687,151.660000
20181130,20181108,464287655,18284,157.410000
20181130,20181106,464287655,361988,153.880000
20181130,20181105,464287655,117,154.000000
20181130,20181113,464287655,84,151.030000
20181130,20181107,464287655,47295,154.640000
20181130,20181102,464287655,683305,153.490000
20181130,20181114,464287655,393,150.550000
20181215,20181127,464287655,2730,149.810000
20181215,20181120,464287655,2350,148.860000
20181215,20181130,464287655,106,151.830000
20181215,20181121,464287655,345807,145.990000
20181215,20181126,464287655,98353,147.890000
20181215,20181128,464287655,59,148.570000
20181215,20181129,464287655,111827,152.240000
20181215,20181119,464287655,5979,151.940000
20181215,20181115,464287655,63691,149.450000
20181231,20181203,464287655,1185,152.620000
20181231,20181212,464287655,410081,143.450000
20181231,20181213,464287655,790707,144.820000
20181231,20181211,464287655,187497,143.600000
20181231,20181214,464287655,936467,142.770000
20181231,20181210,464287655,100,144.020000
20190115,20181221,464287655,22161,131.790000
20190115,20181227,464287655,400000,131.930000
20190115,20181217,464287655,449698,140.610000
20190115,20181219,464287655,200079,136.850000
20190115,20181226,464287655,699817,125.880000
20190115,20181228,464287655,415043,132.480000
20190115,20181231,464287655,72,132.860000
20190115,20181224,464287655,47137,128.370000
20190115,20181218,464287655,49000,137.020000
20190131,20190109,464287655,37772,141.730000
20190131,20190108,464287655,64911,139.590000
20190131,20190114,464287655,57090,143.680000
20190131,20190107,464287655,245877,137.190000
20190131,20190103,464287655,332928,134.660000
20190131,20190110,464287655,700,142.900000
20190131,20190111,464287655,1100,143.640000
20190215,20190128,464287655,3278,147.340000
20190215,20190129,464287655,73929,146.550000
20190215,20190115,464287655,1029654,142.250000
20190215,20190118,464287655,644323,145.830000
20190215,20190123,464287655,2854356,145.000000
20190215,20190117,464287655,40166,144.520000
20190215,20190122,464287655,1637443,147.330000
20190215,20190125,464287655,5068,145.470000
20190215,20190124,464287655,68472,144.600000
20190215,20190116,464287655,500482,143.450000
20190215,20190131,464287655,29787,147.800000
20190215,20190130,464287655,17915,146.200000
20190228,20190212,464287655,678,151.100000
20190228,20190211,464287655,522431,149.850000
20190228,20190205,464287655,296765,150.960000
20190228,20190204,464287655,7569,149.180000
20190228,20190213,464287655,30914,152.990000
20190228,20190201,464287655,39340,149.060000
20190228,20190214,464287655,2498,153.420000
20190228,20190208,464287655,9743,149.690000
20190228,20190206,464287655,7549,151.120000
20190315,20190227,464287655,114849,157.100000
20190315,20190220,464287655,166316,156.650000
20190315,20190219,464287655,49642,156.220000
20190315,20190226,464287655,38268,158.190000
20190315,20190225,464287655,272971,158.150000
20190315,20190221,464287655,14,157.390000
20190315,20190228,464287655,11376,157.320000
20190315,20190222,464287655,239417,156.790000
20190315,20190215,464287655,2345,153.770000
20190331,20190314,464287655,626726,154.980000
20190331,20190301,464287655,206644,156.780000
20190331,20190308,464287655,5529,151.680000
20190331,20190306,464287655,30873,156.080000
20190331,20190312,464287655,57632,154.290000
20190331,20190311,464287655,76325,151.640000
20190331,20190305,464287655,23707,156.810000
20190331,20190307,464287655,143096,153.020000
20190415,20190328,464287655,108517,151.270000
20190415,20190326,464287655,636839,150.280000
20190415,20190327,464287655,123098,151.860000
20190415,20190329,464287655,177,152.620000
20190415,20190315,464287655,1016398,154.350000
20190415,20190319,464287655,2016243,155.750000
20190415,20190322,464287655,4257,155.270000
20190415,20190318,464287655,1063273,154.760000
20190415,20190321,464287655,140384,153.260000
20190415,20190325,464287655,12678,149.620000
20190415,20190320,464287655,384657,154.960000
20190430,20190409,464287655,568,157.120000
20190430,20190403,464287655,2016,154.360000
20190430,20190401,464287655,4021,153.090000
20190430,20190408,464287655,591,157.380000
20190430,20190410,464287655,6062,155.200000
20190430,20190405,464287655,480882,155.920000
20190515,20190426,464287655,46818,156.750000
20190515,20190422,464287655,43160,155.640000
20190515,20190423,464287655,1815038,155.230000
20190515,20190415,464287655,5692,157.680000
20190515,20190429,464287655,145438,158.270000
20190515,20190417,464287655,17716,157.540000
20190515,20190425,464287655,365977,158.060000
20190515,20190424,464287655,105304,157.570000
20190515,20190430,464287655,146316,159.030000
20190515,20190416,464287655,411050,157.170000
20190531,20190508,464287655,17649,157.530000
20190531,20190514,464287655,310370,151.630000
20190531,20190513,464287655,20423,156.620000
20190531,20190509,464287655,255655,156.760000
20190531,20190503,464287655,2466,157.520000
20190531,20190506,464287655,98027,160.530000
20190531,20190507,464287655,2896,160.710000
20190531,20190510,464287655,105990,156.190000
20190531,20190502,464287655,251150,156.790000
20190531,20190501,464287655,8259,158.290000
20190615,20190530,464287655,27000,148.340000
20190615,20190523,464287655,187729,152.530000
20190615,20190531,464287655,20,147.930000
20190615,20190524,464287655,130452,149.390000
20190615,20190529,464287655,373568,149.590000
20190615,20190528,464287655,490092,150.790000
20190615,20190516,464287655,38136,154.040000
20190615,20190515,464287655,699434,153.540000
20190615,20190517,464287655,96609,155.000000
20190615,20190522,464287655,104133,153.820000
20190615,20190520,464287655,2771,152.840000
20190615,20190521,464287655,104610,151.780000
20190630,20190603,464287655,1564817,145.860000
20190630,20190613,464287655,2924133,151.470000
20190630,20190611,464287655,420038,151.750000
20190630,20190612,464287655,1440454,151.300000
20190630,20190605,464287655,1809050,150.160000
20190630,20190610,464287655,490473,150.860000
20190630,20190606,464287655,881967,150.190000
20190630,20190604,464287655,4099652,146.370000
20190630,20190614,464287655,596946,153.070000
20190630,20190607,464287655,316238,149.800000
20190715,20190628,464287655,4769,153.630000
20190715,20190619,464287655,54,154.010000
20190715,20190624,464287655,12788,153.950000
20190715,20190617,464287655,1169561,151.730000
20190715,20190626,464287655,64115,151.150000
20190715,20190627,464287655,75760,150.800000
20190715,20190625,464287655,172762,152.080000
20190715,20190620,464287655,2219,154.560000
20190715,20190618,464287655,1188025,152.240000
20190731,20190702,464287655,3018256,156.100000
20190731,20190712,464287655,708,154.910000
20190731,20190711,464287655,62507,155.670000
20190731,20190701,464287655,819834,155.500000
20190731,20190709,464287655,23742,155.190000
20190731,20190705,464287655,2928,156.260000
20190731,20190710,464287655,3334,155.400000
20190731,20190703,464287655,74594,155.150000
20190731,20190708,464287655,1041,156.680000
20190815,20190726,464287655,43996,155.360000
20190815,20190718,464287655,23507,154.130000
20190815,20190730,464287655,4127,156.150000
20190815,20190731,464287655,4305,157.840000
20190815,20190715,464287655,131188,156.110000
20190815,20190719,464287655,45,154.710000
20190815,20190722,464287655,4024,153.820000
20190815,20190724,464287655,132785,154.700000
20190815,20190729,464287655,4201,157.200000
20190815,20190723,464287655,226011,153.680000
20190815,20190717,464287655,76475,155.240000
20190831,20190809,464287655,2754045,152.540000
20190831,20190808,464287655,1369627,149.320000
20190831,20190814,464287655,32,150.270000
20190831,20190807,464287655,3524722,149.360000
20190831,20190812,464287655,154650,150.620000
20190831,20190806,464287655,3119535,148.000000
20190831,20190801,464287655,7030,156.560000
20190831,20190802,464287655,4435,154.290000
20190831,20190813,464287655,578831,148.670000
20190831,20190805,464287655,30756,152.580000
20190915,20190827,464287655,5296609,147.030000
20190915,20190826,464287655,259472,145.430000
20190915,20190828,464287655,691131,144.850000
20190915,20190820,464287655,1537464,150.130000
20190915,20190816,464287655,122898,145.490000
20190915,20190823,464287655,251547,150.030000
20190915,20190819,464287655,563351,148.630000
20190915,20190829,464287655,81079,146.540000
20190915,20190830,464287655,337664,149.110000
20190915,20190822,464287655,510689,150.380000
20190915,20190815,464287655,72681,146.070000
20190915,20190821,464287655,412134,149.150000
20190930,20190906,464287655,1472895,150.590000
20190930,20190904,464287655,2374184,146.660000
20190930,20190910,464287655,526678,151.910000
20190930,20190911,464287655,36668,153.850000
20190930,20190909,464287655,300854,149.900000
20190930,20190912,464287655,2700,157.000000
20190930,20190913,464287655,1971,157.040000
20190930,20190905,464287655,1969274,147.840000
20190930,20190903,464287655,39800,148.840000
20191015,20190927,464287655,63789,152.380000
20191015,20190916,464287655,24403,157.310000
20191015,20190917,464287655,19198,157.900000
20191015,20190920,464287655,107569,155.760000
20191015,20190925,464287655,13446,152.430000
20191015,20190926,464287655,62374,154.100000
20191015,20190918,464287655,25948,157.490000
20191015,20190924,464287655,642,155.310000
20191015,20190930,464287655,4,151.160000
20191031,20191008,464287655,185845,148.880000
20191031,20191007,464287655,16726,149.140000
20191031,20191003,464287655,268864,147.250000
20191031,20191004,464287655,224,147.740000
20191031,20191009,464287655,118904,146.460000
20191031,20191010,464287655,61558,147.130000
20191115,20191031,464287655,1718,156.330000
20191115,20191028,464287655,136,155.000000
20191115,20191018,464287655,7695,153.340000
20191115,20191024,464287655,19056,154.400000
20191115,20191030,464287655,2678,156.850000
20191115,20191016,464287655,560882,151.390000
20191115,20191022,464287655,460022,154.040000
20191115,20191023,464287655,672900,154.210000
20191115,20191015,464287655,465482,149.670000
20191115,20191029,464287655,5345,156.340000
20191115,20191025,464287655,5251,154.180000
20191115,20191021,464287655,753341,152.610000
20191130,20191107,464287655,4024,158.230000
20191130,20191113,464287655,415,158.830000
20191130,20191114,464287655,4678,158.150000
20191130,20191101,464287655,100504,155.450000
20191130,20191112,464287655,74,158.780000
20191130,20191104,464287655,102567,158.100000
20191130,20191106,464287655,238,159.150000
20191215,20191119,464287655,339604,158.520000
20191215,20191126,464287655,25019,161.580000
20191215,20191121,464287655,652,158.510000
20191215,20191122,464287655,3832,157.730000
20191215,20191125,464287655,119,158.220000
20191215,20191127,464287655,69614,161.690000
20191215,20191118,464287655,328401,158.920000
20191215,20191129,464287655,416347,162.830000
20191231,20191212,464287655,24957,162.560000
20191231,20191209,464287655,298415,162.820000
20191231,20191203,464287655,24220,160.190000
20191231,20191202,464287655,2137,161.770000
20191231,20191206,464287655,124918,160.940000
20191231,20191204,464287655,11828,159.680000
20191231,20191205,464287655,45124,160.780000
20191231,20191210,464287655,519664,162.510000
20200115,20191218,464287655,28,164.700000
20200115,20191216,464287655,12502,163.330000
20200115,20191226,464287655,149,166.680000
20200115,20191219,464287655,500,165.020000
20200115,20191224,464287655,171444,166.300000
20200115,20191230,464287655,501,165.860000
20200115,20191227,464287655,23141,166.680000
20200115,20191223,464287655,236760,165.970000
20200115,20191231,464287655,20247,165.440000
20200115,20191220,464287655,205212,165.730000
20200115,20191217,464287655,158162,163.880000
20200131,20200108,464287655,1949,164.800000
20200131,20200113,464287655,1752,164.890000
20200131,20200109,464287655,782,165.310000
20200131,20200106,464287655,2414,165.130000
20200131,20200102,464287655,1760,165.670000
20200131,20200114,464287655,87023,165.960000
20200131,20200103,464287655,2765,165.780000
20200131,20200107,464287655,23111,165.350000
20200131,20200110,464287655,669655,165.510000
20200215,20200116,464287655,5524,167.370000
20200215,20200122,464287655,178284,167.670000
20200215,20200123,464287655,49995,167.560000
20200215,20200127,464287655,2646,165.390000
20200215,20200129,464287655,178196,164.870000
20200215,20200115,464287655,318070,166.570000
20200215,20200130,464287655,1308615,163.930000
20200215,20200121,464287655,195390,169.070000
20200215,20200131,464287655,716916,163.930000
20200215,20200128,464287655,32985,163.510000
20200215,20200117,464287655,695738,169.530000
20200531,20200512,464287655,314253,131.700000
20200531,20200505,464287655,648178,125.680000
20200531,20200508,464287655,482434,127.440000
20200531,20200506,464287655,576117,126.650000
20200531,20200513,464287655,891676,126.970000
20200531,20200504,464287655,40431,125.140000
20200531,20200511,464287655,286937,132.360000
20200531,20200501,464287655,148234,130.310000
20200531,20200507,464287655,1004616,125.720000
20200531,20200514,464287655,4524685,122.720000
20200615,20200520,464287655,77471,130.060000
20200615,20200529,464287655,235799,139.700000
20200615,20200519,464287655,402496,132.680000
20200615,20200522,464287655,257319,134.240000
20200615,20200527,464287655,31781,138.780000
20200615,20200528,464287655,253639,143.090000
20200615,20200515,464287655,449664,123.120000
20200615,20200521,464287655,84284,134.000000
20200615,20200526,464287655,47698,134.890000
20200615,20200518,464287655,5836197,125.080000
20200630,20200610,464287655,90552,150.260000
20200630,20200612,464287655,742204,135.030000
20200630,20200609,464287655,120083,153.090000
20200630,20200603,464287655,75862,141.390000
20200630,20200611,464287655,96582,146.180000
20200630,20200602,464287655,69314,140.230000
20200630,20200608,464287655,46324,150.180000
20200630,20200604,464287655,234865,144.800000
20200630,20200605,464287655,97313,144.590000
20200630,20200601,464287655,111281,138.900000
20200715,20200625,464287655,3420745,138.360000
20200715,20200617,464287655,8474517,144.380000
20200715,20200630,464287655,1877766,141.140000
20200715,20200629,464287655,1706748,136.670000
20200715,20200616,464287655,8352952,140.990000
20200715,20200622,464287655,1897531,140.990000
20200715,20200626,464287655,633023,140.450000
20200715,20200624,464287655,4326299,143.000000
20200715,20200619,464287655,4731756,141.720000
20200715,20200623,464287655,5509099,142.400000
20200715,20200615,464287655,3991528,138.270000
20200715,20200618,464287655,5880938,141.770000
20200731,20200714,464287655,1233661,139.520000
20200731,20200701,464287655,2118091,143.180000
20200731,20200709,464287655,3742358,141.940000
20200731,20200708,464287655,22551,140.890000
20200731,20200706,464287655,101255,142.400000
20200731,20200713,464287655,3133500,141.310000
20200731,20200710,464287655,711296,139.070000
20200731,20200702,464287655,75694,141.820000
20200731,20200707,464287655,82427,143.430000
20200815,20200723,464287655,64896,148.110000
20200815,20200729,464287655,71465,146.130000
20200815,20200721,464287655,112886,145.960000
20200815,20200715,464287655,2080,141.830000
20200815,20200716,464287655,66355,147.030000
20200815,20200728,464287655,92768,147.600000
20200815,20200730,464287655,28960,149.350000
20200815,20200717,464287655,47911,146.160000
20200815,20200731,464287655,46,148.760000
20200815,20200727,464287655,9159,146.080000
20200815,20200724,464287655,71691,148.260000
20200815,20200720,464287655,13399,146.590000
20200831,20200810,464287655,1549,156.170000
20200831,20200804,464287655,77553,149.760000
20200831,20200813,464287655,44792,157.520000
20200831,20200812,464287655,55273,156.880000
20200831,20200811,464287655,584195,157.790000
20200831,20200803,464287655,19386,147.360000
20200831,20200807,464287655,46105,153.730000
20200831,20200814,464287655,252288,157.190000
20200831,20200805,464287655,164256,150.790000
20200831,20200806,464287655,199,153.790000
20200915,20200819,464287655,16291,156.390000
20200915,20200827,464287655,62297,155.420000
20200915,20200820,464287655,603,156.400000
20200915,20200828,464287655,10589,155.800000
20200915,20200824,464287655,55909,154.610000
20200915,20200831,464287655,148750,157.120000
20200915,20200817,464287655,8779,157.090000
20200915,20200825,464287655,147413,156.230000
20200915,20200826,464287655,7871,156.400000
20200915,20200818,464287655,108073,157.900000
20200915,20200821,464287655,80826,155.760000
20200930,20200904,464287655,29080,153.780000
20200930,20200903,464287655,117319,158.460000
20200930,20200914,464287655,313116,149.150000
20200930,20200909,464287655,226931,149.860000
20200930,20200901,464287655,2086,155.430000
20200930,20200902,464287655,58788,157.210000
20200930,20200908,464287655,104567,152.800000
20200930,20200911,464287655,87604,150.150000
20200930,20200910,464287655,29078,152.130000
20201015,20200923,464287655,2751626,149.060000
20201015,20200924,464287655,5036530,144.070000
20201015,20200928,464287655,68353,146.410000
20201015,20200921,464287655,389004,153.290000
20201015,20200918,464287655,153800,153.690000
20201015,20200922,464287655,1428225,147.920000
20201015,20200917,464287655,51341,154.820000
20201015,20200916,464287655,47264,153.370000
20201015,20200929,464287655,10146,150.020000
20201015,20200930,464287655,87,149.340000
20201015,20200915,464287655,1,153.080000
20201015,20200925,464287655,3666218,144.070000
20201031,20201009,464287655,20941,161.860000
20201031,20201013,464287655,301428,163.790000
20201031,20201002,464287655,2349,152.180000
20201031,20201007,464287655,99044,156.620000
20201031,20201006,464287655,151104,157.070000
20201031,20201014,464287655,71108,162.700000
20201031,20201008,464287655,138451,160.040000
20201031,20201001,464287655,166278,149.790000
20201031,20201005,464287655,126000,152.850000
20201115,20201022,464287655,82964,159.380000
20201115,20201015,464287655,1121,161.090000
20201115,20201029,464287655,57316,153.310000
20201115,20201020,464287655,9230,160.410000
20201115,20201030,464287655,357486,155.140000
20201115,20201019,464287655,80779,162.350000
20201115,20201016,464287655,16150,162.750000
20201115,20201023,464287655,746,162.130000
20201115,20201027,464287655,264150,159.550000
20201115,20201028,464287655,16467,158.180000
20201115,20201026,464287655,47664,163.070000
20201130,20201105,464287655,215,160.420000
20201130,20201112,464287655,1232794,172.630000
20201130,20201102,464287655,324386,153.090000
20201130,20201109,464287655,2251,163.620000
20201130,20201110,464287655,19998,169.550000
20201130,20201106,464287655,45,164.910000
20201130,20201103,464287655,46858,155.820000
20201215,20201119,464287655,4920,175.960000
20201215,20201124,464287655,8347212,180.820000
20201215,20201125,464287655,2168017,184.220000
20201215,20201130,464287655,40685,184.370000
20201215,20201117,464287655,338609,177.630000
20201215,20201116,464287655,276,173.500000
20201215,20201127,464287655,95429,183.590000
20201215,20201123,464287655,220020,177.500000
20201215,20201118,464287655,5555,178.460000
20201231,20201210,464287655,62250,189.410000
20201231,20201209,464287655,8553,190.800000
20201231,20201211,464287655,97795,191.240000
20201231,20201201,464287655,42937,181.020000
20201231,20201208,464287655,154510,188.380000
20201231,20201203,464287655,871022,182.890000
20201231,20201214,464287655,69104,190.300000
20201231,20201207,464287655,602,188.200000
20201231,20201204,464287655,102289,183.920000
20210115,20201222,464287655,3836,195.240000
20210115,20201231,464287655,5644,196.410000
20210115,20201221,464287655,566552,195.340000
20210115,20201217,464287655,189895,193.980000
20210115,20201228,464287655,140679,199.010000
20210115,20201223,464287655,25912,197.460000
20210115,20201216,464287655,968546,194.680000
20210115,20201229,464287655,9372,198.270000
20210115,20201230,464287655,114441,194.430000
20210115,20201215,464287655,8490166,189.930000
20210115,20201224,464287655,777,199.140000
20210115,20201218,464287655,44132,196.290000
20210131,20210112,464287655,84,207.540000
20210131,20210104,464287655,7218,196.060000
20210131,20210111,464287655,725,207.720000
20210131,20210107,464287655,125200,204.530000
20210131,20210106,464287655,1097,196.490000
20210131,20210113,464287655,11699,211.260000
20210131,20210105,464287655,34366,193.500000
20210131,20210114,464287655,54832,209.750000
20210131,20210108,464287655,39893,208.170000
20210215,20210121,464287655,565440,214.390000
20210215,20210127,464287655,9882,213.300000
20210215,20210126,464287655,27147,214.790000
20210215,20210120,464287655,101693,213.450000
20210215,20210119,464287655,78429,210.750000
20210215,20210129,464287655,21294,208.720000
20210228,20210211,464287655,5302,226.880000
20210228,20210209,464287655,30030,227.310000
20210228,20210204,464287655,683323,214.250000
20210228,20210208,464287655,77717,221.650000
20210228,20210203,464287655,1711339,213.610000
20210228,20210202,464287655,2062475,210.610000
20210228,20210212,464287655,4550,226.620000
20210228,20210201,464287655,138013,205.560000
20210228,20210210,464287655,692412,228.380000
20210228,20210205,464287655,22823,218.620000
20210315,20210216,464287655,503500,227.260000
20210315,20210224,464287655,8735,221.760000
20210315,20210222,464287655,864417,225.190000
20210315,20210218,464287655,2691734,224.060000
20210315,20210219,464287655,276327,220.590000
20210315,20210223,464287655,824631,223.730000
20210315,20210217,464287655,1583136,225.830000
20210315,20210226,464287655,143219,218.610000
20210331,20210311,464287655,52434,227.220000
20210331,20210303,464287655,21281,221.720000
20210331,20210302,464287655,200,226.070000
20210331,20210312,464287655,28410,232.220000
20210331,20210310,464287655,8947,223.340000
20210331,20210309,464287655,88670,218.740000
20210331,20210305,464287655,58353,213.190000
20210415,20210330,464287655,148436,214.400000
20210415,20210319,464287655,236095,225.240000
20210415,20210316,464287655,2728,234.420000
20210415,20210329,464287655,62,220.610000
20210415,20210324,464287655,118739,217.060000
20210415,20210326,464287655,1098952,216.660000
20210415,20210323,464287655,286956,225.230000
20210415,20210331,464287655,696374,218.010000
20210415,20210322,464287655,214535,226.940000
20210415,20210317,464287655,340,230.500000
20210415,20210325,464287655,16071,212.040000
20210430,20210409,464287655,119685,222.560000
20210430,20210401,464287655,40230,220.940000
20210430,20210407,464287655,838048,224.310000
20210430,20210414,464287655,96089,221.140000
20210430,20210406,464287655,620185,224.970000
20210430,20210412,464287655,157505,222.590000
20210430,20210405,464287655,200355,223.740000
20210515,20210420,464287655,474,221.730000
20210515,20210427,464287655,166446,228.110000
20210515,20210430,464287655,83588,227.990000
20210515,20210423,464287655,10486,221.580000
20210515,20210415,464287655,116548,223.320000
20210515,20210421,464287655,974099,217.190000
20210515,20210416,464287655,244838,224.290000
20210515,20210419,464287655,265809,224.650000
20210515,20210428,464287655,197610,228.450000
20210515,20210422,464287655,15690,222.500000
20210515,20210429,464287655,164139,228.840000
20210531,20210507,464287655,406819,222.590000
20210531,20210513,464287655,1367925,211.850000
20210531,20210510,464287655,287980,225.390000
20210531,20210511,464287655,59567,219.660000
20210531,20210503,464287655,22487,224.890000
20210531,20210514,464287655,4382607,215.750000
20210531,20210512,464287655,1183539,218.960000
20210531,20210506,464287655,584292,222.400000
20210615,20210528,464287655,737414,225.650000
20210615,20210519,464287655,496407,219.640000
20210615,20210525,464287655,682677,221.400000
20210615,20210524,464287655,364839,219.970000
20210615,20210518,464287655,1064,221.320000
20210615,20210521,464287655,126206,219.400000
20210615,20210520,464287655,8,217.950000
20210615,20210517,464287655,339676,221.020000
20210615,20210527,464287655,51837,223.350000
20210615,20210526,464287655,201745,219.260000
20210630,20210604,464287655,379,226.420000
20210630,20210607,464287655,766,227.400000
20210630,20210610,464287655,461491,231.340000
20210630,20210614,464287655,4766,231.700000
20210630,20210611,464287655,1507293,229.280000
20210630,20210602,464287655,291895,228.060000
20210630,20210603,464287655,1710,228.330000
20210630,20210609,464287655,1037365,232.890000
20210630,20210608,464287655,427926,230.450000
20210630,20210601,464287655,144538,225.500000
20210715,20210621,464287655,906876,222.130000
20210715,20210622,464287655,207358,226.880000
20210715,20210617,464287655,87829,229.870000
20210715,20210623,464287655,123373,227.910000
20210715,20210624,464287655,2225,228.660000
20210715,20210618,464287655,106058,227.290000
20210715,20210616,464287655,12841,230.360000
20210715,20210615,464287655,434860,231.020000
20210715,20210625,464287655,63109,231.890000
20210715,20210629,464287655,11315,230.440000
20210715,20210630,464287655,20319,229.340000
20210715,20210628,464287655,9433,232.280000
20210731,20210709,464287655,6,221.700000
20210731,20210714,464287655,50907,222.300000
20210731,20210713,464287655,6603,226.570000
20210731,20210712,464287655,21040,226.380000
20210731,20210701,464287655,2772,229.370000
20210731,20210706,464287655,304740,229.190000
20210731,20210702,464287655,299014,231.390000
20210731,20210708,464287655,345204,223.760000
20210815,20210727,464287655,38362,220.190000
20210815,20210721,464287655,105372,218.300000
20210815,20210715,464287655,11053,218.870000
20210815,20210728,464287655,4385,217.620000
20210815,20210729,464287655,106103,220.820000
20210815,20210719,464287655,174385,214.950000
20210815,20210720,464287655,1744486,211.730000
20210815,20210716,464287655,58723,217.630000
20210815,20210723,464287655,34155,218.530000
20210815,20210722,464287655,30022,222.060000
20210815,20210726,464287655,179,219.550000
20210815,20210730,464287655,432,222.520000
20210831,20210811,464287655,450736,222.600000
20210831,20210813,464287655,11711,223.160000
20210831,20210810,464287655,206702,222.160000
20210831,20210806,464287655,173088,222.030000
20210831,20210805,464287655,182913,218.110000
20210831,20210802,464287655,1521,221.050000
20210831,20210812,464287655,16127,223.690000
20210831,20210809,464287655,408692,223.390000
20210831,20210803,464287655,50985,219.950000
20210831,20210804,464287655,1335,220.860000
20210915,20210831,464287655,145846,225.480000
20210915,20210818,464287655,29491,216.400000
20210915,20210827,464287655,20041,220.200000
20210915,20210824,464287655,401385,219.620000
20210915,20210823,464287655,238737,215.520000
20210915,20210820,464287655,518856,211.940000
20210915,20210819,464287655,25110,214.510000
20210915,20210817,464287655,11505,219.070000
20210915,20210825,464287655,1270626,221.780000
20210915,20210816,464287655,9069,221.130000
20210915,20210826,464287655,749043,222.560000
20210915,20210830,464287655,4026,226.410000
20210930,20210913,464287655,65378,221.620000
20210930,20210902,464287655,290,227.440000
20210930,20210901,464287655,804,225.920000
20210930,20210909,464287655,8570,223.920000
20210930,20210910,464287655,5103,223.810000
20210930,20210903,464287655,44,229.020000
20210930,20210907,464287655,43178,227.960000
20210930,20210908,464287655,8949,226.390000
20210930,20210914,464287655,40,222.880000
20211015,20210923,464287655,200226,220.900000
20211015,20210924,464287655,100448,224.810000
20211015,20210916,464287655,59111,222.030000
20211015,20210929,464287655,19754,221.290000
20211015,20210922,464287655,6109201,217.520000
20211015,20210930,464287655,6310,220.820000
20211015,20210920,464287655,4978104,222.480000
20211015,20210927,464287655,138019,223.050000
20211015,20210917,464287655,2226105,222.190000
20211015,20210928,464287655,156657,226.440000
20211015,20210915,464287655,447621,220.040000
20211015,20210921,464287655,8984628,217.190000
20211031,20211008,464287655,4166,223.260000
20211031,20211014,464287655,161088,222.570000
20211031,20211005,464287655,5900,220.260000
20211031,20211006,464287655,51,221.020000
20211031,20211001,464287655,10198,218.750000
20211031,20211004,464287655,100,222.280000
20211031,20211012,464287655,115395,220.310000
20211031,20211013,464287655,147,221.520000
20211031,20211007,464287655,2673,219.870000
20211115,20211029,464287655,7744,228.110000
20211115,20211026,464287655,19458,229.570000
20211115,20211025,464287655,83596,227.410000
20211115,20211022,464287655,58503,227.950000
20211115,20211015,464287655,188281,225.870000
20211115,20211021,464287655,49386,227.370000
20211115,20211019,464287655,1831,225.030000
20211115,20211028,464287655,36641,223.650000
20211115,20211018,464287655,31310,225.160000
20211115,20211020,464287655,119508,225.870000
20211130,20211112,464287655,213,239.260000
20211130,20211109,464287655,578131,242.560000
20211130,20211103,464287655,45429,234.450000
20211130,20211102,464287655,34617,233.960000
20211130,20211110,464287655,16902,241.150000
20211130,20211108,464287655,47926,241.810000
20211130,20211101,464287655,51721,228.050000
20211130,20211105,464287655,159684,238.550000
20211215,20211115,464287655,99863,239.500000
20211215,20211122,464287655,87951,232.720000
20211215,20211117,464287655,821,238.990000
20211215,20211124,464287655,4168,231.330000
20211215,20211130,464287655,14866,222.710000
20211215,20211123,464287655,216710,231.730000
20211215,20211126,464287655,850,231.580000
20211215,20211129,464287655,40411,222.850000
20211215,20211119,464287655,13662,234.860000
20211215,20211116,464287655,563128,238.550000
20211231,20211214,464287655,3418947,216.040000
20211231,20211207,464287655,1130810,219.020000
20211231,20211202,464287655,1299135,213.260000
20211231,20211209,464287655,913176,225.630000
20211231,20211206,464287655,570533,214.710000
20211231,20211201,464287655,181141,218.170000
20211231,20211213,464287655,2713805,219.910000
20211231,20211203,464287655,150978,219.210000
20211231,20211210,464287655,3870001,220.520000
20211231,20211208,464287655,430321,224.100000
20220115,20211222,464287655,1297,218.180000
20220115,20211220,464287655,87665,215.140000
20220115,20211227,464287655,191336,222.040000
20220115,20211221,464287655,9700,212.120000
20220115,20211230,464287655,6908,222.990000
20220115,20211216,464287655,147716,217.580000
20220115,20211228,464287655,600,224.120000
20220115,20211229,464287655,39818,222.750000
20220115,20211231,464287655,37093,222.930000
20220115,20211215,464287655,55741,214.180000
20220115,20211217,464287655,140517,213.180000
20220131,20220103,464287655,17506,222.450000
20220131,20220106,464287655,901359,217.360000
20220131,20220114,464287655,1431490,214.010000
20220131,20220105,464287655,55989,224.980000
20220131,20220111,464287655,10010,215.320000
20220131,20220110,464287655,2892,216.070000
20220131,20220112,464287655,175424,217.610000
20220131,20220113,464287655,65170,215.990000
20220215,20220127,464287655,96203,195.970000
20220215,20220119,464287655,119898,207.830000
20220215,20220131,464287655,127160,195.250000
20220215,20220121,464287655,401532,200.750000
20220215,20220118,464287655,4056,214.310000
20220215,20220128,464287655,143125,191.520000
20220215,20220125,464287655,1235050,201.530000
20220215,20220120,464287655,762002,204.450000
20220215,20220126,464287655,422795,198.840000
20220215,20220124,464287655,1112304,196.990000
20220228,20220202,464287655,17741,203.360000
20220228,20220211,464287655,1318998,203.440000
20220228,20220214,464287655,4059680,201.380000
20220228,20220203,464287655,373111,201.340000
20220228,20220208,464287655,734483,199.360000
20220228,20220207,464287655,1604249,198.380000
20220228,20220201,464287655,146565,201.240000
20220228,20220209,464287655,1859992,202.760000
20220228,20220204,464287655,125583,197.530000
20220228,20220210,464287655,2258157,206.610000
20220315,20220215,464287655,1667677,200.680000
20220315,20220224,464287655,112739,192.980000
20220315,20220217,464287655,4329,206.490000
20220315,20220228,464287655,3440271,202.500000
20220315,20220225,464287655,11102,198.040000
20220315,20220223,464287655,399298,196.660000
20220315,20220222,464287655,493995,199.470000
20220315,20220216,464287655,5000,206.060000
20220315,20220218,464287655,4357,201.200000
20220331,20220303,464287655,3193801,204.240000
20220331,20220302,464287655,113880,199.490000
20220331,20220304,464287655,2550882,201.820000
20220331,20220314,464287655,539,196.730000
20220331,20220311,464287655,1087,199.920000
20220331,20220308,464287655,276245,193.720000
20220331,20220309,464287655,14952,194.790000
20220331,20220307,464287655,1894540,198.660000
20220331,20220301,464287655,95154,203.320000
20220415,20220324,464287655,7840,203.900000
20220415,20220325,464287655,16095,205.840000
20220415,20220328,464287655,66358,206.120000
20220415,20220330,464287655,135831,211.710000
20220415,20220317,464287655,221450,201.940000
20220415,20220316,464287655,1090454,195.780000
20220415,20220323,464287655,48802,207.500000
20220415,20220315,464287655,119069,192.710000
20220415,20220329,464287655,2755,206.190000
20220415,20220322,464287655,4038,205.440000
20220415,20220321,464287655,645,207.270000
20220430,20220405,464287655,79856,207.910000
20220430,20220406,464287655,10787,202.990000
20220430,20220414,464287655,125345,200.910000
20220430,20220412,464287655,1025445,196.540000
20220430,20220407,464287655,1537,200.110000
20220430,20220413,464287655,32754,197.160000
20220430,20220411,464287655,710,197.870000
20220430,20220404,464287655,145,207.570000
20220430,20220408,464287655,105278,199.460000
20220515,20220419,464287655,1322034,197.620000
20220515,20220418,464287655,145,198.960000
20220515,20220425,464287655,284298,192.680000
20220515,20220428,464287655,410463,186.960000
20220515,20220427,464287655,5442,187.740000
20220515,20220429,464287655,1143809,190.450000
20220515,20220422,464287655,87297,197.800000
20220515,20220421,464287655,18475,202.330000
20220515,20220420,464287655,439,201.560000
20220531,20220505,464287655,770627,193.520000
20220531,20220510,464287655,1976446,174.900000
20220531,20220506,464287655,353924,185.670000
20220531,20220511,464287655,2666,174.950000
20220531,20220503,464287655,196527,186.890000
20220531,20220504,464287655,686569,188.490000
20220531,20220502,464287655,565913,184.950000
20220531,20220509,464287655,1636934,182.580000
20220531,20220513,464287655,323,172.600000
20220615,20220520,464287655,845003,176.530000
20220615,20220526,464287655,99680,178.730000
20220615,20220518,464287655,8138,182.640000
20220615,20220523,464287655,5004,176.080000
20220615,20220525,464287655,4705469,175.570000
20220615,20220516,464287655,1170,178.070000
20220615,20220531,464287655,28826,187.640000
20220615,20220517,464287655,60483,177.220000
20220615,20220519,464287655,431889,176.240000
20220615,20220524,464287655,6295234,178.210000
20220630,20220609,464287655,2406607,187.950000
20220630,20220614,464287655,2674,170.200000
20220630,20220608,464287655,719634,190.900000
20220630,20220602,464287655,1821364,184.260000
20220630,20220603,464287655,15955,188.760000
20220630,20220606,464287655,965,187.060000
20220630,20220601,464287655,179492,185.310000
20220630,20220607,464287655,1418684,187.870000
20220630,20220613,464287655,848361,178.590000
20220630,20220610,464287655,3066608,183.570000
20220715,20220630,464287655,372072,170.690000
20220715,20220622,464287655,473213,168.140000
20220715,20220621,464287655,59484,165.180000
20220715,20220624,464287655,2749,169.830000
20220715,20220617,464287655,1538,163.900000
20220715,20220616,464287655,26563,171.860000
20220715,20220628,464287655,350,175.740000
20220715,20220629,464287655,160126,172.440000
20220715,20220615,464287655,5339,169.380000
20220715,20220623,464287655,170640,167.820000
20220715,20220627,464287655,900,175.090000
20220731,20220701,464287655,1086,169.360000
20220731,20220714,464287655,611918,171.320000
20220731,20220711,464287655,631194,175.590000
20220731,20220713,464287655,484121,171.470000
20220731,20220705,464287655,208861,171.410000
20220731,20220708,464287655,444043,175.610000
20220731,20220706,464287655,1016,172.830000
20220731,20220712,464287655,3356,172.060000
20220815,20220721,464287655,610187,181.490000
20220815,20220722,464287655,72664,182.420000
20220815,20220719,464287655,1381279,172.600000
20220815,20220715,464287655,65177,169.560000
20220815,20220718,464287655,89523,173.090000
20220815,20220729,464287655,38122,185.930000
20220815,20220725,464287655,2183,179.510000
20220815,20220720,464287655,135020,178.690000
20220815,20220727,464287655,36145,179.330000
20220815,20220728,464287655,47443,183.410000
20220831,20220803,464287655,177596,187.000000
20220831,20220802,464287655,261459,187.180000
20220831,20220801,464287655,249634,187.250000
20220831,20220808,464287655,21227,190.800000
20220831,20220809,464287655,59619,192.820000
20220831,20220811,464287655,82674,195.620000
20220831,20220805,464287655,268,189.350000
20220831,20220810,464287655,436452,190.190000
20220831,20220812,464287655,41223,196.350000
20220915,20220829,464287655,88,188.980000
20220915,20220825,464287655,2723,192.410000
20220915,20220824,464287655,681295,190.950000
20220915,20220831,464287655,194557,184.620000
20220915,20220818,464287655,67044,197.610000
20220915,20220826,464287655,606785,195.400000
20220915,20220816,464287655,2899,201.070000
20220915,20220823,464287655,435423,190.640000
20220915,20220830,464287655,26410,187.240000
20220915,20220822,464287655,3239,194.650000
20220915,20220815,464287655,12834,200.360000
20220915,20220817,464287655,1014,200.990000
20220915,20220819,464287655,2231,198.920000
20220930,20220908,464287655,842764,182.190000
20220930,20220909,464287655,1001337,183.710000
20220930,20220906,464287655,502673,180.090000
20220930,20220901,464287655,28428,183.500000
20220930,20220914,464287655,443066,182.250000
20220930,20220912,464287655,517371,187.400000
20220930,20220902,464287655,286152,181.500000
20220930,20220907,464287655,192167,178.310000
20220930,20220913,464287655,8116,189.670000
20221015,20220922,464287655,120528,175.340000
20221015,20220915,464287655,110380,182.960000
20221015,20220929,464287655,120307,169.940000
20221015,20220927,464287655,555417,164.170000
20221015,20220928,464287655,64331,164.730000
20221015,20220920,464287655,3936747,180.520000
20221015,20220921,464287655,59970,178.060000
20221015,20220923,464287655,550000,171.390000
20221015,20220919,464287655,2475262,178.990000
20221015,20220916,464287655,20756,181.630000
20221015,20220926,464287655,57642,167.310000
20221015,20220930,464287655,800000,166.130000
20221031,20221012,464287655,356888,167.720000
20221031,20221003,464287655,14102,164.920000
20221031,20221005,464287655,1200000,176.000000
20221031,20221007,464287655,2,173.720000
20221031,20221004,464287655,6212418,169.290000
20221031,20221013,464287655,2299,167.260000
20221031,20221014,464287655,793375,171.400000
20221031,20221011,464287655,35,167.670000
20221031,20221006,464287655,23479,174.700000
20221115,20221026,464287655,2270326,178.170000
20221115,20221017,464287655,1100471,166.810000
20221115,20221020,464287655,267500,171.210000
20221115,20221024,464287655,2417589,172.700000
20221115,20221031,464287655,31645,183.160000
20221115,20221019,464287655,5989,174.170000
20221115,20221028,464287655,2597219,179.090000
20221115,20221025,464287655,293027,173.440000
20221115,20221027,464287655,75,179.050000
20221115,20221021,464287655,267500,169.030000
20221130,20221110,464287655,29218,174.630000
20221130,20221103,464287655,603856,177.490000
20221130,20221108,464287655,1531879,179.490000
20221130,20221104,464287655,1545532,176.300000
20221130,20221114,464287655,925745,186.900000
20221130,20221109,464287655,84658,179.560000
20221130,20221102,464287655,1012607,183.580000
20221130,20221107,464287655,902618,178.680000
20221130,20221101,464287655,98969,183.330000
20221215,20221130,464287655,171355,182.370000
20221215,20221129,464287655,15258,181.840000
20221215,20221118,464287655,551874,182.540000
20221215,20221125,464287655,474777,185.190000
20221215,20221123,464287655,318850,184.710000
20221215,20221121,464287655,36440,183.720000
20221215,20221122,464287655,600,182.760000
20221215,20221116,464287655,506873,187.550000
20221215,20221115,464287655,3517015,184.810000
20221215,20221117,464287655,4796,184.250000
20221231,20221205,464287655,240433,188.050000
20221231,20221201,464287655,514,187.370000
20221231,20221206,464287655,3385,182.870000
20221231,20221212,464287655,490731,178.620000
20221231,20221202,464287655,67139,186.960000
20221231,20221207,464287655,18278,180.070000
20221231,20221214,464287655,1554372,181.380000
20221231,20221209,464287655,195397,180.840000
20221231,20221213,464287655,30035,180.720000
20221231,20221208,464287655,11780,179.540000
20230115,20221219,464287655,25,174.370000
20230115,20221230,464287655,1387124,174.850000
20230115,20221221,464287655,113861,172.920000
20230115,20221215,464287655,8400060,180.190000
20230115,20221220,464287655,634040,172.010000
20230115,20221223,464287655,85553,173.600000
20230115,20221216,464287655,3100260,175.680000
20230115,20221229,464287655,193300,170.530000
20230115,20221228,464287655,86881,173.220000
20230115,20221222,464287655,4002,175.900000
20230115,20221227,464287655,102546,174.390000
20230131,20230110,464287655,4410,177.880000
20230131,20230104,464287655,13717,173.400000
20230131,20230112,464287655,2818,182.760000
20230131,20230109,464287655,23441,177.580000
20230131,20230113,464287655,246567,185.830000
20230131,20230106,464287655,6202,173.680000
20230131,20230103,464287655,950645,174.360000
20230131,20230105,464287655,84829,175.560000
20230131,20230111,464287655,31563,180.510000
20230215,20230123,464287655,8994,185.040000
20230215,20230117,464287655,1183,187.050000
20230215,20230131,464287655,38193,186.940000
20230215,20230126,464287655,10661,187.450000
20230215,20230127,464287655,127626,188.560000
20230215,20230124,464287655,262273,187.330000
20230215,20230125,464287655,164583,186.930000
20230215,20230119,464287655,39147,183.800000
20230215,20230118,464287655,14811,186.820000
20230215,20230120,464287655,329964,182.040000
20230228,20230207,464287655,5758,194.140000
20230228,20230201,464287655,19163,191.480000
20230228,20230203,464287655,6855,198.320000
20230228,20230206,464287655,33538,196.990000
20230228,20230213,464287655,77212,190.310000
20230228,20230202,464287655,39331,194.490000
20230228,20230210,464287655,1454,189.930000
20230228,20230208,464287655,10387,195.580000
20230228,20230214,464287655,585223,192.600000
20230315,20230215,464287655,93421,192.510000
20230315,20230228,464287655,3326,188.170000
20230315,20230224,464287655,1330,189.280000
20230315,20230217,464287655,25057,192.600000
20230315,20230223,464287655,54981,187.940000
20230315,20230222,464287655,2237606,187.430000
20230315,20230221,464287655,7096,193.130000
20230315,20230216,464287655,5214,194.460000
20230315,20230227,464287655,1504,187.510000
20230331,20230303,464287655,669743,188.870000
20230331,20230310,464287655,427327,181.410000
20230331,20230307,464287655,7575,188.700000
20230331,20230314,464287655,2276799,173.310000
20230331,20230308,464287655,6622,186.510000
20230331,20230301,464287655,142360,188.180000
20230331,20230313,464287655,7779,176.180000
20230331,20230302,464287655,2655,188.420000
20230331,20230309,464287655,3893,186.600000
20230415,20230321,464287655,577291,173.450000
20230415,20230330,464287655,158649,175.420000
20230415,20230328,464287655,30148,173.700000
20230415,20230327,464287655,172026,171.790000
20230415,20230329,464287655,171062,173.450000
20230415,20230324,464287655,27309,170.250000
20230415,20230323,464287655,3005,171.640000
20230415,20230322,464287655,3905,176.650000
20230415,20230317,464287655,1673046,175.980000
20230415,20230331,464287655,135686,175.180000
20230415,20230316,464287655,1334409,173.610000
20230415,20230315,464287655,908426,176.520000
20230415,20230320,464287655,499151,171.230000
20230430,20230414,464287655,1577,178.170000
20230430,20230406,464287655,41753,173.630000
20230430,20230410,464287655,162796,173.890000
20230430,20230404,464287655,1349934,178.480000
20230430,20230403,464287655,134459,178.400000
20230430,20230405,464287655,1875264,175.350000
20230430,20230413,464287655,65087,175.840000
20230430,20230412,464287655,18482,177.140000
20230430,20230411,464287655,89831,175.750000
20230515,20230425,464287655,6442,177.440000
20230515,20230424,464287655,30791,177.560000
20230515,20230419,464287655,27384,178.020000
20230515,20230420,464287655,20,178.250000
20230515,20230417,464287655,2895,176.510000
20230515,20230426,464287655,2721,173.060000
20230515,20230428,464287655,151,173.680000
20230515,20230427,464287655,878,171.390000
20230515,20230418,464287655,126569,178.780000
20230515,20230421,464287655,2619,177.330000
20230531,20230502,464287655,938741,175.300000
20230531,20230511,464287655,66362,174.410000
20230531,20230508,464287655,1326535,174.450000
20230531,20230501,464287655,131953,175.200000
20230531,20230512,464287655,503339,173.070000
20230531,20230503,464287655,27515,171.700000
20230531,20230504,464287655,575272,172.330000
20230531,20230509,464287655,3354577,174.050000
20230531,20230505,464287655,27177,170.400000
20230531,20230510,464287655,1660281,173.530000
20230615,20230524,464287655,2781,177.420000
20230615,20230522,464287655,1188,176.110000
20230615,20230517,464287655,1271607,172.280000
20230615,20230531,464287655,236778,175.500000
20230615,20230525,464287655,2232,175.540000
20230615,20230523,464287655,1163,178.260000
20230615,20230518,464287655,143235,176.120000
20230615,20230516,464287655,274728,174.830000
20230615,20230515,464287655,23475,172.720000
20230615,20230519,464287655,8250,177.190000
20230615,20230530,464287655,1913,176.150000
20230615,20230526,464287655,14699,174.170000
20230630,20230613,464287655,5005,185.800000
20230630,20230607,464287655,17532,184.310000
20230630,20230602,464287655,22124,175.650000
20230630,20230612,464287655,988,185.030000
20230630,20230608,464287655,554659,187.240000
20230630,20230601,464287655,11208,173.770000
20230630,20230606,464287655,125806,179.580000
20230630,20230605,464287655,285019,182.020000
20230630,20230614,464287655,1237,187.930000
20230715,20230628,464287655,243437,183.360000
20230715,20230621,464287655,18641,185.130000
20230715,20230615,464287655,3601,185.910000
20230715,20230629,464287655,17585,184.260000
20230715,20230623,464287655,40249,183.330000
20230715,20230630,464287655,9211,186.380000
20230715,20230620,464287655,186481,185.940000
20230715,20230616,464287655,144561,187.440000
20230715,20230626,464287655,195,180.570000
20230715,20230627,464287655,30411,180.750000
20230715,20230622,464287655,174470,184.700000
20230731,20230712,464287655,69407,189.800000
20230731,20230703,464287655,435784,187.270000
20230731,20230711,464287655,3798,187.870000
20230731,20230713,464287655,356659,191.870000
20230731,20230705,464287655,29673,187.650000
20230731,20230707,464287655,2473,182.780000
20230731,20230706,464287655,71,185.780000
20230731,20230714,464287655,128075,193.420000
20230815,20230719,464287655,42812,195.970000
20230815,20230727,464287655,108658,196.460000
20230815,20230720,464287655,922,196.800000
20230815,20230725,464287655,520646,194.940000
20230815,20230726,464287655,45619,194.920000
20230815,20230718,464287655,116,193.580000
20230815,20230724,464287655,62076,194.460000
20230815,20230731,464287655,204575,196.430000
20230815,20230717,464287655,3467,191.530000
20230831,20230804,464287655,182676,194.560000
20230831,20230814,464287655,279533,190.990000
20230831,20230808,464287655,44538,194.300000
20230831,20230810,464287655,36880,191.570000
20230831,20230811,464287655,156208,190.720000
20230831,20230809,464287655,38404,193.080000
20230831,20230807,464287655,23430,194.170000
20230831,20230803,464287655,167891,195.110000
20230831,20230802,464287655,751766,197.800000
20230831,20230801,464287655,501048,198.710000
20230915,20230829,464287655,603,185.640000
20230915,20230831,464287655,40561,188.940000
20230915,20230825,464287655,80950,183.220000
20230915,20230822,464287655,3566258,184.380000
20230915,20230828,464287655,1780,184.000000
20230915,20230816,464287655,13062,188.140000
20230915,20230817,464287655,40777,185.840000
20230915,20230830,464287655,48673,188.230000
20230915,20230823,464287655,19023,183.830000
20230915,20230815,464287655,103990,190.660000
20230915,20230818,464287655,68847,183.650000
20230915,20230821,464287655,144329,184.650000
20230915,20230824,464287655,22623,185.790000
20230930,20230913,464287655,22062,184.180000
20230930,20230901,464287655,47573,188.610000
20230930,20230912,464287655,559779,184.360000
20230930,20230914,464287655,272387,182.970000
20230930,20230906,464287655,207169,186.830000
20230930,20230905,464287655,105,190.850000
20230930,20230911,464287655,19164,183.920000
20230930,20230907,464287655,96366,186.130000
20231015,20230921,464287655,609,179.860000
20231015,20230928,464287655,131314,175.990000
20231015,20230915,464287655,50691,185.550000
20231015,20230922,464287655,162637,177.070000
20231015,20230927,464287655,2323992,174.360000
20231015,20230925,464287655,215480,176.670000
20231015,20230926,464287655,596944,177.460000
20231015,20230919,464287655,5867564,182.390000
20231015,20230920,464287655,610311,181.680000
20231015,20230918,464287655,1794054,183.610000
20231031,20231002,464287655,2,176.740000
20231031,20231010,464287655,116525,174.000000
20231031,20231011,464287655,35666,175.970000
20231031,20231005,464287655,94650,171.220000
20231031,20231006,464287655,2297223,171.350000
20231031,20231003,464287655,8504,174.070000
20231031,20231012,464287655,327839,175.670000
20231031,20231013,464287655,209924,171.700000
20231115,20231016,464287655,66893,170.270000
20231115,20231027,464287655,592775,164.140000
20231115,20231018,464287655,240533,174.950000
20231115,20231026,464287655,93767,163.720000
20231115,20231023,464287655,18403,166.440000
20231115,20231025,464287655,9088,166.470000
20231115,20231020,464287655,126528,168.620000
20231115,20231024,464287655,81570,165.030000
20231115,20231017,464287655,316,173.020000
20231115,20231030,464287655,533432,162.210000
20231115,20231031,464287655,338843,163.110000
20231130,20231102,464287655,100181,165.460000
20231130,20231109,464287655,3159,169.870000
20231130,20231101,464287655,217023,164.520000
20231130,20231110,464287655,475961,167.240000
20231130,20231114,464287655,57,169.170000
20231130,20231108,464287655,1992,171.700000
20231130,20231107,464287655,12627,172.310000
20231130,20231103,464287655,46916,169.870000
20231215,20231121,464287655,5871,179.330000
20231215,20231124,464287655,1035,178.130000
20231215,20231122,464287655,184431,177.020000
20231215,20231120,464287655,23310,178.290000
20231215,20231129,464287655,81757,178.040000
20231215,20231128,464287655,308030,178.730000
20231215,20231130,464287655,518634,178.980000
20231215,20231127,464287655,59714,179.330000
20231215,20231117,464287655,29625,175.880000
20231215,20231115,464287655,53937,178.460000
20231215,20231116,464287655,13904,178.770000
20231231,20231208,464287655,67386,185.390000
20231231,20231211,464287655,14,186.800000
20231231,20231212,464287655,12595,187.190000
20231231,20231214,464287655,1819,193.330000
20231231,20231201,464287655,4456,179.660000
20231231,20231213,464287655,43121,187.000000
20231231,20231206,464287655,56264,184.390000
20240115,20231219,464287655,213241,197.110000
20240115,20231226,464287655,12790,201.480000
20240115,20231228,464287655,306652,204.820000
20240115,20231215,464287655,311862,198.710000
20240115,20231221,464287655,953177,196.280000
20240115,20231220,464287655,120639,200.930000
20240115,20231229,464287655,19,204.040000
20240115,20231222,464287655,176349,199.620000
20240115,20231218,464287655,209317,197.040000
20240115,20231227,464287655,4086,204.100000
20240131,20240109,464287655,1431,196.730000
20240131,20240108,464287655,491,193.250000
20240131,20240105,464287655,172516,193.820000
20240131,20240103,464287655,673,199.520000
20240131,20240111,464287655,448272,195.080000
20240131,20240110,464287655,16400,194.970000
20240131,20240112,464287655,1513,193.550000
20240131,20240102,464287655,71,200.710000
20240215,20240126,464287655,3454,195.970000
20240215,20240129,464287655,36190,195.980000
20240215,20240123,464287655,343056,196.540000
20240215,20240118,464287655,96601,189.480000
20240215,20240124,464287655,429867,195.970000
20240215,20240125,464287655,438,194.360000
20240215,20240117,464287655,98023,190.840000
20240215,20240119,464287655,24478,190.600000
20240215,20240131,464287655,1288,197.710000
20240215,20240122,464287655,347176,192.430000
20240229,20240213,464287655,12253,202.960000
20240229,20240209,464287655,5479,196.150000
20240229,20240208,464287655,9,193.220000
20240229,20240206,464287655,639858,191.940000
20240229,20240201,464287655,312537,192.880000
20240229,20240207,464287655,290983,193.670000
20240229,20240205,464287655,95,194.410000
20240229,20240212,464287655,100333,199.340000
20240229,20240202,464287655,6241,195.440000
20240229,20240214,464287655,5197,194.610000
20240315,20240226,464287655,400234,199.890000
20240315,20240227,464287655,6913,201.150000
20240315,20240229,464287655,657467,202.320000
20240315,20240228,464287655,751,204.000000
20240315,20240223,464287655,12922,199.440000
20240315,20240221,464287655,2047,198.880000
20240315,20240216,464287655,137473,204.440000
20240315,20240220,464287655,700037,201.660000
20240315,20240222,464287655,670,197.940000
20240315,20240215,464287655,1499194,199.130000
20240331,20240307,464287655,1388815,205.250000
20240331,20240311,464287655,1081216,206.830000
20240331,20240314,464287655,52,205.710000
20240331,20240305,464287655,384849,205.700000
20240331,20240301,464287655,44401,203.730000
20240331,20240312,464287655,38484,205.190000
20240331,20240313,464287655,242542,204.910000
20240331,20240308,464287655,364886,206.960000
20240331,20240304,464287655,96023,205.890000
20240331,20240306,464287655,37169,203.730000
20240415,20240319,464287655,1151039,201.250000
20240415,20240321,464287655,15396,206.100000
20240415,20240328,464287655,206,209.640000
20240415,20240325,464287655,894,205.070000
20240415,20240315,464287655,662687,202.030000
20240415,20240320,464287655,2793634,202.100000
20240415,20240322,464287655,138558,207.940000
20240415,20240318,464287655,808789,202.410000
20240430,20240410,464287655,194471,206.380000
20240430,20240408,464287655,22135,204.450000
20240430,20240411,464287655,6522,200.930000
20240430,20240402,464287655,113162,208.320000
20240430,20240404,464287655,171301,205.830000
20240430,20240412,464287655,76030,202.290000
20240430,20240401,464287655,2940,210.300000
20240430,20240405,464287655,5577,203.770000
20240515,20240416,464287655,179933,195.780000
20240515,20240425,464287655,4962,197.680000
20240515,20240418,464287655,349521,193.000000
20240515,20240424,464287655,142300,198.570000
20240515,20240417,464287655,33855,195.060000
20240515,20240429,464287655,50205,198.360000
20240515,20240430,464287655,1719015,199.960000
20240515,20240415,464287655,16302,198.690000
20240515,20240422,464287655,26,193.140000
20240515,20240419,464287655,26528,192.840000
20240515,20240423,464287655,1236267,195.300000
20240515,20240426,464287655,2880,196.480000
20240531,20240508,464287655,67,204.970000
20240531,20240513,464287655,3635,204.310000
20240531,20240507,464287655,8729,204.510000
20240531,20240502,464287655,888751,196.310000
20240531,20240514,464287655,221917,204.740000
20240531,20240501,464287655,891792,195.900000
20240531,20240503,464287655,1402006,199.920000
20240531,20240506,464287655,104,201.900000
20240615,20240520,464287655,1533,208.080000
20240615,20240529,464287655,77470,205.160000
20240615,20240515,464287655,327,206.860000
20240615,20240517,464287655,369446,207.930000
20240615,20240531,464287655,1513058,204.050000
20240615,20240523,464287655,14595,206.580000
20240615,20240516,464287655,9643,209.440000
20240615,20240530,464287655,1126385,202.130000
20240615,20240524,464287655,127,203.190000
20240615,20240522,464287655,59023,208.340000
20240615,20240521,464287655,172552,208.540000
20240615,20240528,464287655,2522,205.440000
20240630,20240606,464287655,768,205.060000
20240630,20240611,464287655,824793,201.890000
20240630,20240610,464287655,78345,201.200000
20240630,20240605,464287655,907999,201.970000
20240630,20240604,464287655,16,204.610000
20240630,20240613,464287655,79790,203.720000
20240630,20240603,464287655,124324,205.770000
20240630,20240607,464287655,84341,203.590000
20240630,20240614,464287655,197557,201.940000
20240715,20240617,464287655,114280,198.730000
20240715,20240624,464287655,249,200.350000
20240715,20240625,464287655,34565,201.220000
20240715,20240626,464287655,70164,200.560000
20240715,20240627,464287655,5279,200.030000
20240715,20240628,464287655,2139,202.060000
20240715,20240621,464287655,2810,199.900000
20240715,20240618,464287655,14327,200.400000
20240715,20240620,464287655,44944,200.750000
20240731,20240703,464287655,5303,201.880000
20240731,20240712,464287655,100759,210.680000
20240731,20240709,464287655,11400,202.280000
20240731,20240705,464287655,3433,201.830000
20240731,20240711,464287655,6769,203.370000
20240731,20240708,464287655,118632,200.870000
20240731,20240702,464287655,48975,201.190000
20240731,20240710,464287655,1599,201.400000
20240731,20240701,464287655,260848,202.890000
20240815,20240718,464287655,9832,222.250000
20240815,20240730,464287655,48067,221.730000
20240815,20240719,464287655,2524,217.950000
20240815,20240723,464287655,9691,220.290000
20240815,20240715,464287655,28561,213.140000
20240815,20240725,464287655,3357,217.850000
20240815,20240717,464287655,143659,224.600000
20240815,20240726,464287655,1978,220.570000
20240815,20240716,464287655,1962,217.190000
20240815,20240722,464287655,227601,216.840000
20240815,20240731,464287655,14996,222.570000
20240831,20240807,464287655,2407,204.400000
20240831,20240813,464287655,169360,204.600000
20240831,20240806,464287655,12698,202.200000
20240831,20240808,464287655,396,201.980000
20240831,20240802,464287655,1597,216.580000
20240831,20240809,464287655,142913,206.890000
20240831,20240801,464287655,2488,223.860000
20240831,20240812,464287655,6384,206.460000
20240831,20240805,464287655,85924,208.920000
20240831,20240814,464287655,38276,207.970000
20240915,20240821,464287655,7,212.690000
20240915,20240820,464287655,16641,215.200000
20240915,20240829,464287655,159,217.260000
20240915,20240819,464287655,144626,212.600000
20240915,20240826,464287655,87610,220.380000
20240915,20240822,464287655,8001,215.460000
20240915,20240815,464287655,350346,206.680000
20240915,20240827,464287655,68126,220.450000
20240915,20240816,464287655,105145,212.040000
20240915,20240823,464287655,11,213.560000
20240915,20240830,464287655,12407,218.810000
20240930,20240904,464287655,20991,213.350000
20240930,20240909,464287655,50870,207.900000
20240930,20240912,464287655,200,208.920000
20240930,20240913,464287655,62032,211.610000
20240930,20240910,464287655,235072,208.480000
20240930,20240906,464287655,3775,211.930000
20240930,20240911,464287655,14179,208.310000
20240930,20240903,464287655,75829,220.080000
20241015,20240917,464287655,2016,217.610000
20241015,20240918,464287655,23017,219.410000
20241015,20240924,464287655,18217,220.760000
20241015,20240927,464287655,10862,218.850000
20241015,20240919,464287655,53420,219.450000
20241015,20240916,464287655,3115,216.830000
20241015,20240925,464287655,899137,221.130000
20241015,20240920,464287655,4668,223.970000
20241015,20240923,464287655,5512727,221.570000
20241015,20240926,464287655,163691,217.690000
20241031,20241010,464287655,140,218.060000
20241031,20241003,464287655,11339,217.590000
20241031,20241007,464287655,20545,219.150000
20241031,20241001,464287655,57242,220.890000
20241031,20241002,464287655,25976,217.890000
20241031,20241009,464287655,427,217.580000
20241115,20241030,464287655,562,221.740000
20241115,20241022,464287655,310441,222.100000
20241115,20241031,464287655,362,221.440000
20241115,20241021,464287655,4481,225.650000
20241115,20241028,464287655,180,218.890000
20241115,20241024,464287655,228269,219.240000
20241115,20241025,464287655,96,219.720000
20241115,20241015,464287655,5099,222.890000
20241115,20241029,464287655,5500,222.460000
20241115,20241017,464287655,5941,226.740000
20241115,20241016,464287655,46137,223.070000
20241115,20241023,464287655,108686,221.260000
20241130,20241107,464287655,31444,237.220000
20241130,20241112,464287655,10043,241.700000
20241130,20241104,464287655,1769,218.980000
20241130,20241101,464287655,1684,217.760000
20241130,20241108,464287655,6827,236.380000
20241130,20241105,464287655,4976,220.090000
20241130,20241113,464287655,5001,237.460000
20241215,20241119,464287655,90023,228.930000
20241215,20241129,464287655,190982,240.950000
20241215,20241115,464287655,1532363,231.940000
20241215,20241118,464287655,1185,228.480000
20241215,20241122,464287655,15938,234.440000
20241215,20241120,464287655,14600,230.630000
20241215,20241125,464287655,1000,238.770000
20241215,20241121,464287655,6464,230.930000
20241215,20241127,464287655,3600,240.620000
20241231,20241212,464287655,25149,237.770000
20241231,20241205,464287655,115359,240.890000
20241231,20241209,464287655,4939,238.930000
20241231,20241210,464287655,5515,237.730000
20241231,20241202,464287655,6469,241.870000
20241231,20241206,464287655,119238,238.080000
20250115,20241220,464287655,264369,219.860000
20250115,20241217,464287655,1655858,234.440000
20250115,20241226,464287655,749793,223.390000
20250115,20241218,464287655,117600,231.070000
20250115,20241231,464287655,28956,220.680000
20250115,20241224,464287655,26849,221.410000
20250115,20241216,464287655,446,233.070000
20250115,20241219,464287655,4743,220.840000
20250115,20241223,464287655,47151,221.920000
20250115,20241227,464287655,13253,225.680000
20250115,20241230,464287655,1188,222.390000
20250131,20250102,464287655,4299,220.960000
20250131,20250114,464287655,8878,217.250000
20250131,20250108,464287655,24819,222.720000
20250131,20250106,464287655,339665,224.430000
20250131,20250110,464287655,399,221.710000
20250131,20250107,464287655,116421,224.520000
20250131,20250103,464287655,521,221.140000
20250131,20250113,464287655,52275,216.830000
20250215,20250121,464287655,104689,225.460000
20250215,20250122,464287655,449977,229.790000
20250215,20250117,464287655,1873,224.490000
20250215,20250129,464287655,179,226.750000
20250215,20250130,464287655,3802,226.230000
20250215,20250116,464287655,4400,224.040000
20250215,20250127,464287655,37417,228.690000
20250215,20250124,464287655,2167,229.330000
20250215,20250123,464287655,1,228.290000
20250215,20250131,464287655,787,228.530000
20250215,20250115,464287655,12927,219.720000
20250228,20250213,464287655,1400,223.620000
20250228,20250211,464287655,4003,227.020000
20250228,20250210,464287655,475056,226.000000
20250228,20250207,464287655,94700,228.650000
20250228,20250212,464287655,3813,225.700000
20250228,20250204,464287655,27829,223.830000
20250228,20250214,464287655,4512,226.140000
20250228,20250206,464287655,16169,229.400000
20250228,20250205,464287655,46715,226.930000
20250228,20250203,464287655,40336,226.480000
20250315,20250220,464287655,500,226.430000
20250315,20250226,464287655,5507,215.410000
20250315,20250228,464287655,5,212.390000
20250315,20250221,464287655,11,224.260000
20250315,20250218,464287655,11747,225.970000
20250315,20250225,464287655,11742,216.230000
20250315,20250219,464287655,15219,227.210000
20250315,20250224,464287655,114067,217.800000
20250315,20250227,464287655,1110929,215.680000
20250331,20250306,464287655,200,208.470000
20250331,20250312,464287655,3211,200.750000
20250331,20250314,464287655,250168,198.100000
20250331,20250307,464287655,22655,205.280000
20250331,20250304,464287655,72697,208.780000
20250331,20250310,464287655,5561,205.950000
20250331,20250313,464287655,10885,201.100000
20250331,20250311,464287655,5524,200.770000
20250331,20250303,464287655,2330040,214.650000
20250331,20250305,464287655,11191,206.420000
20250415,20250328,464287655,9228,204.610000
20250415,20250317,464287655,937290,202.890000
20250415,20250331,464287655,4922,200.450000
20250415,20250318,464287655,335618,205.450000
20250415,20250325,464287655,2114,208.860000
20250415,20250320,464287655,2800,206.370000
20250415,20250319,464287655,6417014,203.210000
20250415,20250324,464287655,2606968,203.790000
20250415,20250326,464287655,1774,207.700000
20250415,20250321,464287655,89938,205.060000
20250415,20250327,464287655,225213,205.590000
20250430,20250409,464287655,16958,174.820000
20250430,20250410,464287655,28228,189.680000
20250430,20250408,464287655,3262,179.550000
20250430,20250414,464287655,10767,184.360000
20250430,20250404,464287655,30593,189.650000
20250430,20250403,464287655,11518,202.660000
20250430,20250411,464287655,21027,181.710000
20250430,20250407,464287655,2682,181.190000
20250430,20250402,464287655,637,199.510000
20250515,20250429,464287655,106493,194.940000
20250515,20250423,464287655,49918,187.470000
20250515,20250422,464287655,43019,182.740000
20250515,20250415,464287655,13072,186.530000
20250515,20250430,464287655,4850,196.090000
20250515,20250421,464287655,1199454,186.480000
20250515,20250425,464287655,101821,194.060000
20250515,20250428,464287655,37707,194.120000
20250515,20250417,464287655,4226011,184.970000
20250515,20250424,464287655,5400,190.250000
20250515,20250416,464287655,48990,186.760000
20250531,20250507,464287655,2635,196.770000
20250531,20250512,464287655,80,200.810000
20250531,20250514,464287655,173303,208.630000
20250531,20250502,464287655,660187,196.070000
20250531,20250513,464287655,59,207.870000
20250531,20250506,464287655,50344,198.940000
20250531,20250505,464287655,5696,200.480000
20250531,20250508,464287655,1057927,197.420000
20250531,20250509,464287655,6172,201.180000
20250531,20250501,464287655,744910,194.860000
20250615,20250523,464287655,927,203.200000
20250615,20250528,464287655,9407,207.700000
20250615,20250530,464287655,1186369,206.120000
20250615,20250529,464287655,40148,205.510000
20250615,20250519,464287655,7861,209.850000
20250615,20250520,464287655,6754,208.970000
20250615,20250527,464287655,105650,202.560000
20250615,20250516,464287655,402783,208.130000
20250630,20250613,464287655,108038,212.780000
20250630,20250609,464287655,11349,211.900000
20250630,20250606,464287655,11087,208.530000
20250630,20250612,464287655,10626,213.630000
20250630,20250602,464287655,192879,205.070000
20250630,20250611,464287655,102837,214.510000
20250630,20250603,464287655,1400,205.710000
20250630,20250605,464287655,1730,208.440000
20250630,20250610,464287655,91965,213.360000
20250630,20250604,464287655,430162,209.030000
20250715,20250626,464287655,1888,211.970000
20250715,20250627,464287655,90452,215.410000
20250715,20250623,464287655,2170161,209.210000
20250715,20250625,464287655,1739,214.470000
20250715,20250616,464287655,3072607,208.890000
20250715,20250617,464287655,4129,210.770000
20250715,20250630,464287655,937104,215.480000
20250715,20250618,464287655,819,208.550000
20250715,20250624,464287655,2338733,211.770000
20250731,20250709,464287655,16007,221.250000
20250731,20250710,464287655,21523,223.650000
20250731,20250708,464287655,1195,219.730000
20250731,20250711,464287655,137518,224.800000
20250731,20250707,464287655,11162,223.080000
20250731,20250701,464287655,243,215.790000
20250731,20250702,464287655,53101,218.010000
20250731,20250714,464287655,22484,221.700000
20250815,20250721,464287655,11042072,222.330000
20250815,20250718,464287655,36183,223.920000
20250815,20250731,464287655,19131,221.560000
20250815,20250729,464287655,158990,224.120000
20250815,20250724,464287655,43876,226.680000
20250815,20250722,464287655,56397,221.430000
20250815,20250717,464287655,27627,221.020000
20250815,20250715,464287655,309414,223.190000
20250815,20250728,464287655,73165,224.380000
20250815,20250730,464287655,134378,222.690000
20250815,20250723,464287655,897,223.270000
20250815,20250716,464287655,139942,218.820000
20250831,20250808,464287655,343,219.840000
20250831,20250814,464287655,412984,231.220000
20250831,20250812,464287655,82599,220.270000
20250831,20250811,464287655,141328,220.320000
20250831,20250806,464287655,324896,220.850000
20250831,20250805,464287655,391436,219.730000
20250831,20250807,464287655,53506,220.560000
20250831,20250804,464287655,1500754,214.920000
20250831,20250801,464287655,101060,219.390000
20250831,20250813,464287655,547310,226.810000
20250915,20250819,464287655,123646,227.960000
20250915,20250815,464287655,104311,228.240000
20250915,20250818,464287655,230758,227.130000
20250915,20250822,464287655,32389,225.970000
20250915,20250827,464287655,6335,234.280000
20250915,20250820,464287655,40226,226.210000
20250915,20250828,464287655,444863,235.940000
20250915,20250829,464287655,8647,236.220000
20250915,20250826,464287655,2258,232.360000
20250915,20250825,464287655,20600,234.830000
20250915,20250821,464287655,25,225.410000
20250930,20250909,464287655,87706,238.250000
20250930,20250908,464287655,24405,237.770000
20250930,20250904,464287655,4619,233.670000
20250930,20250905,464287655,4606,236.590000
20250930,20250912,464287655,95179,240.800000
20250930,20250910,464287655,83847,236.850000
20250930,20250902,464287655,29067,235.170000
20250930,20250911,464287655,1426496,236.430000
20251015,20250917,464287655,820897,238.280000
20251015,20250922,464287655,480982,242.980000
20251015,20250916,464287655,34181,239.350000
20251015,20250918,464287655,5327919,238.890000
20251015,20250925,464287655,99692,241.600000
20251015,20250919,464287655,200,244.840000
20251015,20250926,464287655,4317,239.290000
20251015,20250930,464287655,14200,241.620000
20251015,20250915,464287655,288923,238.340000
20251015,20250929,464287655,46950,241.340000
20251015,20250923,464287655,3691657,244.390000
20251031,20251014,464287655,25546,244.410000
20251031,20251002,464287655,102406,242.490000
20251031,20251008,464287655,178833,244.160000
20251031,20251006,464287655,197400,245.830000
20251031,20251007,464287655,5252,246.810000
20251031,20251009,464287655,5286,246.720000
20251031,20251010,464287655,201414,245.130000
20251031,20251003,464287655,187093,244.020000
20251031,20251001,464287655,2074,241.960000
20251115,20251020,464287655,1300901,243.410000
20251115,20251028,464287655,686370,250.300000
20251115,20251017,464287655,890,245.060000
20251115,20251027,464287655,3600,249.430000
20251115,20251015,464287655,33516,247.900000
20251115,20251030,464287655,696983,246.840000
20251115,20251023,464287655,21597,243.340000
20251115,20251016,464287655,97376,250.330000
20251115,20251031,464287655,820464,244.850000
20251115,20251029,464287655,48954,248.960000
20251115,20251024,464287655,25993,246.420000
20251115,20251021,464287655,113963,248.160000
