20170715,20170623,73935A104,26317,140.700000
20170715,20170627,73935A104,2555,140.580000
20170715,20170628,73935A104,43121,138.030000
20170715,20170615,73935A104,4609920,139.750000
20170715,20170620,73935A104,1623177,140.460000
20170715,20170626,73935A104,4679,141.240000
20170715,20170622,73935A104,2318091,140.740000
20170715,20170630,73935A104,3922890,137.590000
20170715,20170621,73935A104,10421431,139.360000
20170715,20170629,73935A104,943312,140.020000
20170715,20170616,73935A104,3242810,139.130000
20170715,20170619,73935A104,3553553,138.150000
20170731,20170705,73935A104,5353475,136.190000
20170731,20170703,73935A104,980620,137.640000
20170731,20170712,73935A104,14965,139.050000
20170731,20170707,73935A104,10619362,136.290000
20170731,20170710,73935A104,3637842,137.760000
20170731,20170706,73935A104,16728393,137.530000
20170731,20170711,73935A104,33200,138.660000
20170731,20170714,73935A104,99,141.010000
20170815,20170718,73935A104,928,142.190000
20170815,20170728,73935A104,112722,143.960000
20170815,20170727,73935A104,1558399,144.870000
20170815,20170721,73935A104,3312,144.170000
20170815,20170731,73935A104,32608,143.840000
20170815,20170724,73935A104,118399,144.110000
20170815,20170720,73935A104,711,143.980000
20170815,20170719,73935A104,27488,143.140000
20170815,20170717,73935A104,2214,142.120000
20170831,20170803,73935A104,1122474,143.950000
20170831,20170802,73935A104,2662297,143.560000
20170831,20170801,73935A104,599999,143.230000
20170831,20170808,73935A104,1218105,144.560000
20170831,20170807,73935A104,252930,143.650000
20170831,20170810,73935A104,73403,144.120000
20170831,20170804,73935A104,131507,143.390000
20170831,20170814,73935A104,1138175,142.100000
20170831,20170809,73935A104,4198,144.310000
20170831,20170811,73935A104,9588,141.030000
20170915,20170816,73935A104,531638,144.030000
20170915,20170824,73935A104,2886471,142.690000
20170915,20170823,73935A104,868842,143.200000
20170915,20170825,73935A104,4258,142.270000
20170915,20170830,73935A104,1821,142.970000
20170915,20170822,73935A104,380383,141.050000
20170915,20170828,73935A104,3985,141.970000
20170915,20170818,73935A104,508204,141.330000
20170915,20170831,73935A104,38726,144.650000
20170915,20170815,73935A104,256115,143.930000
20170930,20170901,73935A104,27534,146.200000
20170930,20170912,73935A104,955640,145.870000
20170930,20170905,73935A104,1,146.000000
20170930,20170907,73935A104,1375,145.130000
20170930,20170906,73935A104,46055,144.690000
20170930,20170908,73935A104,352517,145.470000
20170930,20170911,73935A104,451,144.210000
20170930,20170913,73935A104,137835,146.220000
20170930,20170914,73935A104,724214,146.420000
20171015,20170918,73935A104,704156,146.060000
20171015,20170925,73935A104,7920,144.320000
20171015,20170921,73935A104,7238,145.350000
20171015,20170915,73935A104,873,145.560000
20171015,20170922,73935A104,42,144.460000
20171015,20170929,73935A104,241342,144.410000
20171015,20170919,73935A104,7601336,145.550000
20171015,20170926,73935A104,900620,142.800000
20171015,20170927,73935A104,360238,143.170000
20171031,20171003,73935A104,37906,145.580000
20171031,20171013,73935A104,52933,147.770000
20171031,20171010,73935A104,51280,147.490000
20171031,20171005,73935A104,1133,146.030000
20171031,20171006,73935A104,175960,147.460000
20171031,20171004,73935A104,22440,145.890000
20171031,20171011,73935A104,198143,147.600000
20171031,20171002,73935A104,139622,145.450000
20171115,20171030,73935A104,34092,151.240000
20171115,20171018,73935A104,58119,149.040000
20171115,20171024,73935A104,4529569,147.740000
20171115,20171017,73935A104,3264,148.850000
20171115,20171016,73935A104,264018,148.340000
20171115,20171027,73935A104,105452,146.960000
20171115,20171019,73935A104,187839,148.860000
20171115,20171023,73935A104,3624,148.710000
20171115,20171031,73935A104,12574,151.580000
20171115,20171020,73935A104,267024,148.310000
20171130,20171109,73935A104,75,154.500000
20171130,20171110,73935A104,16884,153.690000
20171130,20171108,73935A104,185461,153.880000
20171130,20171113,73935A104,69621,153.680000
20171130,20171107,73935A104,225317,153.790000
20171130,20171101,73935A104,117688,152.150000
20171130,20171106,73935A104,6747,153.270000
20171130,20171102,73935A104,12516,152.100000
20171130,20171114,73935A104,1768,153.870000
20171215,20171121,73935A104,261,153.830000
20171215,20171129,73935A104,130402,156.590000
20171215,20171128,73935A104,1609,156.190000
20171215,20171127,73935A104,294640,156.260000
20171215,20171117,73935A104,69691,154.540000
20171215,20171130,73935A104,18948,153.860000
20171215,20171116,73935A104,115,152.590000
20171215,20171124,73935A104,500,155.690000
20171231,20171205,73935A104,3595,152.710000
20171231,20171201,73935A104,156686,155.150000
20171231,20171214,73935A104,133131,155.990000
20171231,20171207,73935A104,63188,153.500000
20171231,20171208,73935A104,67622,154.020000
20171231,20171213,73935A104,9046,155.690000
20171231,20171206,73935A104,3735,152.810000
20171231,20171204,73935A104,1447210,154.490000
20171231,20171212,73935A104,243860,155.900000
20171231,20171211,73935A104,59,154.700000
20180115,20171221,73935A104,515676,157.530000
20180115,20171229,73935A104,1097,156.730000
20180115,20171218,73935A104,6243,157.650000
20180115,20171226,73935A104,1018639,157.370000
20180115,20171220,73935A104,808422,157.700000
20180115,20171215,73935A104,7723,155.880000
20180115,20171219,73935A104,3487340,158.640000
20180115,20171222,73935A104,516842,157.550000
20180115,20171227,73935A104,34435,156.520000
20180115,20171228,73935A104,260253,156.540000
20180131,20180112,73935A104,1065,163.290000
20180131,20180103,73935A104,3865120,158.490000
20180131,20180104,73935A104,2688135,160.030000
20180131,20180105,73935A104,120404,160.310000
20180131,20180102,73935A104,1945838,155.760000
20180131,20180111,73935A104,11362,162.180000
20180131,20180110,73935A104,381755,162.560000
20180131,20180108,73935A104,78824,161.920000
20180131,20180109,73935A104,348430,162.550000
20180215,20180116,73935A104,1,164.490000
20180215,20180117,73935A104,2387259,164.020000
20180215,20180126,73935A104,9343,168.350000
20180215,20180119,73935A104,107085,165.820000
20180215,20180129,73935A104,5139,170.930000
20180215,20180124,73935A104,656728,169.510000
20180215,20180122,73935A104,97487,166.340000
20180215,20180130,73935A104,7656,170.100000
20180215,20180118,73935A104,486353,165.790000
20180215,20180123,73935A104,2614442,168.120000
20180228,20180208,73935A104,158605,160.210000
20180228,20180209,73935A104,86715,153.450000
20180228,20180207,73935A104,738558,162.310000
20180228,20180201,73935A104,1150,169.400000
20180228,20180206,73935A104,98051,158.120000
20180228,20180212,73935A104,7688775,156.100000
20180228,20180205,73935A104,3711,164.610000
20180228,20180214,73935A104,2025587,159.690000
20180228,20180213,73935A104,3084800,158.870000
20180315,20180222,73935A104,3118969,164.820000
20180315,20180215,73935A104,322932,162.680000
20180315,20180227,73935A104,348672,170.400000
20180315,20180216,73935A104,1104163,165.700000
20180315,20180226,73935A104,2437,168.170000
20180315,20180223,73935A104,643950,164.800000
20180315,20180221,73935A104,8013903,165.290000
20180315,20180228,73935A104,2725,168.290000
20180315,20180220,73935A104,3242,164.960000
20180331,20180302,73935A104,731755,164.480000
20180331,20180309,73935A104,692,169.860000
20180331,20180305,73935A104,697417,165.990000
20180331,20180301,73935A104,650429,167.210000
20180331,20180307,73935A104,125561,168.540000
20180331,20180312,73935A104,76544,173.160000
20180331,20180306,73935A104,142836,167.830000
20180331,20180308,73935A104,95429,168.930000
20180331,20180313,73935A104,55422,174.080000
20180415,20180327,73935A104,2030,164.400000
20180415,20180322,73935A104,238598,166.920000
20180415,20180315,73935A104,209687,171.680000
20180415,20180320,73935A104,577155,167.100000
20180415,20180326,73935A104,4561,158.510000
20180415,20180316,73935A104,59382,171.530000
20180415,20180321,73935A104,2610,167.650000
20180415,20180319,73935A104,2683,171.020000
20180415,20180329,73935A104,2048345,157.250000
20180415,20180328,73935A104,8915,159.080000
20180415,20180323,73935A104,1888,162.800000
20180430,20180409,73935A104,1100,156.630000
20180430,20180405,73935A104,284386,159.740000
20180430,20180411,73935A104,3630,161.210000
20180430,20180402,73935A104,9226,160.130000
20180430,20180403,73935A104,2271656,155.510000
20180430,20180404,73935A104,475717,157.260000
20180430,20180410,73935A104,2850551,157.730000
20180430,20180406,73935A104,15302,160.650000
20180430,20180413,73935A104,24900,162.210000
20180430,20180412,73935A104,1015335,160.280000
20180515,20180420,73935A104,22076,164.910000
20180515,20180417,73935A104,252873,162.600000
20180515,20180430,73935A104,42973,162.090000
20180515,20180427,73935A104,39306,161.990000
20180515,20180419,73935A104,5054,166.440000
20180515,20180423,73935A104,234023,162.300000
20180515,20180416,73935A104,95354,161.370000
20180515,20180418,73935A104,10615,166.100000
20180515,20180424,73935A104,21777,161.890000
20180515,20180426,73935A104,2211600,158.650000
20180515,20180425,73935A104,150746,158.460000
20180531,20180501,73935A104,35646,160.940000
20180531,20180507,73935A104,763013,164.870000
20180531,20180514,73935A104,2220,169.460000
20180531,20180509,73935A104,22196,166.070000
20180531,20180503,73935A104,35013,161.820000
20180531,20180511,73935A104,122942,169.620000
20180531,20180504,73935A104,41042,161.800000
20180531,20180508,73935A104,42803,166.240000
20180531,20180510,73935A104,122433,167.880000
20180531,20180502,73935A104,4368,162.780000
20180615,20180517,73935A104,99482,168.980000
20180615,20180525,73935A104,68628,169.550000
20180615,20180515,73935A104,6316,169.750000
20180615,20180522,73935A104,40037,168.400000
20180615,20180523,73935A104,46676,168.180000
20180615,20180516,73935A104,33044,167.870000
20180615,20180521,73935A104,137577,167.460000
20180615,20180531,73935A104,2165,170.180000
20180615,20180530,73935A104,385297,168.970000
20180615,20180518,73935A104,289,168.330000
20180630,20180611,46090E103,55121,174.440000
20180630,20180605,46090E103,1688973,174.300000
20180630,20180612,46090E103,21361,174.910000
20180630,20180604,73935A104,14464,172.740000
20180630,20180601,73935A104,168,170.070000
20180630,20180606,46090E103,173997,174.840000
20180630,20180607,46090E103,2187529,175.860000
20180630,20180614,46090E103,873726,175.820000
20180630,20180608,46090E103,298918,174.430000
20180630,20180613,46090E103,45267,175.830000
20180715,20180628,46090E103,12153,169.730000
20180715,20180615,46090E103,4500213,177.600000
20180715,20180626,46090E103,1001145,171.370000
20180715,20180618,46090E103,4362003,176.980000
20180715,20180629,46090E103,18,171.190000
20180715,20180622,46090E103,152,175.710000
20180715,20180620,46090E103,39134,176.000000
20180715,20180625,46090E103,516,175.320000
20180715,20180627,46090E103,14927,172.070000
20180715,20180619,46090E103,302988,176.500000
20180715,20180621,46090E103,161229,177.250000
20180731,20180713,46090E103,160639,179.460000
20180731,20180703,46090E103,9150,172.800000
20180731,20180702,46090E103,228,171.650000
20180731,20180711,46090E103,33927,177.320000
20180731,20180706,46090E103,247355,172.920000
20180731,20180709,46090E103,32251,175.610000
20180731,20180712,46090E103,26616,176.420000
20180731,20180705,46090E103,89594,170.800000
20180731,20180710,46090E103,2517,177.190000
20180815,20180717,46090E103,12585,179.180000
20180815,20180725,46090E103,34434,180.300000
20180815,20180716,46090E103,47549,179.610000
20180815,20180720,46090E103,11603,179.030000
20180815,20180727,46090E103,137260,180.050000
20180815,20180723,46090E103,207678,178.990000
20180815,20180730,46090E103,365529,177.620000
20180815,20180731,46090E103,6138751,175.110000
20180815,20180724,46090E103,49607,179.560000
20180815,20180719,46090E103,327686,179.930000
20180815,20180726,46090E103,4975,182.820000
20180831,20180802,46090E103,12595,177.120000
20180831,20180810,46090E103,5603,181.910000
20180831,20180813,46090E103,25243,180.520000
20180831,20180808,46090E103,88288,181.800000
20180831,20180814,46090E103,7759,180.320000
20180831,20180809,46090E103,54532,182.020000
20180831,20180807,46090E103,18461,181.140000
20180831,20180803,46090E103,128382,179.530000
20180831,20180801,46090E103,5235839,176.450000
20180831,20180806,46090E103,63868,180.080000
20180915,20180823,46090E103,24880,181.060000
20180915,20180829,46090E103,489929,184.610000
20180915,20180821,46090E103,78328,179.700000
20180915,20180817,46090E103,59108,179.820000
20180915,20180822,46090E103,82637,180.360000
20180915,20180816,46090E103,102382,179.230000
20180915,20180824,46090E103,163247,180.800000
20180915,20180831,46090E103,29899,186.410000
20180915,20180815,46090E103,2479,181.450000
20180915,20180828,46090E103,224087,184.340000
20180915,20180830,46090E103,316784,186.740000
20180915,20180820,46090E103,38060,179.860000
20180915,20180827,46090E103,185,182.480000
20180930,20180914,46090E103,98344,184.530000
20180930,20180904,46090E103,18131,186.650000
20180930,20180910,46090E103,13100,181.110000
20180930,20180912,46090E103,176842,183.120000
20180930,20180913,46090E103,43421,182.580000
20180930,20180911,46090E103,199400,181.720000
20180930,20180905,46090E103,14934,185.850000
20180930,20180907,46090E103,124764,181.810000
20181015,20180925,46090E103,1728378,183.890000
20181015,20180927,46090E103,17523,184.270000
20181015,20180928,46090E103,5084,185.830000
20181015,20180918,46090E103,4388672,181.340000
20181015,20180919,46090E103,1528114,182.840000
20181015,20180926,46090E103,880811,184.140000
20181015,20180921,46090E103,2369821,184.720000
20181015,20180924,46090E103,499379,183.710000
20181015,20180920,46090E103,3046660,182.700000
20181015,20180917,46090E103,2568539,183.990000
20181031,20181012,46090E103,20663,169.600000
20181031,20181003,46090E103,214160,185.750000
20181031,20181010,46090E103,5572651,179.630000
20181031,20181011,46090E103,2769057,171.730000
20181031,20181002,46090E103,3701,186.170000
20181031,20181005,46090E103,525,182.380000
20181031,20181009,46090E103,938783,179.050000
20181031,20181001,46090E103,190,185.790000
20181031,20181004,46090E103,62972,185.950000
20181115,20181019,46090E103,262146,173.180000
20181115,20181029,46090E103,157457,166.660000
20181115,20181017,46090E103,3327450,177.220000
20181115,20181026,46090E103,2375590,171.060000
20181115,20181031,46090E103,1401835,165.920000
20181115,20181018,46090E103,353598,177.290000
20181115,20181024,46090E103,1221141,173.270000
20181115,20181023,46090E103,599952,173.910000
20181115,20181025,46090E103,21163,165.340000
20181115,20181016,46090E103,2689,172.210000
20181115,20181015,46090E103,40385,174.320000
20181115,20181022,46090E103,56782,173.020000
20181115,20181030,46090E103,1194748,163.230000
20181130,20181107,46090E103,101035,170.240000
20181130,20181102,46090E103,25778,172.060000
20181130,20181105,46090E103,249155,169.380000
20181130,20181106,46090E103,614842,168.960000
20181130,20181108,46090E103,35071,175.580000
20181130,20181109,46090E103,2078,174.460000
20181130,20181101,46090E103,2403,169.820000
20181130,20181113,46090E103,1067045,166.330000
20181130,20181114,46090E103,6667193,166.470000
20181215,20181130,46090E103,382645,168.150000
20181215,20181115,46090E103,193696,165.200000
20181215,20181116,46090E103,132848,168.090000
20181215,20181129,46090E103,37812,168.700000
20181215,20181119,46090E103,110147,167.500000
20181215,20181126,46090E103,59310,159.210000
20181215,20181127,46090E103,377984,162.890000
20181215,20181121,46090E103,423987,159.160000
20181215,20181128,46090E103,273127,163.440000
20181215,20181123,46090E103,207970,160.370000
20181215,20181120,46090E103,3147126,162.060000
20181231,20181203,46090E103,841573,169.370000
20181231,20181212,46090E103,638,163.610000
20181231,20181210,46090E103,578787,161.380000
20181231,20181207,46090E103,2026,166.890000
20181231,20181205,46090E103,18960,165.720000
20181231,20181214,46090E103,199247,165.100000
20181231,20181204,46090E103,480600,172.330000
20181231,20181213,46090E103,244214,165.050000
20181231,20181206,46090E103,298706,165.720000
20181231,20181211,46090E103,396125,163.070000
20190115,20181226,46090E103,3778309,143.500000
20190115,20181219,46090E103,2833844,158.420000
20190115,20181218,46090E103,4359172,157.430000
20190115,20181221,46090E103,930238,152.290000
20190115,20181228,46090E103,763208,153.050000
20190115,20181231,46090E103,89576,152.970000
20190115,20181224,46090E103,71514,147.570000
20190115,20181227,46090E103,2020825,152.460000
20190115,20181217,46090E103,472647,161.080000
20190115,20181220,46090E103,1740794,154.530000
20190131,20190102,46090E103,4315,154.260000
20190131,20190111,46090E103,2925,161.280000
20190131,20190103,46090E103,18890,154.880000
20190131,20190110,46090E103,82920,160.820000
20190131,20190109,46090E103,2337,159.520000
20190131,20190108,46090E103,10704,158.090000
20190131,20190114,46090E103,345690,160.690000
20190131,20190107,46090E103,154277,156.230000
20190215,20190131,46090E103,10451,165.680000
20190215,20190125,46090E103,24199,163.200000
20190215,20190118,46090E103,1973,163.630000
20190215,20190115,46090E103,584759,159.270000
20190215,20190130,46090E103,40219,161.570000
20190215,20190122,46090E103,199610,165.250000
20190215,20190129,46090E103,200,163.110000
20190215,20190117,46090E103,13864,162.350000
20190215,20190116,46090E103,47953,162.380000
20190215,20190123,46090E103,416235,161.940000
20190215,20190128,46090E103,908486,165.150000
20190215,20190124,46090E103,23443,162.150000
20190228,20190201,46090E103,1100,168.160000
20190228,20190214,46090E103,3811,171.010000
20190228,20190207,46090E103,270484,170.520000
20190228,20190206,46090E103,2745,171.030000
20190228,20190213,46090E103,1480,170.890000
20190228,20190204,46090E103,15634,167.450000
20190228,20190205,46090E103,97085,169.530000
20190228,20190208,46090E103,68441,168.230000
20190228,20190212,46090E103,1252,168.400000
20190228,20190211,46090E103,87137,168.560000
20190315,20190227,46090E103,14756,173.700000
20190315,20190219,46090E103,82660,171.940000
20190315,20190222,46090E103,7688,171.620000
20190315,20190220,46090E103,2303,172.280000
20190315,20190228,46090E103,635516,173.590000
20190315,20190215,46090E103,49974,171.220000
20190315,20190226,46090E103,353089,173.520000
20190315,20190221,46090E103,25322,172.250000
20190315,20190225,46090E103,455151,172.890000
20190331,20190301,46090E103,6922,173.190000
20190331,20190305,46090E103,16786,174.420000
20190331,20190313,46090E103,643580,175.690000
20190331,20190312,46090E103,276369,174.730000
20190331,20190314,46090E103,2014335,177.010000
20190331,20190304,46090E103,7675,174.390000
20190331,20190311,46090E103,38002,171.170000
20190331,20190308,46090E103,362456,171.430000
20190331,20190306,46090E103,89878,174.550000
20190331,20190307,46090E103,103031,173.560000
20190415,20190328,46090E103,13213,177.900000
20190415,20190321,46090E103,92,179.760000
20190415,20190315,46090E103,1589979,176.710000
20190415,20190327,46090E103,19067,179.050000
20190415,20190320,46090E103,1,179.050000
20190415,20190325,46090E103,451,178.560000
20190415,20190318,46090E103,422162,178.350000
20190415,20190319,46090E103,2834912,178.450000
20190415,20190326,46090E103,4010,178.220000
20190415,20190329,46090E103,1022,178.310000
20190430,20190401,46090E103,146275,179.660000
20190430,20190408,46090E103,11142,184.660000
20190430,20190404,46090E103,82969,183.780000
20190430,20190405,46090E103,4054,183.710000
20190430,20190409,46090E103,15389,185.130000
20190430,20190411,46090E103,5092,185.470000
20190430,20190412,46090E103,5283,185.030000
20190515,20190416,46090E103,1046,185.860000
20190515,20190422,46090E103,134087,187.390000
20190515,20190424,46090E103,4883,190.310000
20190515,20190426,46090E103,67420,190.480000
20190515,20190415,46090E103,12092,185.830000
20190515,20190423,46090E103,784698,187.920000
20190515,20190425,46090E103,6181,189.710000
20190515,20190430,46090E103,40083,191.020000
20190515,20190418,46090E103,22267,187.150000
20190515,20190417,46090E103,8730,186.500000
20190515,20190429,46090E103,692,190.650000
20190531,20190508,46090E103,868359,186.240000
20190531,20190514,46090E103,204553,178.580000
20190531,20190513,46090E103,506,185.000000
20190531,20190507,46090E103,145368,189.940000
20190531,20190506,46090E103,791347,191.110000
20190531,20190501,46090E103,37243,189.540000
20190531,20190509,46090E103,537478,185.770000
20190531,20190510,46090E103,227554,184.770000
20190531,20190503,46090E103,139486,188.110000
20190531,20190502,46090E103,22959,188.930000
20190615,20190521,46090E103,67926,179.950000
20190615,20190516,46090E103,2058335,183.090000
20190615,20190517,46090E103,396618,184.930000
20190615,20190520,46090E103,220467,183.040000
20190615,20190528,46090E103,1340719,178.160000
20190615,20190530,46090E103,69057,176.030000
20190615,20190529,46090E103,71045,177.490000
20190615,20190523,46090E103,1455930,181.020000
20190615,20190524,46090E103,386451,178.250000
20190615,20190515,46090E103,80652,180.540000
20190615,20190522,46090E103,139975,181.830000
20190615,20190531,46090E103,364665,176.770000
20190630,20190613,46090E103,47254,182.340000
20190630,20190604,46090E103,1562226,170.120000
20190630,20190607,46090E103,1946300,177.610000
20190630,20190614,46090E103,224473,183.420000
20190630,20190612,46090E103,101636,183.400000
20190630,20190610,46090E103,1307707,181.040000
20190630,20190605,46090E103,973131,174.910000
20190630,20190606,46090E103,1914048,176.210000
20190630,20190603,46090E103,687484,173.950000
20190630,20190611,46090E103,559101,183.150000
20190715,20190620,46090E103,248882,187.110000
20190715,20190617,46090E103,722834,182.640000
20190715,20190624,46090E103,399045,188.570000
20190715,20190628,46090E103,53866,186.500000
20190715,20190625,46090E103,662598,188.160000
20190715,20190627,46090E103,878,185.790000
20190715,20190618,46090E103,5094,183.740000
20190715,20190621,46090E103,1467151,188.850000
20190715,20190619,46090E103,378898,186.410000
20190715,20190626,46090E103,54583,184.930000
20190731,20190712,46090E103,123275,192.420000
20190731,20190711,46090E103,155525,192.560000
20190731,20190710,46090E103,90771,190.660000
20190731,20190708,46090E103,1012,191.050000
20190731,20190701,46090E103,527956,186.740000
20190731,20190702,46090E103,966442,189.260000
20190731,20190703,46090E103,140880,190.010000
20190731,20190705,46090E103,278037,191.440000
20190731,20190709,46090E103,339368,189.710000
20190815,20190724,46090E103,2512994,193.790000
20190815,20190716,46090E103,6808,194.150000
20190815,20190723,46090E103,1082311,192.530000
20190815,20190730,46090E103,140128,194.620000
20190815,20190729,46090E103,10472,195.290000
20190815,20190722,46090E103,59654,191.010000
20190815,20190718,46090E103,54427,192.200000
20190815,20190725,46090E103,2145219,195.150000
20190815,20190726,46090E103,2858019,193.300000
20190815,20190731,46090E103,150641,193.780000
20190815,20190715,46090E103,27009,193.530000
20190815,20190717,46090E103,107907,193.150000
20190815,20190719,46090E103,84714,192.420000
20190831,20190802,46090E103,55405,190.150000
20190831,20190812,46090E103,74167,186.490000
20190831,20190809,46090E103,3925861,188.260000
20190831,20190801,46090E103,14050,191.100000
20190831,20190813,46090E103,16497,184.350000
20190831,20190814,46090E103,3532,188.390000
20190831,20190805,46090E103,219138,187.350000
20190831,20190808,46090E103,94738,184.250000
20190831,20190807,46090E103,5259161,183.260000
20190831,20190806,46090E103,2599300,180.730000
20190915,20190829,46090E103,509,185.090000
20190915,20190821,46090E103,1729265,186.970000
20190915,20190822,46090E103,281631,188.630000
20190915,20190820,46090E103,1639029,188.430000
20190915,20190828,46090E103,86186,184.430000
20190915,20190815,46090E103,12880,182.760000
20190915,20190816,46090E103,285365,182.550000
20190915,20190830,46090E103,20545,187.920000
20190915,20190819,46090E103,650,185.480000
20190915,20190823,46090E103,196271,188.020000
20190915,20190827,46090E103,1182372,184.820000
20190915,20190826,46090E103,868785,182.070000
20190930,20190904,46090E103,31932,185.650000
20190930,20190903,46090E103,11774,187.470000
20190930,20190909,46090E103,478540,191.590000
20190930,20190912,46090E103,385923,192.430000
20190930,20190913,46090E103,9704,193.230000
20190930,20190905,46090E103,290570,188.330000
20190930,20190906,46090E103,10647,191.780000
20190930,20190910,46090E103,534229,191.190000
20190930,20190911,46090E103,1121,190.640000
20191015,20190919,46090E103,35653,192.520000
20191015,20190917,46090E103,74619,191.680000
20191015,20190926,46090E103,556570,190.080000
20191015,20190918,46090E103,35169,192.600000
20191015,20190916,46090E103,96656,192.540000
20191015,20190920,46090E103,20040,192.840000
20191015,20190924,46090E103,3902015,190.500000
20191015,20190930,46090E103,11307,187.030000
20191015,20190927,46090E103,447,189.380000
20191015,20190923,46090E103,404884,190.800000
20191015,20190925,46090E103,4267,187.970000
20191031,20191010,46090E103,16398,187.230000
20191031,20191009,46090E103,50745,185.420000
20191031,20191004,46090E103,370210,186.070000
20191031,20191007,46090E103,580378,188.810000
20191031,20191008,46090E103,113319,188.240000
20191031,20191002,46090E103,191705,187.270000
20191031,20191011,46090E103,25119,188.680000
20191031,20191001,46090E103,14500,188.810000
20191031,20191003,46090E103,35439,184.050000
20191115,20191018,46090E103,18496,193.550000
20191115,20191025,46090E103,10548,194.090000
20191115,20191024,46090E103,4646,192.220000
20191115,20191021,46090E103,809,191.690000
20191115,20191031,46090E103,309431,196.990000
20191115,20191030,46090E103,2560,196.040000
20191115,20191016,46090E103,9736,193.520000
20191115,20191028,46090E103,2022,195.640000
20191115,20191017,46090E103,111945,193.040000
20191115,20191023,46090E103,12029,191.850000
20191115,20191015,46090E103,8602,191.090000
20191115,20191022,46090E103,99787,193.390000
20191115,20191029,46090E103,17482,197.570000
20191130,20191107,46090E103,2951,199.760000
20191130,20191114,46090E103,1484,201.590000
20191130,20191106,46090E103,352,200.210000
20191130,20191104,46090E103,1,198.870000
20191130,20191112,46090E103,3378,200.960000
20191130,20191101,46090E103,78609,197.080000
20191130,20191108,46090E103,1310,200.430000
20191130,20191105,46090E103,56150,200.100000
20191130,20191113,46090E103,16551,201.540000
20191215,20191120,46090E103,18530,203.370000
20191215,20191122,46090E103,350421,201.700000
20191215,20191118,46090E103,852,202.910000
20191215,20191127,46090E103,629885,204.610000
20191215,20191126,46090E103,636219,204.220000
20191215,20191115,46090E103,8063,201.430000
20191215,20191119,46090E103,42460,203.070000
20191215,20191121,46090E103,13453,202.150000
20191215,20191125,46090E103,6475,201.830000
20191231,20191210,46090E103,8122,204.070000
20191231,20191202,46090E103,89,205.100000
20191231,20191206,46090E103,12090,202.830000
20191231,20191209,46090E103,85896,205.000000
20191231,20191213,46090E103,12552,206.510000
20191231,20191204,46090E103,750,201.410000
20191231,20191203,46090E103,5420,203.000000
20191231,20191205,46090E103,10,202.430000
20191231,20191212,46090E103,118,204.980000
20191231,20191211,46090E103,21501,203.900000
20200115,20191220,46090E103,35141,210.860000
20200115,20191216,46090E103,31198,207.190000
20200115,20191224,46090E103,444608,211.810000
20200115,20191230,46090E103,94675,213.610000
20200115,20191217,46090E103,2248,209.270000
20200115,20191219,46090E103,1057,209.550000
20200115,20191218,46090E103,48466,209.390000
20200115,20191231,46090E103,211,212.210000
20200115,20191226,46090E103,199213,211.920000
20200115,20191227,46090E103,18484,213.790000
20200115,20191223,46090E103,109871,211.710000
20200131,20200108,46090E103,7684,215.530000
20200131,20200109,46090E103,1852,217.150000
20200131,20200113,46090E103,10458,218.430000
20200131,20200106,46090E103,345564,214.180000
20200131,20200102,46090E103,4381,212.610000
20200131,20200107,46090E103,836,215.560000
20200131,20200110,46090E103,3069,218.990000
20200131,20200103,46090E103,2226,216.160000
20200131,20200114,46090E103,9420,220.950000
20200215,20200117,46090E103,425919,222.280000
20200215,20200116,46090E103,637367,220.170000
20200215,20200115,46090E103,1125879,220.080000
20200215,20200127,46090E103,861450,222.700000
20200215,20200121,46090E103,505563,223.380000
20200215,20200124,46090E103,1295,224.590000
20200215,20200128,46090E103,893866,218.100000
20200215,20200130,46090E103,45181,221.810000
20200215,20200123,46090E103,1277910,223.870000
20200215,20200131,46090E103,168673,222.600000
20200215,20200122,46090E103,3748123,223.280000
20200215,20200129,46090E103,150974,221.450000
20200531,20200514,46090E103,126881,219.340000
20200531,20200504,46090E103,93739,212.740000
20200531,20200512,46090E103,143785,226.870000
20200531,20200511,46090E103,310335,224.860000
20200531,20200507,46090E103,34797,219.000000
20200531,20200501,46090E103,41349,218.910000
20200531,20200506,46090E103,45360,217.660000
20200531,20200513,46090E103,75542,222.120000
20200531,20200508,46090E103,74395,221.820000
20200531,20200505,46090E103,122652,215.220000
20200615,20200528,46090E103,443,230.290000
20200615,20200520,46090E103,25260,226.860000
20200615,20200527,46090E103,41354,229.040000
20200615,20200522,46090E103,45906,228.870000
20200615,20200519,46090E103,160766,227.430000
20200615,20200515,46090E103,686817,221.830000
20200615,20200529,46090E103,116693,229.990000
20200615,20200526,46090E103,131075,229.660000
20200615,20200521,46090E103,1252,231.390000
20200615,20200518,46090E103,2215197,223.270000
20200630,20200605,46090E103,563078,235.030000
20200630,20200602,46090E103,16433,234.060000
20200630,20200610,46090E103,67682,243.300000
20200630,20200608,46090E103,260003,239.690000
20200630,20200609,46090E103,3511,241.550000
20200630,20200604,46090E103,443299,236.690000
20200630,20200603,46090E103,387398,235.630000
20200630,20200612,46090E103,10736,234.020000
20200630,20200611,46090E103,63404,246.220000
20200630,20200601,46090E103,13789,233.360000
20200715,20200618,46090E103,151460,243.620000
20200715,20200626,46090E103,112028,246.030000
20200715,20200630,46090E103,3423,242.840000
20200715,20200624,46090E103,109915,248.840000
20200715,20200629,46090E103,45893,240.220000
20200715,20200623,46090E103,568220,246.740000
20200715,20200616,46090E103,132020,238.750000
20200715,20200619,46090E103,480138,244.280000
20200715,20200622,46090E103,197193,244.240000
20200715,20200617,46090E103,29429,242.850000
20200715,20200615,46090E103,67577,235.880000
20200715,20200625,46090E103,33599,243.710000
20200731,20200713,46090E103,60368,263.970000
20200731,20200708,46090E103,19,256.610000
20200731,20200706,46090E103,1915,252.190000
20200731,20200702,46090E103,54469,250.490000
20200731,20200701,46090E103,11442,247.600000
20200731,20200714,46090E103,128115,258.540000
20200731,20200707,46090E103,2367,258.390000
20200731,20200709,46090E103,98218,259.990000
20200731,20200710,46090E103,10110,262.180000
20200815,20200728,46090E103,341777,260.120000
20200815,20200724,46090E103,175228,258.010000
20200815,20200720,46090E103,281389,259.420000
20200815,20200717,46090E103,2544,259.120000
20200815,20200727,46090E103,97950,255.560000
20200815,20200722,46090E103,2585,264.000000
20200815,20200730,46090E103,6044,259.770000
20200815,20200716,46090E103,360961,260.900000
20200815,20200715,46090E103,8850,260.370000
20200815,20200723,46090E103,4623,264.930000
20200815,20200729,46090E103,70395,256.810000
20200815,20200731,46090E103,124894,261.130000
20200815,20200721,46090E103,1928,266.780000
20200831,20200810,46090E103,8375,271.470000
20200831,20200807,46090E103,4093,274.640000
20200831,20200803,46090E103,62402,265.790000
20200831,20200812,46090E103,36228,265.190000
20200831,20200814,46090E103,35552,272.480000
20200831,20200804,46090E103,1954231,269.380000
20200831,20200811,46090E103,8456,270.310000
20200831,20200813,46090E103,12278,271.860000
20200831,20200805,46090E103,21224,270.380000
20200831,20200806,46090E103,161981,271.050000
20200915,20200831,46090E103,280221,292.530000
20200915,20200828,46090E103,48573,291.050000
20200915,20200824,46090E103,112294,281.870000
20200915,20200826,46090E103,6313,285.860000
20200915,20200818,46090E103,37049,275.320000
20200915,20200820,46090E103,978,276.100000
20200915,20200827,46090E103,265802,291.960000
20200915,20200821,46090E103,362580,279.930000
20200915,20200825,46090E103,425489,283.630000
20200915,20200819,46090E103,40201,277.970000
20200915,20200817,46090E103,46567,272.160000
20200930,20200904,46090E103,902,287.410000
20200930,20200910,46090E103,50763,277.880000
20200930,20200909,46090E103,20571,269.950000
20200930,20200911,46090E103,24027,272.340000
20200930,20200901,46090E103,64672,294.880000
20200930,20200914,46090E103,474523,270.450000
20200930,20200903,46090E103,189862,302.760000
20200930,20200908,46090E103,1265948,283.580000
20200930,20200902,46090E103,24929,299.920000
20201015,20200930,46090E103,4964,275.950000
20201015,20200928,46090E103,58401,271.560000
20201015,20200921,46090E103,3742298,266.870000
20201015,20200918,46090E103,4060645,270.320000
20201015,20200922,46090E103,9273869,267.510000
20201015,20200924,46090E103,14212,264.160000
20201015,20200923,46090E103,236288,272.480000
20201015,20200915,46090E103,4529367,275.160000
20201015,20200929,46090E103,35537,277.200000
20201015,20200916,46090E103,2872432,279.060000
20201015,20200925,46090E103,418962,265.390000
20201015,20200917,46090E103,2712217,274.610000
20201031,20201007,46090E103,793,275.160000
20201031,20201013,46090E103,11949,294.530000
20201031,20201008,46090E103,241785,279.920000
20201031,20201014,46090E103,15913,294.520000
20201031,20201005,46090E103,45626,274.310000
20201031,20201009,46090E103,129624,281.410000
20201031,20201006,46090E103,3251,280.160000
20201031,20201001,46090E103,40397,277.840000
20201031,20201002,46090E103,57438,282.250000
20201115,20201023,46090E103,8711,284.180000
20201115,20201022,46090E103,61355,284.190000
20201115,20201021,46090E103,53619,284.410000
20201115,20201030,46090E103,62863,276.390000
20201115,20201019,46090E103,20128,288.510000
20201115,20201028,46090E103,2020,282.660000
20201115,20201029,46090E103,35389,271.640000
20201115,20201027,46090E103,421,280.470000
20201115,20201015,46090E103,2272,292.060000
20201115,20201016,46090E103,29410,290.100000
20201115,20201020,46090E103,124764,283.800000
20201130,20201105,46090E103,1353467,286.910000
20201130,20201113,46090E103,337889,288.400000
20201130,20201104,46090E103,181805,274.650000
20201130,20201109,46090E103,7247,294.610000
20201130,20201112,46090E103,12130,289.760000
20201130,20201110,46090E103,12487,288.590000
20201130,20201106,46090E103,103345,294.390000
20201130,20201102,46090E103,22077,269.380000
20201130,20201103,46090E103,889126,269.980000
20201215,20201124,46090E103,6571,290.390000
20201215,20201119,46090E103,65649,290.110000
20201215,20201116,46090E103,134893,290.930000
20201215,20201123,46090E103,44751,290.380000
20201215,20201127,46090E103,11689,296.280000
20201215,20201117,46090E103,425181,293.200000
20201215,20201118,46090E103,6681,292.270000
20201215,20201125,46090E103,594,294.470000
20201215,20201130,46090E103,53,299.010000
20201215,20201120,46090E103,123541,292.380000
20201231,20201207,46090E103,9435,305.520000
20201231,20201209,46090E103,3,308.290000
20201231,20201211,46090E103,532528,302.520000
20201231,20201202,46090E103,37777,303.460000
20201231,20201210,46090E103,9,301.310000
20201231,20201201,46090E103,16104,299.620000
20201231,20201203,46090E103,5752,303.850000
20201231,20201204,46090E103,30649,304.280000
20201231,20201214,46090E103,213232,301.850000
20201231,20201208,46090E103,26942,307.250000
20210115,20201230,46090E103,86673,312.960000
20210115,20201228,46090E103,172,309.560000
20210115,20201229,46090E103,1873,312.680000
20210115,20201215,46090E103,11895,304.040000
20210115,20201222,46090E103,1349491,308.920000
20210115,20201216,46090E103,686592,307.290000
20210115,20201221,46090E103,1707291,310.060000
20210115,20201217,46090E103,178361,308.980000
20210115,20201218,46090E103,330671,311.000000
20210115,20201224,46090E103,43927,308.200000
20210115,20201231,46090E103,1778,312.970000
20210115,20201223,46090E103,5390,309.760000
20210131,20210114,46090E103,4342,316.040000
20210131,20210104,46090E103,2930,313.740000
20210131,20210112,46090E103,5270,314.420000
20210131,20210111,46090E103,611648,319.030000
20210131,20210106,46090E103,97537,311.860000
20210131,20210107,46090E103,853202,307.540000
20210131,20210113,46090E103,319499,313.920000
20210131,20210108,46090E103,133818,314.980000
20210131,20210105,46090E103,23266,309.310000
20210215,20210128,46090E103,9680,319.430000
20210215,20210126,46090E103,2820,328.110000
20210215,20210120,46090E103,398473,316.410000
20210215,20210121,46090E103,97193,323.770000
20210215,20210129,46090E103,2616,321.320000
20210215,20210122,46090E103,15138,326.360000
20210215,20210115,46090E103,261715,314.350000
20210215,20210125,46090E103,35679,325.420000
20210215,20210119,46090E103,5269,311.860000
20210215,20210127,46090E103,23120,328.590000
20210228,20210203,46090E103,997620,327.680000
20210228,20210202,46090E103,417437,322.420000
20210228,20210201,46090E103,897327,314.560000
20210228,20210212,46090E103,181,334.580000
20210228,20210204,46090E103,7100,326.380000
20210228,20210209,46090E103,233260,333.580000
20210228,20210208,46090E103,19079,331.360000
20210228,20210205,46090E103,201480,330.240000
20210228,20210211,46090E103,14055,332.750000
20210228,20210210,46090E103,99329,333.510000
20210315,20210224,46090E103,298,321.480000
20210315,20210223,46090E103,770110,322.440000
20210315,20210218,46090E103,1519,333.930000
20210315,20210216,46090E103,98,336.450000
20210315,20210217,46090E103,601136,335.540000
20210315,20210225,46090E103,536811,324.130000
20210315,20210222,46090E103,214979,331.020000
20210315,20210226,46090E103,5937,312.830000
20210315,20210219,46090E103,33270,332.470000
20210331,20210308,46090E103,3306059,308.680000
20210331,20210304,46090E103,181923,309.160000
20210331,20210310,46090E103,980447,311.770000
20210331,20210302,46090E103,765594,323.590000
20210331,20210312,46090E103,1117118,318.040000
20210331,20210305,46090E103,2545983,304.100000
20210331,20210303,46090E103,276017,318.400000
20210331,20210311,46090E103,5208486,310.880000
20210331,20210309,46090E103,381586,299.940000
20210331,20210301,46090E103,2776016,314.140000
20210415,20210326,46090E103,139068,311.330000
20210415,20210317,46090E103,3613,320.580000
20210415,20210330,46090E103,2351,315.910000
20210415,20210322,46090E103,4473333,313.140000
20210415,20210329,46090E103,22259,316.000000
20210415,20210325,46090E103,7315,311.870000
20210415,20210316,46090E103,5159,318.830000
20210415,20210319,46090E103,527603,312.040000
20210415,20210315,46090E103,134263,315.460000
20210415,20210323,46090E103,5398574,318.610000
20210415,20210318,46090E103,46718,321.900000
20210415,20210331,46090E103,2561,314.320000
20210415,20210324,46090E103,31781,317.220000
20210430,20210414,46090E103,559020,340.600000
20210430,20210406,46090E103,3724,331.050000
20210430,20210409,46090E103,24177,335.080000
20210430,20210405,46090E103,56262,324.570000
20210430,20210413,46090E103,28154,336.670000
20210430,20210401,46090E103,2553,319.130000
20210430,20210412,46090E103,232,337.110000
20210515,20210430,46090E103,62111,340.220000
20210515,20210427,46090E103,919,341.630000
20210515,20210422,46090E103,14118,339.290000
20210515,20210423,46090E103,1822,335.200000
20210515,20210415,46090E103,98207,336.510000
20210515,20210419,46090E103,42120,342.010000
20210515,20210428,46090E103,116718,340.150000
20210515,20210421,46090E103,3198,336.410000
20210515,20210420,46090E103,92293,338.880000
20210515,20210429,46090E103,19210,339.000000
20210515,20210426,46090E103,94846,339.420000
20210531,20210512,46090E103,836502,325.310000
20210531,20210503,46090E103,532625,337.990000
20210531,20210506,46090E103,826688,329.030000
20210531,20210514,46090E103,12,319.340000
20210531,20210510,46090E103,631623,334.200000
20210531,20210513,46090E103,50465,316.890000
20210531,20210507,46090E103,1516783,331.510000
20210531,20210505,46090E103,180912,330.140000
20210531,20210511,46090E103,90793,325.760000
20210531,20210504,46090E103,428162,336.190000
20210615,20210528,46090E103,93702,332.880000
20210615,20210527,46090E103,253022,334.130000
20210615,20210520,46090E103,292279,322.590000
20210615,20210526,46090E103,4282,332.970000
20210615,20210521,46090E103,282638,328.830000
20210615,20210518,46090E103,575164,324.410000
20210615,20210524,46090E103,14337,327.010000
20210615,20210519,46090E103,431522,322.220000
20210615,20210525,46090E103,1407,332.510000
20210615,20210517,46090E103,4910,326.390000
20210630,20210610,46090E103,20068,336.840000
20210630,20210604,46090E103,255261,330.000000
20210630,20210614,46090E103,40125,341.240000
20210630,20210607,46090E103,405422,335.600000
20210630,20210608,46090E103,1247872,336.600000
20210630,20210601,46090E103,17267,333.930000
20210630,20210602,46090E103,6379,332.820000
20210630,20210611,46090E103,20321,340.350000
20210630,20210609,46090E103,665229,336.760000
20210630,20210603,46090E103,12599,333.470000
20210715,20210617,46090E103,16851,341.010000
20210715,20210622,46090E103,2985528,344.360000
20210715,20210623,46090E103,270,347.570000
20210715,20210629,46090E103,9614,353.710000
20210715,20210625,46090E103,17521,349.890000
20210715,20210618,46090E103,39443,345.340000
20210715,20210621,46090E103,128195,342.630000
20210715,20210630,46090E103,11888,354.990000
20210715,20210615,46090E103,54466,344.510000
20210715,20210628,46090E103,9714,349.460000
20210715,20210616,46090E103,7690,342.260000
20210731,20210708,46090E103,1479,360.950000
20210731,20210714,46090E103,1189,362.420000
20210731,20210707,46090E103,2904,360.190000
20210731,20210709,46090E103,2744,358.770000
20210731,20210701,46090E103,34327,354.430000
20210731,20210702,46090E103,5212,354.570000
20210731,20210713,46090E103,393360,362.420000
20210731,20210706,46090E103,661835,358.640000
20210731,20210712,46090E103,16263,361.010000
20210815,20210719,46090E103,245,357.600000
20210815,20210721,46090E103,1622,358.790000
20210815,20210716,46090E103,111279,360.520000
20210815,20210729,46090E103,7368,365.830000
20210815,20210727,46090E103,22265,368.490000
20210815,20210728,46090E103,13421,364.430000
20210815,20210730,46090E103,52311,366.480000
20210815,20210723,46090E103,36368,363.950000
20210815,20210715,46090E103,6009,363.070000
20210815,20210720,46090E103,5821,354.670000
20210815,20210726,46090E103,57307,368.200000
20210815,20210722,46090E103,1107264,361.560000
20210831,20210804,46090E103,36729,366.810000
20210831,20210809,46090E103,10522,368.050000
20210831,20210812,46090E103,135626,366.210000
20210831,20210810,46090E103,345194,368.730000
20210831,20210806,46090E103,2055467,369.670000
20210831,20210811,46090E103,8149,366.840000
20210831,20210813,46090E103,85502,367.530000
20210831,20210805,46090E103,2310,367.340000
20210831,20210802,46090E103,10901,364.570000
20210831,20210803,46090E103,20970,364.600000
20210915,20210830,46090E103,3474,376.040000
20210915,20210827,46090E103,1106,372.420000
20210915,20210825,46090E103,149890,374.370000
20210915,20210818,46090E103,4524,365.730000
20210915,20210831,46090E103,14607,380.260000
20210915,20210823,46090E103,812,367.730000
20210915,20210817,46090E103,13453,368.980000
20210915,20210819,46090E103,148,362.210000
20210915,20210816,46090E103,2485,368.820000
20210915,20210824,46090E103,3175,373.230000
20210915,20210820,46090E103,27277,363.960000
20210915,20210826,46090E103,76430,374.800000
20210930,20210901,46090E103,7668,379.950000
20210930,20210914,46090E103,4944,376.330000
20210930,20210903,46090E103,7683,380.400000
20210930,20210909,46090E103,603016,380.780000
20210930,20210908,46090E103,76420,382.110000
20210930,20210907,46090E103,27446,381.570000
20210930,20210902,46090E103,163676,380.580000
20210930,20210913,46090E103,7301,376.590000
20210930,20210910,46090E103,1119,379.470000
20211015,20210922,46090E103,141854,366.150000
20211015,20210928,46090E103,753527,370.350000
20211015,20210920,46090E103,98724,373.830000
20211015,20210917,46090E103,104868,378.310000
20211015,20210923,46090E103,17193,369.570000
20211015,20210921,46090E103,1332585,365.700000
20211015,20210927,46090E103,10701,373.330000
20211015,20210930,46090E103,12030,359.280000
20211015,20210929,46090E103,335859,359.870000
20211015,20210924,46090E103,6119,372.980000
20211015,20210915,46090E103,51165,375.260000
20211015,20210916,46090E103,200555,378.050000
20211031,20211007,46090E103,61575,359.670000
20211031,20211006,46090E103,663158,357.380000
20211031,20211014,46090E103,144136,360.000000
20211031,20211001,46090E103,10056,357.960000
20211031,20211013,46090E103,228348,357.140000
20211031,20211005,46090E103,18347,352.620000
20211031,20211012,46090E103,11473,358.390000
20211031,20211008,46090E103,39082,362.970000
20211031,20211004,46090E103,99619,360.180000
20211115,20211028,46090E103,42834,380.000000
20211115,20211027,46090E103,19889,379.120000
20211115,20211020,46090E103,12289,375.470000
20211115,20211026,46090E103,46678,377.930000
20211115,20211018,46090E103,45658,368.940000
20211115,20211022,46090E103,2248,377.270000
20211115,20211029,46090E103,100,384.220000
20211115,20211019,46090E103,3889178,372.650000
20211115,20211021,46090E103,5206,374.980000
20211115,20211025,46090E103,374185,374.100000
20211115,20211015,46090E103,11998,366.630000
20211130,20211110,46090E103,1873,395.320000
20211130,20211108,46090E103,295389,398.600000
20211130,20211104,46090E103,28104,393.180000
20211130,20211103,46090E103,1171,389.050000
20211130,20211105,46090E103,29120,398.220000
20211130,20211112,46090E103,31531,390.590000
20211130,20211102,46090E103,1679,387.430000
20211215,20211118,46090E103,113502,397.630000
20211215,20211116,46090E103,453746,394.610000
20211215,20211129,46090E103,487670,391.200000
20211215,20211115,46090E103,189136,394.700000
20211215,20211119,46090E103,281266,401.750000
20211215,20211122,46090E103,428489,403.990000
20211215,20211130,46090E103,5620,399.690000
20211215,20211126,46090E103,4919,398.760000
20211215,20211124,46090E103,15538,397.480000
20211215,20211123,46090E103,26481,399.300000
20211231,20211206,46090E103,35726,383.130000
20211231,20211207,46090E103,36296,386.200000
20211231,20211201,46090E103,29751,393.820000
20211231,20211214,46090E103,1036555,392.260000
20211231,20211208,46090E103,541895,397.830000
20211231,20211203,46090E103,4908,389.910000
20211231,20211210,46090E103,2295828,393.730000
20211231,20211213,46090E103,1698812,398.010000
20211231,20211202,46090E103,12745,387.120000
20211231,20211209,46090E103,1150802,399.610000
20220115,20211220,46090E103,21340,384.910000
20220115,20211230,46090E103,95,401.550000
20220115,20211217,46090E103,703636,386.840000
20220115,20211231,46090E103,12429,400.350000
20220115,20211228,46090E103,26188,403.480000
20220115,20211222,46090E103,1072,389.210000
20220115,20211223,46090E103,401,393.950000
20220115,20211221,46090E103,343562,380.690000
20220115,20211215,46090E103,195998,388.200000
20220115,20211216,46090E103,3693395,397.050000
20220115,20211229,46090E103,40280,401.610000
20220131,20220112,46090E103,2484,385.820000
20220131,20220106,46090E103,2570,384.290000
20220131,20220107,46090E103,40027,384.020000
20220131,20220105,46090E103,1946881,396.470000
20220131,20220111,46090E103,125424,380.110000
20220131,20220103,46090E103,31764,397.850000
20220131,20220113,46090E103,517,387.350000
20220131,20220110,46090E103,26827,379.860000
20220131,20220114,46090E103,366443,377.660000
20220131,20220104,46090E103,1385,401.680000
20220215,20220120,46090E103,921898,366.480000
20220215,20220119,46090E103,64644,370.550000
20220215,20220125,46090E103,896283,353.300000
20220215,20220126,46090E103,557644,345.110000
20220215,20220118,46090E103,30081,380.010000
20220215,20220128,46090E103,3836264,341.100000
20220215,20220127,46090E103,573474,344.570000
20220215,20220124,46090E103,411410,351.690000
20220215,20220131,46090E103,2914355,351.800000
20220215,20220121,46090E103,7434,361.720000
20220228,20220204,46090E103,197207,353.550000
20220228,20220209,46090E103,77849,359.120000
20220228,20220201,46090E103,2579015,363.050000
20220228,20220202,46090E103,5521861,365.520000
20220228,20220210,46090E103,1613,366.730000
20220228,20220208,46090E103,33351,355.130000
20220228,20220214,46090E103,2205844,347.060000
20220228,20220207,46090E103,82479,358.010000
20220228,20220203,46090E103,215057,368.490000
20220228,20220211,46090E103,15400,358.430000
20220315,20220223,46090E103,1609853,338.080000
20220315,20220224,46090E103,1274823,329.420000
20220315,20220228,46090E103,396860,345.770000
20220315,20220216,46090E103,76468,356.130000
20220315,20220222,46090E103,896080,341.510000
20220315,20220215,46090E103,13076,347.490000
20220315,20220217,46090E103,335333,356.040000
20220315,20220225,46090E103,467582,340.490000
20220315,20220218,46090E103,556160,345.450000
20220331,20220304,46090E103,288420,342.260000
20220331,20220301,46090E103,302438,346.800000
20220331,20220311,46090E103,73342,331.270000
20220331,20220303,46090E103,32918,347.220000
20220331,20220307,46090E103,380238,337.300000
20220331,20220308,46090E103,17507,324.860000
20220331,20220310,46090E103,136031,334.990000
20220331,20220309,46090E103,1199,323.350000
20220331,20220302,46090E103,593349,341.490000
20220331,20220314,46090E103,90553,324.400000
20220415,20220329,46090E103,2398,364.910000
20220415,20220315,46090E103,714018,318.170000
20220415,20220328,46090E103,176855,359.350000
20220415,20220325,46090E103,450410,359.650000
20220415,20220317,46090E103,1579827,340.320000
20220415,20220318,46090E103,2066957,344.440000
20220415,20220323,46090E103,4118,356.960000
20220415,20220321,46090E103,1822485,351.490000
20220415,20220322,46090E103,5739180,350.080000
20220415,20220324,46090E103,248051,351.830000
20220415,20220316,46090E103,199913,328.150000
20220415,20220330,46090E103,4972,371.190000
20220430,20220412,46090E103,207172,340.890000
20220430,20220401,46090E103,218,362.540000
20220430,20220404,46090E103,2591,361.850000
20220430,20220413,46090E103,202079,339.450000
20220430,20220405,46090E103,16978,369.300000
20220430,20220406,46090E103,3769,361.100000
20220430,20220414,46090E103,266993,346.350000
20220430,20220411,46090E103,329,349.150000
20220430,20220408,46090E103,138,354.100000
20220430,20220407,46090E103,86,353.260000
20220515,20220426,46090E103,63882,329.580000
20220515,20220421,46090E103,1290,341.210000
20220515,20220422,46090E103,7788,334.150000
20220515,20220427,46090E103,1296067,317.140000
20220515,20220420,46090E103,2747,346.260000
20220515,20220425,46090E103,172909,325.400000
20220515,20220418,46090E103,8599,338.430000
20220515,20220428,46090E103,1,316.760000
20220515,20220429,46090E103,69306,328.010000
20220515,20220419,46090E103,27583,338.690000
20220531,20220505,46090E103,1007,329.600000
20220531,20220511,46090E103,97264,300.760000
20220531,20220512,46090E103,133013,291.840000
20220531,20220502,46090E103,362985,313.250000
20220531,20220504,46090E103,289370,318.820000
20220531,20220506,46090E103,706774,313.000000
20220531,20220510,46090E103,79696,297.150000
20220531,20220513,46090E103,13653,291.150000
20220531,20220503,46090E103,24608,318.480000
20220531,20220509,46090E103,169428,309.250000
20220615,20220518,46090E103,4164,306.170000
20220615,20220526,46090E103,163490,291.260000
20220615,20220519,46090E103,41126,291.140000
20220615,20220531,46090E103,8479,309.100000
20220615,20220523,46090E103,1143977,288.680000
20220615,20220527,46090E103,81723,299.330000
20220615,20220524,46090E103,5584,293.480000
20220615,20220516,46090E103,722199,301.940000
20220615,20220525,46090E103,20815,287.240000
20220615,20220520,46090E103,27418,289.580000
20220615,20220517,46090E103,71930,298.440000
20220630,20220610,46090E103,9044,299.400000
20220630,20220613,46090E103,17049,288.840000
20220630,20220607,46090E103,1936,307.220000
20220630,20220601,46090E103,58104,308.280000
20220630,20220602,46090E103,66851,306.000000
20220630,20220606,46090E103,1277905,306.200000
20220630,20220608,46090E103,809251,309.870000
20220630,20220603,46090E103,411177,314.380000
20220630,20220614,46090E103,873,275.410000
20220630,20220609,46090E103,126399,307.640000
20220715,20220627,46090E103,31934,294.610000
20220715,20220624,46090E103,405110,284.850000
20220715,20220617,46090E103,981571,271.390000
20220715,20220623,46090E103,1477391,280.670000
20220715,20220616,46090E103,17383,282.800000
20220715,20220628,46090E103,49315,292.450000
20220715,20220629,46090E103,14330,283.540000
20220715,20220615,46090E103,62241,275.910000
20220715,20220621,46090E103,754400,274.690000
20220715,20220622,46090E103,999386,281.080000
20220715,20220630,46090E103,366252,283.800000
20220731,20220706,46090E103,210079,286.960000
20220731,20220705,46090E103,507074,282.130000
20220731,20220712,46090E103,283673,289.040000
20220731,20220707,46090E103,6995,288.800000
20220731,20220714,46090E103,18268,285.650000
20220731,20220711,46090E103,113054,295.350000
20220731,20220708,46090E103,310781,294.980000
20220731,20220713,46090E103,83184,286.240000
20220731,20220701,46090E103,37524,280.280000
20220815,20220715,46090E103,3779,286.670000
20220815,20220720,46090E103,8858,298.300000
20220815,20220718,46090E103,40657,291.870000
20220815,20220726,46090E103,19216,300.270000
20220815,20220721,46090E103,3985,303.030000
20220815,20220727,46090E103,1602,294.370000
20220815,20220722,46090E103,90606,307.380000
20220815,20220728,46090E103,1920,306.810000
20220815,20220719,46090E103,959559,289.400000
20220815,20220725,46090E103,9495,301.990000
20220815,20220729,46090E103,5870,309.810000
20220831,20220801,46090E103,236993,315.460000
20220831,20220811,46090E103,1670,325.930000
20220831,20220803,46090E103,91696,314.330000
20220831,20220804,46090E103,25022,322.890000
20220831,20220802,46090E103,118518,315.270000
20220831,20220805,46090E103,758977,324.400000
20220831,20220808,46090E103,1302189,321.750000
20220831,20220812,46090E103,167374,324.080000
20220831,20220810,46090E103,38594,317.080000
20220831,20220809,46090E103,499,320.710000
20220915,20220831,46090E103,79991,301.020000
20220915,20220823,46090E103,106655,314.360000
20220915,20220819,46090E103,1535,329.280000
20220915,20220818,46090E103,76601,328.490000
20220915,20220825,46090E103,330,315.010000
20220915,20220829,46090E103,392791,307.440000
20220915,20220816,46090E103,332588,333.060000
20220915,20220815,46090E103,18028,330.390000
20220915,20220824,46090E103,133067,314.100000
20220915,20220817,46090E103,59914,332.280000
20220915,20220830,46090E103,113222,304.410000
20220915,20220826,46090E103,92478,320.580000
20220915,20220822,46090E103,52323,322.860000
20220930,20220907,46090E103,475983,293.050000
20220930,20220901,46090E103,77473,299.270000
20220930,20220909,46090E103,134244,300.520000
20220930,20220902,46090E103,84166,299.400000
20220930,20220914,46090E103,588880,293.700000
20220930,20220906,46090E103,27262,295.170000
20220930,20220913,46090E103,21256,310.740000
20220930,20220908,46090E103,2228485,298.970000
20220930,20220912,46090E103,1955938,307.090000
20221015,20220921,46090E103,13868,288.730000
20221015,20220916,46090E103,2907370,291.100000
20221015,20220923,46090E103,508575,280.070000
20221015,20220929,46090E103,189002,279.940000
20221015,20220926,46090E103,246570,275.510000
20221015,20220927,46090E103,422167,274.370000
20221015,20220930,46090E103,1889641,271.870000
20221015,20220922,46090E103,1742,283.560000
20221015,20220919,46090E103,1180461,289.320000
20221015,20220928,46090E103,147212,274.480000
20221015,20220920,46090E103,3577120,291.050000
20221015,20220915,46090E103,24854,296.030000
20221031,20221003,46090E103,498493,267.260000
20221031,20221013,46090E103,2927,262.660000
20221031,20221011,46090E103,52621,266.410000
20221031,20221006,46090E103,614758,281.980000
20221031,20221007,46090E103,513641,279.760000
20221031,20221014,46090E103,543630,268.820000
20221031,20221004,46090E103,895938,273.530000
20221031,20221012,46090E103,67893,262.750000
20221031,20221005,46090E103,542399,282.130000
20221115,20221018,46090E103,199192,269.350000
20221115,20221021,46090E103,1029283,269.110000
20221115,20221017,46090E103,50422,260.740000
20221115,20221027,46090E103,129,277.930000
20221115,20221026,46090E103,29886,284.210000
20221115,20221025,46090E103,831304,278.450000
20221115,20221020,46090E103,11099,270.490000
20221115,20221028,46090E103,880,272.870000
20221115,20221024,46090E103,454630,275.420000
20221115,20221019,46090E103,74376,271.480000
20221130,20221101,46090E103,129015,277.950000
20221130,20221107,46090E103,23763,264.680000
20221130,20221104,46090E103,499,260.490000
20221130,20221110,46090E103,456,263.320000
20221130,20221109,46090E103,21776,269.540000
20221130,20221108,46090E103,420453,267.590000
20221130,20221102,46090E103,61119,275.110000
20221215,20221125,46090E103,2963,288.820000
20221215,20221130,46090E103,1836,280.570000
20221215,20221129,46090E103,361385,282.710000
20221215,20221128,46090E103,56045,286.920000
20221215,20221121,46090E103,165099,284.820000
20221215,20221122,46090E103,186093,281.890000
20221215,20221123,46090E103,13267,285.950000
20221215,20221116,46090E103,49000,289.390000
20221215,20221117,46090E103,893,285.440000
20221215,20221115,46090E103,33142,285.440000
20221215,20221118,46090E103,39,284.810000
20221231,20221209,46090E103,104573,283.850000
20221231,20221202,46090E103,35449,293.720000
20221231,20221206,46090E103,33142,287.640000
20221231,20221207,46090E103,1141,281.680000
20221231,20221205,46090E103,12000,292.550000
20221231,20221201,46090E103,7887,293.360000
20221231,20221212,46090E103,6995,282.040000
20221231,20221214,46090E103,323431,288.650000
20221231,20221213,46090E103,57550,285.580000
20221231,20221208,46090E103,61794,280.530000
20230115,20221228,46090E103,590,263.580000
20230115,20221230,46090E103,469,266.440000
20230115,20221227,46090E103,569,267.360000
20230115,20221219,46090E103,186529,274.250000
20230115,20221220,46090E103,977898,269.750000
20230115,20221215,46090E103,23934,286.510000
20230115,20221223,46090E103,8848,266.760000
20230115,20221216,46090E103,440236,276.890000
20230115,20221229,46090E103,32100,260.100000
20230115,20221221,46090E103,1636620,269.540000
20230115,20221222,46090E103,249275,273.450000
20230131,20230110,46090E103,33739,270.540000
20230131,20230111,46090E103,115426,272.830000
20230131,20230113,46090E103,28557,279.050000
20230131,20230112,46090E103,201405,277.550000
20230131,20230106,46090E103,3446,261.580000
20230131,20230104,46090E103,113487,264.480000
20230131,20230109,46090E103,52539,268.800000
20230131,20230103,46090E103,12563,266.280000
20230131,20230105,46090E103,58823,265.740000
20230215,20230120,46090E103,661362,275.150000
20230215,20230118,46090E103,46041,281.540000
20230215,20230123,46090E103,168601,282.680000
20230215,20230117,46090E103,8224,280.970000
20230215,20230127,46090E103,24187,293.340000
20230215,20230131,46090E103,19498,290.270000
20230215,20230126,46090E103,35779,287.730000
20230215,20230124,46090E103,3863617,288.960000
20230215,20230130,46090E103,1251480,296.260000
20230215,20230125,46090E103,1125415,288.370000
20230215,20230119,46090E103,15497,277.880000
20230228,20230202,46090E103,13770,300.920000
20230228,20230207,46090E103,531922,303.590000
20230228,20230213,46090E103,32942,299.700000
20230228,20230208,46090E103,435699,309.880000
20230228,20230201,46090E103,781,294.620000
20230228,20230214,46090E103,218,304.500000
20230228,20230210,46090E103,27859,301.680000
20230228,20230203,46090E103,13020,311.720000
20230228,20230206,46090E103,110211,306.180000
20230228,20230209,46090E103,704751,304.370000
20230315,20230222,46090E103,319376,294.030000
20230315,20230217,46090E103,16092,303.300000
20230315,20230227,46090E103,311768,291.850000
20230315,20230216,46090E103,240594,309.100000
20230315,20230215,46090E103,371,306.750000
20230315,20230224,46090E103,99738,296.820000
20230315,20230221,46090E103,743816,301.160000
20230315,20230228,46090E103,33826,293.940000
20230315,20230223,46090E103,255300,294.250000
20230331,20230307,46090E103,400584,300.020000
20230331,20230303,46090E103,79459,293.610000
20230331,20230313,46090E103,31863,288.550000
20230331,20230308,46090E103,4275,296.340000
20230331,20230306,46090E103,69968,299.680000
20230331,20230309,46090E103,32035,297.820000
20230331,20230302,46090E103,51603,291.200000
20230331,20230310,46090E103,12591,292.660000
20230331,20230314,46090E103,35186,290.690000
20230331,20230301,46090E103,6104,293.560000
20230415,20230320,46090E103,6982563,305.360000
20230415,20230323,46090E103,69827,306.120000
20230415,20230329,46090E103,19175,307.120000
20230415,20230322,46090E103,738933,310.340000
20230415,20230330,46090E103,132967,312.720000
20230415,20230327,46090E103,38079,310.890000
20230415,20230321,46090E103,10550707,305.970000
20230415,20230324,46090E103,22160,309.750000
20230415,20230331,46090E103,109177,315.680000
20230415,20230328,46090E103,16343,308.760000
20230415,20230315,46090E103,16239,297.370000
20230415,20230317,46090E103,28034,306.810000
20230415,20230316,46090E103,178445,298.930000
20230430,20230404,46090E103,224598,320.150000
20230430,20230403,46090E103,13031,320.930000
20230430,20230406,46090E103,399,315.920000
20230430,20230412,46090E103,124003,315.830000
20230430,20230413,46090E103,258743,313.040000
20230430,20230414,46090E103,187747,319.170000
20230430,20230410,46090E103,98870,318.050000
20230430,20230405,46090E103,4042,319.070000
20230430,20230411,46090E103,2488,317.870000
20230515,20230424,46090E103,63544,316.610000
20230515,20230418,46090E103,11808,318.840000
20230515,20230425,46090E103,736872,315.950000
20230515,20230421,46090E103,153591,316.280000
20230515,20230417,46090E103,17755,318.570000
20230515,20230427,46090E103,119208,311.870000
20230515,20230420,46090E103,21034,318.710000
20230515,20230426,46090E103,143685,309.990000
20230515,20230428,46090E103,271849,320.350000
20230515,20230419,46090E103,131309,318.860000
20230531,20230504,46090E103,6102,317.290000
20230531,20230508,46090E103,1162,322.890000
20230531,20230510,46090E103,4898,321.640000
20230531,20230512,46090E103,37022,326.200000
20230531,20230503,46090E103,271,319.380000
20230531,20230505,46090E103,455,316.170000
20230531,20230511,46090E103,144705,325.140000
20230531,20230501,46090E103,66741,322.560000
20230531,20230509,46090E103,129743,323.690000
20230531,20230502,46090E103,82165,322.190000
20230615,20230517,46090E103,30,327.160000
20230615,20230515,46090E103,3969,325.030000
20230615,20230530,46090E103,46410,348.400000
20230615,20230516,46090E103,213129,326.790000
20230615,20230524,46090E103,386,333.360000
20230615,20230519,46090E103,5624,337.270000
20230615,20230525,46090E103,5055,331.650000
20230615,20230523,46090E103,165415,337.640000
20230615,20230518,46090E103,52831,331.120000
20230615,20230526,46090E103,174116,339.720000
20230615,20230522,46090E103,66243,336.510000
20230615,20230531,46090E103,85723,349.980000
20230630,20230602,46090E103,33370,352.010000
20230630,20230606,46090E103,327539,354.900000
20230630,20230613,46090E103,92106,360.490000
20230630,20230609,46090E103,35110,353.150000
20230630,20230614,46090E103,93920,363.260000
20230630,20230601,46090E103,116239,347.990000
20230630,20230612,46090E103,41668,354.500000
20230630,20230608,46090E103,9437,348.820000
20230630,20230605,46090E103,59110,354.650000
20230630,20230607,46090E103,16171,354.840000
20230715,20230629,46090E103,26513,364.540000
20230715,20230627,46090E103,9941,357.680000
20230715,20230621,46090E103,3447428,366.900000
20230715,20230623,46090E103,45188,366.170000
20230715,20230626,46090E103,23464,362.540000
20230715,20230620,46090E103,890278,367.930000
20230715,20230622,46090E103,611103,361.900000
20230715,20230615,46090E103,138016,365.900000
20230715,20230628,46090E103,73164,363.830000
20230715,20230616,46090E103,166538,370.260000
20230731,20230711,46090E103,2632,366.360000
20230731,20230705,46090E103,266117,370.290000
20230731,20230713,46090E103,1100,372.820000
20230731,20230712,46090E103,182924,368.170000
20230731,20230710,46090E103,305,366.240000
20230731,20230703,46090E103,871,369.420000
20230731,20230707,46090E103,17606,367.460000
20230731,20230714,46090E103,1585,379.150000
20230731,20230706,46090E103,3427,370.280000
20230815,20230720,46090E103,14242,385.650000
20230815,20230724,46090E103,89845,375.630000
20230815,20230718,46090E103,19543,382.610000
20230815,20230725,46090E103,432040,376.230000
20230815,20230721,46090E103,2305,376.760000
20230815,20230728,46090E103,12168,376.620000
20230815,20230727,46090E103,14601,377.520000
20230815,20230731,46090E103,5742,383.480000
20230815,20230726,46090E103,42898,378.780000
20230815,20230719,46090E103,59177,385.740000
20230815,20230717,46090E103,13018,379.070000
20230831,20230814,46090E103,66600,366.240000
20230831,20230807,46090E103,26356,372.040000
20230831,20230801,46090E103,26542,383.680000
20230831,20230808,46090E103,12328,375.190000
20230831,20230809,46090E103,11716,372.000000
20230831,20230810,46090E103,158537,367.910000
20230831,20230802,46090E103,21626,382.790000
20230831,20230803,46090E103,7468,374.390000
20230831,20230804,46090E103,73131,373.790000
20230831,20230811,46090E103,1490,368.590000
20230915,20230824,46090E103,728647,369.110000
20230915,20230816,46090E103,48737,366.420000
20230915,20230815,46090E103,28126,370.350000
20230915,20230829,46090E103,3127805,366.760000
20230915,20230831,46090E103,35177,376.860000
20230915,20230817,46090E103,402,362.540000
20230915,20230822,46090E103,4327102,363.900000
20230915,20230828,46090E103,29701,364.020000
20230915,20230823,46090E103,4408,363.380000
20230915,20230825,46090E103,38045,361.220000
20230915,20230821,46090E103,9695,358.130000
20230915,20230818,46090E103,2792,358.580000
20230915,20230830,46090E103,645,374.770000
20230930,20230901,46090E103,1302,377.990000
20230930,20230906,46090E103,27357,378.070000
20230930,20230911,46090E103,1783,372.580000
20230930,20230908,46090E103,227456,372.060000
20230930,20230913,46090E103,20811,372.790000
20230930,20230907,46090E103,2930,374.740000
20230930,20230912,46090E103,1026990,376.970000
20230930,20230905,46090E103,295,377.590000
20231015,20230928,46090E103,138243,355.040000
20231015,20230921,46090E103,35458,364.540000
20231015,20230929,46090E103,530250,358.010000
20231015,20230918,46090E103,1227539,370.810000
20231015,20230925,46090E103,16880,357.910000
20231015,20230920,46090E103,183156,369.870000
20231015,20230927,46090E103,2657,354.210000
20231015,20230919,46090E103,5574085,370.660000
20231015,20230915,46090E103,1982,377.270000
20231015,20230926,46090E103,3131,359.610000
20231015,20230922,46090E103,30099,357.860000
20231031,20231010,46090E103,887,366.560000
20231031,20231006,46090E103,560,358.690000
20231031,20231012,46090E103,26889,371.220000
20231031,20231011,46090E103,35922,368.590000
20231031,20231004,46090E103,239977,354.920000
20231031,20231005,46090E103,73519,359.750000
20231031,20231013,46090E103,27136,369.930000
20231031,20231002,46090E103,128784,358.270000
20231031,20231003,46090E103,33446,361.260000
20231115,20231018,46090E103,135,368.200000
20231115,20231026,46090E103,93529,350.340000
20231115,20231019,46090E103,1,363.370000
20231115,20231024,46090E103,192039,355.670000
20231115,20231017,46090E103,158,369.410000
20231115,20231016,46090E103,10603,365.280000
20231115,20231027,46090E103,1338430,343.660000
20231115,20231020,46090E103,6847,359.970000
20231115,20231030,46090E103,43476,345.310000
20231115,20231031,46090E103,253027,349.200000
20231115,20231025,46090E103,177613,359.130000
20231115,20231023,46090E103,44345,354.600000
20231130,20231110,46090E103,23411,370.070000
20231130,20231107,46090E103,38044,369.210000
20231130,20231103,46090E103,30571,363.440000
20231130,20231108,46090E103,11145,372.700000
20231130,20231102,46090E103,36363,356.960000
20231130,20231109,46090E103,4943,372.940000
20231130,20231106,46090E103,262,367.710000
20231130,20231101,46090E103,517306,350.870000
20231130,20231114,46090E103,51550,377.210000
20231130,20231113,46090E103,195674,378.390000
20231215,20231121,46090E103,4407,390.740000
20231215,20231128,46090E103,2957,389.170000
20231215,20231130,46090E103,204484,389.810000
20231215,20231129,46090E103,5886,390.190000
20231215,20231117,46090E103,464275,385.950000
20231215,20231122,46090E103,5174,388.470000
20231215,20231124,46090E103,19681,390.060000
20231215,20231115,46090E103,51588,385.330000
20231215,20231116,46090E103,3428,385.620000
20231215,20231127,46090E103,209,389.510000
20231215,20231120,46090E103,5886,386.040000
20231231,20231212,46090E103,19800,395.520000
20231231,20231211,46090E103,4803,392.170000
20231231,20231204,46090E103,1183,389.940000
20231231,20231213,46090E103,413904,398.670000
20231231,20231207,46090E103,1040,385.050000
20231231,20231201,46090E103,72706,388.830000
20231231,20231205,46090E103,29748,386.320000
20231231,20231208,46090E103,96486,390.430000
20231231,20231214,46090E103,123044,403.740000
20231231,20231206,46090E103,34232,387.290000
20240115,20231218,46090E103,231348,405.340000
20240115,20231219,46090E103,7648802,407.080000
20240115,20231228,46090E103,91282,411.500000
20240115,20231221,46090E103,90701,403.080000
20240115,20231227,46090E103,349613,410.880000
20240115,20231220,46090E103,745538,409.160000
20240115,20231229,46090E103,9622,411.300000
20240115,20231226,46090E103,26610,408.380000
20240115,20231215,46090E103,9700,403.390000
20240131,20240105,46090E103,20357,396.280000
20240131,20240110,46090E103,3080,405.750000
20240131,20240102,46090E103,617,409.520000
20240131,20240108,46090E103,9291,396.750000
20240131,20240111,46090E103,3154,408.500000
20240131,20240112,46090E103,28478,409.350000
20240131,20240103,46090E103,5041,402.590000
20240131,20240109,46090E103,579,404.950000
20240131,20240104,46090E103,77217,398.330000
20240215,20240122,46090E103,299918,421.180000
20240215,20240131,46090E103,113864,425.300000
20240215,20240129,46090E103,68967,423.810000
20240215,20240119,46090E103,15683,412.990000
20240215,20240124,46090E103,690728,423.480000
20240215,20240123,46090E103,96847,421.730000
20240215,20240125,46090E103,46793,425.830000
20240215,20240116,46090E103,3426,409.560000
20240215,20240117,46090E103,6353,409.520000
20240215,20240118,46090E103,7764,407.210000
20240215,20240126,46090E103,900,426.350000
20240215,20240130,46090E103,1955,428.150000
20240229,20240208,46090E103,32,431.990000
20240229,20240207,46090E103,43615,427.590000
20240229,20240214,46090E103,5627,428.550000
20240229,20240213,46090E103,2055,435.340000
20240229,20240205,46090E103,34281,429.010000
20240229,20240209,46090E103,11885,432.790000
20240229,20240201,46090E103,6114,416.970000
20240229,20240212,46090E103,8621,437.050000
20240229,20240202,46090E103,7985,421.880000
20240229,20240206,46090E103,99956,428.450000
20240315,20240223,46090E103,4967,438.070000
20240315,20240222,46090E103,478,425.610000
20240315,20240216,46090E103,658201,434.510000
20240315,20240226,46090E103,12608,436.780000
20240315,20240215,46090E103,50288,433.220000
20240315,20240229,46090E103,23065,435.270000
20240315,20240227,46090E103,23721,436.550000
20240315,20240220,46090E103,85131,430.570000
20240315,20240221,46090E103,330212,427.320000
20240331,20240305,46090E103,53296,444.020000
20240331,20240313,46090E103,3626,443.660000
20240331,20240304,46090E103,11652,445.610000
20240331,20240312,46090E103,44107,437.390000
20240331,20240306,46090E103,312748,436.050000
20240331,20240308,46090E103,126916,445.450000
20240331,20240314,46090E103,69701,440.250000
20240331,20240311,46090E103,62891,439.020000
20240415,20240318,46090E103,633336,433.920000
20240415,20240321,46090E103,25891,443.770000
20240415,20240326,46090E103,134780,444.760000
20240415,20240328,46090E103,206456,444.830000
20240415,20240315,46090E103,43792,439.140000
20240415,20240322,46090E103,50,445.870000
20240415,20240320,46090E103,155360,438.570000
20240415,20240325,46090E103,1319,446.380000
20240415,20240319,46090E103,884736,437.480000
20240415,20240327,46090E103,1847,443.320000
20240430,20240411,46090E103,7669,438.370000
20240430,20240412,46090E103,1009,445.370000
20240430,20240410,46090E103,34476,442.230000
20240430,20240401,46090E103,2090,444.010000
20240430,20240408,46090E103,1746,440.470000
20240430,20240405,46090E103,148429,435.340000
20240430,20240404,46090E103,34067,442.100000
20240430,20240403,46090E103,585,441.110000
20240430,20240402,46090E103,153076,444.950000
20240430,20240409,46090E103,74485,440.600000
20240515,20240429,46090E103,61077,431.000000
20240515,20240425,46090E103,11280,426.510000
20240515,20240424,46090E103,56256,425.070000
20240515,20240417,46090E103,76787,431.100000
20240515,20240422,46090E103,15335,414.650000
20240515,20240415,46090E103,40597,438.270000
20240515,20240423,46090E103,37613,418.820000
20240515,20240430,46090E103,93285,432.750000
20240515,20240416,46090E103,188,431.060000
20240515,20240418,46090E103,5031,425.840000
20240515,20240426,46090E103,4122,424.450000
20240515,20240419,46090E103,6184,423.410000
20240531,20240509,46090E103,6534,440.060000
20240531,20240510,46090E103,63394,441.020000
20240531,20240507,46090E103,47127,440.250000
20240531,20240503,46090E103,11810,426.900000
20240531,20240502,46090E103,4790,421.520000
20240531,20240508,46090E103,65364,440.320000
20240531,20240501,46090E103,1483,424.590000
20240531,20240513,46090E103,4267,442.060000
20240531,20240514,46090E103,21461,443.080000
20240531,20240506,46090E103,6935,435.480000
20240615,20240531,46090E103,105,451.550000
20240615,20240523,46090E103,1492,455.710000
20240615,20240516,46090E103,10087,452.900000
20240615,20240524,46090E103,3866,453.660000
20240615,20240521,46090E103,1418,454.910000
20240615,20240529,46090E103,2878,459.680000
20240615,20240517,46090E103,8330,451.980000
20240615,20240520,46090E103,19844,451.760000
20240615,20240522,46090E103,50620,455.800000
20240615,20240515,46090E103,1360,445.930000
20240615,20240530,46090E103,1170,456.440000
20240630,20240610,46090E103,3795,462.960000
20240630,20240603,46090E103,182757,450.710000
20240630,20240607,46090E103,3047,463.370000
20240630,20240605,46090E103,160332,454.370000
20240630,20240611,46090E103,10874,464.830000
20240630,20240606,46090E103,15662,463.530000
20240630,20240604,46090E103,46485,453.130000
20240630,20240614,46090E103,5083,476.720000
20240630,20240613,46090E103,67530,474.150000
20240630,20240612,46090E103,10936,468.020000
20240715,20240625,46090E103,18237,473.960000
20240715,20240621,46090E103,87591,481.470000
20240715,20240628,46090E103,28658,481.610000
20240715,20240624,46090E103,1908648,480.180000
20240715,20240626,46090E103,69185,479.380000
20240715,20240627,46090E103,9844,480.370000
20240715,20240620,46090E103,160332,485.210000
20240715,20240618,46090E103,54137,485.060000
20240731,20240705,46090E103,15292,491.040000
20240731,20240710,46090E103,6703,497.770000
20240731,20240709,46090E103,2000,497.340000
20240731,20240702,46090E103,129,481.920000
20240731,20240703,46090E103,9682,486.980000
20240731,20240711,46090E103,2888,502.960000
20240731,20240701,46090E103,12471,479.110000
20240731,20240712,46090E103,5150,491.930000
20240731,20240708,46090E103,57960,496.160000
20240815,20240723,46090E103,1651891,482.320000
20240815,20240731,46090E103,13765,457.530000
20240815,20240724,46090E103,26746,480.620000
20240815,20240718,46090E103,200,481.770000
20240815,20240716,46090E103,6176,496.150000
20240815,20240725,46090E103,351,463.380000
20240815,20240717,46090E103,8672,496.340000
20240815,20240730,46090E103,1192,463.900000
20240815,20240719,46090E103,2178597,479.490000
20240815,20240722,46090E103,6494456,475.240000
20240815,20240726,46090E103,82610,458.270000
20240815,20240715,46090E103,40204,494.820000
20240831,20240802,46090E103,83,459.660000
20240831,20240808,46090E103,700,434.770000
20240831,20240806,46090E103,111700,435.370000
20240831,20240814,46090E103,50170,462.580000
20240831,20240809,46090E103,61346,448.070000
20240831,20240812,46090E103,5755,450.410000
20240831,20240813,46090E103,150,451.380000
20240831,20240807,46090E103,1484899,439.530000
20240831,20240805,46090E103,1907091,448.750000
20240915,20240830,46090E103,839,470.660000
20240915,20240820,46090E103,16700,481.270000
20240915,20240827,46090E103,30664,475.340000
20240915,20240816,46090E103,45512,474.420000
20240915,20240823,46090E103,82589,474.850000
20240915,20240819,46090E103,66989,475.030000
20240915,20240829,46090E103,1086,471.350000
20240915,20240828,46090E103,34581,476.760000
20240915,20240826,46090E103,14227,480.000000
20240915,20240815,46090E103,363,462.730000
20240915,20240821,46090E103,4250,480.260000
20240915,20240822,46090E103,1431,482.500000
20240930,20240912,46090E103,4078,468.620000
20240930,20240903,46090E103,4077,476.270000
20240930,20240905,46090E103,60343,460.610000
20240930,20240909,46090E103,241496,448.690000
20240930,20240911,46090E103,125356,458.660000
20240930,20240910,46090E103,53527,454.460000
20240930,20240904,46090E103,16640,461.810000
20240930,20240906,46090E103,54905,461.040000
20241015,20240925,46090E103,690,485.370000
20241015,20240920,46090E103,17925,483.360000
20241015,20240917,46090E103,50,473.240000
20241015,20240919,46090E103,222896,471.440000
20241015,20240926,46090E103,112906,485.820000
20241015,20240930,46090E103,10621,486.750000
20241015,20240918,46090E103,606642,473.490000
20241015,20240923,46090E103,596833,482.440000
20241015,20240916,46090E103,10946,475.340000
20241031,20241003,46090E103,1900,481.950000
20241031,20241009,46090E103,3486,489.300000
20241031,20241001,46090E103,101950,488.070000
20241031,20241004,46090E103,1223494,481.590000
20241031,20241002,46090E103,530,481.270000
20241031,20241007,46090E103,1371286,487.320000
20241031,20241010,46090E103,33912,493.150000
20241031,20241008,46090E103,528,482.100000
20241115,20241028,46090E103,22863,495.320000
20241115,20241016,46090E103,11376,490.850000
20241115,20241030,46090E103,4470,500.160000
20241115,20241031,46090E103,345,496.380000
20241115,20241015,46090E103,11393,497.500000
20241115,20241023,46090E103,1024,495.960000
20241115,20241022,46090E103,334,495.420000
20241115,20241021,46090E103,959,494.470000
20241115,20241024,46090E103,8147,488.360000
20241115,20241017,46090E103,68,490.910000
20241115,20241018,46090E103,400,491.250000
20241115,20241025,46090E103,1018,492.320000
20241130,20241113,46090E103,8275,512.910000
20241130,20241105,46090E103,13399,486.010000
20241130,20241101,46090E103,589,483.850000
20241130,20241108,46090E103,3577,513.540000
20241130,20241114,46090E103,1000,512.250000
20241130,20241104,46090E103,47193,487.430000
20241130,20241106,46090E103,26097,492.210000
20241130,20241107,46090E103,9745,505.580000
20241215,20241125,46090E103,182540,505.790000
20241215,20241115,46090E103,4031,508.690000
20241215,20241121,46090E103,183,503.170000
20241215,20241129,46090E103,13046,505.300000
20241215,20241118,46090E103,39279,496.570000
20241215,20241127,46090E103,100,509.310000
20241215,20241126,46090E103,10,506.590000
20241215,20241120,46090E103,494896,503.460000
20241215,20241119,46090E103,11389,500.020000
20241231,20241202,46090E103,80056,509.740000
20241231,20241211,46090E103,36721,520.600000
20241231,20241206,46090E103,300,521.810000
20241231,20241210,46090E103,24520,522.380000
20241231,20241205,46090E103,1499,523.260000
20241231,20241204,46090E103,9672,516.870000
20241231,20241209,46090E103,9901,526.480000
20241231,20241213,46090E103,1196,526.500000
20241231,20241203,46090E103,3600,515.290000
20250115,20241216,46090E103,6952,530.530000
20250115,20241227,46090E103,1521,529.600000
20250115,20241224,46090E103,134098,522.870000
20250115,20241223,46090E103,66686,518.660000
20250115,20241217,46090E103,25378,538.170000
20250115,20241226,46090E103,5715,529.960000
20250115,20241218,46090E103,532229,535.800000
20250115,20241219,46090E103,2725,516.470000
20250115,20241220,46090E103,256186,514.170000
20250115,20241231,46090E103,604,515.610000
20250115,20241230,46090E103,89616,522.560000
20250131,20250106,46090E103,6719,518.580000
20250131,20250102,46090E103,25801,511.230000
20250131,20250110,46090E103,718,515.270000
20250131,20250108,46090E103,53798,515.180000
20250131,20250109,46090E103,42655,515.270000
20250131,20250107,46090E103,716751,524.540000
20250131,20250103,46090E103,155,510.230000
20250215,20250124,46090E103,168380,532.640000
20250215,20250131,46090E103,200,523.050000
20250215,20250115,46090E103,60,505.080000
20250215,20250117,46090E103,104089,513.080000
20250215,20250123,46090E103,17402,531.510000
20250215,20250128,46090E103,1800,514.210000
20250215,20250130,46090E103,2800,520.830000
20250215,20250129,46090E103,29122,521.810000
20250215,20250116,46090E103,87,516.700000
20250215,20250121,46090E103,101598,521.740000
20250215,20250127,46090E103,23798,529.630000
20250228,20250212,46090E103,10,527.990000
20250228,20250204,46090E103,336,518.110000
20250228,20250214,46090E103,73322,535.900000
20250228,20250210,46090E103,155286,522.920000
20250228,20250213,46090E103,1962,528.300000
20250228,20250207,46090E103,6800,529.600000
20250228,20250205,46090E103,6235,524.470000
20250228,20250203,46090E103,15277,522.290000
20250228,20250211,46090E103,11666,529.250000
20250228,20250206,46090E103,3810,526.850000
20250315,20250228,46090E103,727,500.270000
20250315,20250226,46090E103,5139,513.320000
20250315,20250219,46090E103,3583,539.370000
20250315,20250218,46090E103,50283,538.150000
20250315,20250227,46090E103,45771,514.560000
20250315,20250225,46090E103,4021,519.870000
20250315,20250224,46090E103,150403,526.080000
20250315,20250221,46090E103,666,537.230000
20250331,20250303,46090E103,273723,508.170000
20250331,20250310,46090E103,136082,491.790000
20250331,20250305,46090E103,4537,495.550000
20250331,20250312,46090E103,1650,471.600000
20250331,20250304,46090E103,43707,497.050000
20250331,20250314,46090E103,2065,468.340000
20250331,20250307,46090E103,150873,488.200000
20250415,20250318,46090E103,3132,482.770000
20250415,20250328,46090E103,4500,481.620000
20250415,20250326,46090E103,83751,493.460000
20250415,20250320,46090E103,2972,480.890000
20250415,20250325,46090E103,2732,490.660000
20250415,20250319,46090E103,24,474.540000
20250415,20250317,46090E103,300,479.660000
20250415,20250324,46090E103,499627,480.840000
20250415,20250327,46090E103,99594,484.380000
20250415,20250331,46090E103,989,468.940000
20250430,20250402,46090E103,21135,472.700000
20250430,20250403,46090E103,108318,476.150000
20250430,20250411,46090E103,11173,446.180000
20250430,20250401,46090E103,75025,468.920000
20250430,20250410,46090E103,47876,466.000000
20250430,20250404,46090E103,106593,450.660000
20250430,20250414,46090E103,5920,454.400000
20250430,20250407,46090E103,1024,422.670000
20250430,20250409,46090E103,1993,416.060000
20250430,20250408,46090E103,1211371,423.690000
20250515,20250429,46090E103,6059,472.410000
20250515,20250416,46090E103,400,457.990000
20250515,20250423,46090E103,14811,444.480000
20250515,20250415,46090E103,15795,457.480000
20250515,20250424,46090E103,6911,454.560000
20250515,20250417,46090E103,663367,444.180000
20250515,20250428,46090E103,10281,472.560000
20250515,20250425,46090E103,118345,467.350000
20250515,20250421,46090E103,396803,444.100000
20250515,20250430,46090E103,13559,475.530000
20250515,20250422,46090E103,70328,433.110000
20250531,20250507,46090E103,72822,481.410000
20250531,20250506,46090E103,166693,485.930000
20250531,20250512,46090E103,69766,487.970000
20250531,20250509,46090E103,866,488.290000
20250531,20250513,46090E103,15806,507.850000
20250531,20250501,46090E103,2536,475.470000
20250531,20250508,46090E103,61182,483.300000
20250531,20250505,46090E103,319952,488.830000
20250531,20250514,46090E103,10376,515.590000
20250531,20250502,46090E103,1354,481.680000
20250615,20250520,46090E103,4659,522.010000
20250615,20250521,46090E103,17023,520.270000
20250615,20250515,46090E103,1152057,518.680000
20250615,20250523,46090E103,1311,514.000000
20250615,20250528,46090E103,16508,521.220000
20250615,20250527,46090E103,6123,509.240000
20250615,20250516,46090E103,1500,519.250000
20250615,20250529,46090E103,33613,518.910000
20250615,20250519,46090E103,21849,521.510000
20250615,20250522,46090E103,51066,513.040000
20250630,20250604,46090E103,17332,527.300000
20250630,20250613,46090E103,2431,533.660000
20250630,20250605,46090E103,449,528.770000
20250630,20250602,46090E103,25661,519.110000
20250630,20250610,46090E103,2238,530.700000
20250630,20250609,46090E103,625,529.920000
20250630,20250603,46090E103,4200,523.210000
20250630,20250611,46090E103,22045,534.210000
20250630,20250612,46090E103,5303,532.410000
20250630,20250606,46090E103,88944,524.790000
20250715,20250617,46090E103,90754,534.290000
20250715,20250625,46090E103,7870,539.780000
20250715,20250618,46090E103,13974,529.080000
20250715,20250616,46090E103,398,526.960000
20250715,20250620,46090E103,2088,528.990000
20250715,20250626,46090E103,169,541.160000
20250715,20250623,46090E103,129362,526.830000
20250715,20250624,46090E103,147068,531.650000
20250715,20250627,46090E103,9900,546.220000
20250715,20250630,46090E103,7627,548.090000
20250731,20250711,46090E103,334561,555.450000
20250731,20250701,46090E103,2649,551.640000
20250731,20250708,46090E103,472,552.030000
20250731,20250702,46090E103,6045,546.990000
20250731,20250710,46090E103,2818,556.250000
20250731,20250714,46090E103,700,554.200000
20250731,20250707,46090E103,2922,556.220000
20250731,20250703,46090E103,7049,550.800000
20250731,20250709,46090E103,5881,552.340000
20250815,20250731,46090E103,30744,568.020000
20250815,20250716,46090E103,16140,556.720000
20250815,20250721,46090E103,9322,561.260000
20250815,20250718,46090E103,3527,561.800000
20250815,20250730,46090E103,50688,567.260000
20250815,20250725,46090E103,800,565.010000
20250815,20250724,46090E103,12648,563.810000
20250815,20250722,46090E103,4999,564.170000
20250815,20250717,46090E103,8492,557.290000
20250815,20250728,46090E103,18977,566.370000
20250815,20250729,46090E103,21118,568.140000
20250815,20250715,46090E103,112366,556.210000
20250831,20250812,46090E103,4409,572.850000
20250831,20250807,46090E103,46920,567.320000
20250831,20250813,46090E103,22980,580.050000
20250831,20250814,46090E103,521,580.340000
20250831,20250804,46090E103,29965,553.880000
20250831,20250806,46090E103,53310,560.270000
20250831,20250805,46090E103,71918,564.100000
20250831,20250808,46090E103,104688,569.240000
20250831,20250811,46090E103,40445,574.550000
20250915,20250825,46090E103,7950,571.970000
20250915,20250826,46090E103,6309,570.320000
20250915,20250828,46090E103,330,573.490000
20250915,20250822,46090E103,2182,563.280000
20250915,20250827,46090E103,313782,572.610000
20250915,20250818,46090E103,100,577.340000
20250915,20250821,46090E103,324,565.900000
20250915,20250829,46090E103,132623,577.080000
20250915,20250820,46090E103,356,569.280000
20250915,20250815,46090E103,45013,579.890000
20250930,20250911,46090E103,173,580.700000
20250930,20250912,46090E103,3228,584.080000
20250930,20250910,46090E103,81697,580.510000
20250930,20250904,46090E103,150743,570.070000
20250930,20250908,46090E103,157921,576.060000
20250930,20250903,46090E103,1075,565.620000
20250930,20250905,46090E103,294242,575.230000
20250930,20250909,46090E103,10135,578.870000
20250930,20250902,46090E103,4099,570.400000
20251015,20250929,46090E103,6766,595.970000
20251015,20250926,46090E103,3702,593.530000
20251015,20250915,46090E103,23761,586.660000
20251015,20250923,46090E103,6648,602.200000
20251015,20250925,46090E103,29219,596.100000
20251015,20250924,46090E103,14037,598.200000
20251015,20250918,46090E103,485,590.000000
20251015,20250922,46090E103,839987,599.350000
20251015,20250916,46090E103,104639,591.680000
20251015,20250917,46090E103,152794,591.180000
20251015,20250919,46090E103,700,595.320000
20251015,20250930,46090E103,6679,598.730000
20251031,20251001,46090E103,6940,600.370000
20251031,20251003,46090E103,3031,605.730000
20251031,20251008,46090E103,600,604.510000
20251031,20251010,46090E103,33538,610.700000
20251031,20251006,46090E103,27000,603.180000
20251031,20251002,46090E103,43778,603.250000
20251031,20251009,46090E103,6681,611.440000
20251031,20251007,46090E103,17547,607.710000
20251031,20251014,46090E103,2105170,602.010000
20251115,20251021,46090E103,882,611.540000
20251115,20251022,46090E103,39020,611.380000
20251115,20251030,46090E103,952,635.770000
20251115,20251028,46090E103,4776,628.090000
20251115,20251016,46090E103,538,602.220000
20251115,20251024,46090E103,625,610.580000
20251115,20251023,46090E103,3001,605.490000
20251115,20251031,46090E103,65783,626.050000
20251115,20251029,46090E103,1535,632.920000
20251115,20251027,46090E103,11834,617.100000
20251115,20251020,46090E103,58323,603.930000
