20170715,20170622,78462F103,143659,242.950000
20170715,20170619,78462F103,315853,242.640000
20170715,20170629,78462F103,1021880,243.490000
20170715,20170630,78462F103,9185,241.350000
20170715,20170626,78462F103,5166,243.130000
20170715,20170620,78462F103,71201,244.660000
20170715,20170621,78462F103,31751,243.010000
20170715,20170616,78462F103,3254,243.770000
20170715,20170627,78462F103,28726,243.290000
20170715,20170623,78462F103,76,242.840000
20170731,20170713,78462F103,193783,244.010000
20170731,20170707,78462F103,544,240.550000
20170731,20170712,78462F103,7271,242.190000
20170731,20170706,78462F103,64531,242.770000
20170731,20170714,78462F103,10440,244.420000
20170731,20170711,78462F103,544,242.370000
20170731,20170703,78462F103,27518,241.800000
20170731,20170705,78462F103,1271303,242.210000
20170731,20170710,78462F103,242427,242.110000
20170815,20170728,78462F103,92286,247.200000
20170815,20170731,78462F103,354,246.910000
20170815,20170721,78462F103,1070102,247.100000
20170815,20170725,78462F103,1442,246.820000
20170815,20170720,78462F103,718,246.990000
20170815,20170719,78462F103,421794,245.660000
20170815,20170724,78462F103,184651,246.880000
20170815,20170726,78462F103,1251,247.420000
20170831,20170803,78462F103,1936,247.440000
20170831,20170808,78462F103,313,247.870000
20170831,20170809,78462F103,457767,247.260000
20170831,20170807,78462F103,86148,247.410000
20170831,20170811,78462F103,2230,243.760000
20170831,20170810,78462F103,988888,247.250000
20170831,20170802,78462F103,82152,247.320000
20170831,20170801,78462F103,9395,246.770000
20170915,20170816,78462F103,21693,246.510000
20170915,20170830,78462F103,18218,244.850000
20170915,20170829,78462F103,94803,244.570000
20170915,20170815,78462F103,62653,246.540000
20170915,20170817,78462F103,476611,246.940000
20170915,20170821,78462F103,112,242.710000
20170915,20170818,78462F103,54417,243.090000
20170915,20170822,78462F103,1442937,242.900000
20170915,20170831,78462F103,112,246.010000
20170915,20170824,78462F103,107582,244.560000
20170915,20170823,78462F103,36992,245.440000
20170915,20170825,78462F103,35672,243.990000
20170915,20170828,78462F103,58528,244.560000
20170930,20170911,78462F103,980054,246.580000
20170930,20170914,78462F103,36947,250.170000
20170930,20170901,78462F103,46,247.490000
20170930,20170906,78462F103,12127,246.060000
20170930,20170905,78462F103,44598,247.840000
20170930,20170908,78462F103,16406,246.870000
20170930,20170913,78462F103,1687,250.050000
20171015,20170922,78462F103,77120,249.390000
20171015,20170915,78462F103,237404,250.090000
20171015,20170921,78462F103,3349,250.060000
20171015,20170926,78462F103,10031,248.930000
20171015,20170929,78462F103,1750895,250.350000
20171015,20170927,78462F103,149933,249.080000
20171015,20170919,78462F103,925937,249.720000
20171015,20170918,78462F103,2933087,249.190000
20171015,20170925,78462F103,369985,249.440000
20171015,20170920,78462F103,2110376,249.970000
20171015,20170928,78462F103,271416,250.050000
20171031,20171012,78462F103,4340,255.020000
20171031,20171010,78462F103,1795342,253.950000
20171031,20171006,78462F103,20310,254.660000
20171031,20171005,78462F103,188339,253.160000
20171031,20171011,78462F103,177578,254.620000
20171031,20171013,78462F103,372337,254.640000
20171031,20171002,78462F103,665450,251.230000
20171031,20171004,78462F103,193745,252.860000
20171115,20171025,78462F103,26882,256.560000
20171115,20171016,78462F103,17008,254.950000
20171115,20171031,78462F103,22055,256.750000
20171115,20171024,78462F103,178104,256.110000
20171115,20171023,78462F103,13579,257.110000
20171115,20171030,78462F103,204156,257.710000
20171115,20171017,78462F103,6469,255.290000
20171115,20171020,78462F103,28368,255.790000
20171130,20171103,78462F103,495,257.590000
20171130,20171101,78462F103,690774,257.150000
20171130,20171113,78462F103,38820,258.090000
20171130,20171110,78462F103,1282685,258.170000
20171130,20171107,78462F103,91586,258.850000
20171130,20171114,78462F103,24589,258.330000
20171130,20171108,78462F103,3280,258.670000
20171130,20171102,78462F103,1623739,257.490000
20171130,20171106,78462F103,35832,258.450000
20171130,20171109,78462F103,339,259.110000
20171215,20171124,78462F103,8343,259.760000
20171215,20171116,78462F103,1983,256.440000
20171215,20171130,78462F103,281270,262.710000
20171215,20171122,78462F103,4911,259.990000
20171215,20171129,78462F103,1283770,262.870000
20171215,20171117,78462F103,20622,258.620000
20171215,20171121,78462F103,94839,258.300000
20171215,20171120,78462F103,48485,257.860000
20171215,20171127,78462F103,438,260.360000
20171231,20171204,78462F103,2721,264.460000
20171231,20171206,78462F103,261885,263.190000
20171231,20171212,78462F103,416,266.310000
20171231,20171213,78462F103,161971,266.780000
20171231,20171208,78462F103,82772,264.070000
20171231,20171201,78462F103,406,265.010000
20171231,20171207,78462F103,248654,263.240000
20180115,20171215,78462F103,88721,265.660000
20180115,20171226,78462F103,2000,267.510000
20180115,20171227,78462F103,13715,267.190000
20180115,20171221,78462F103,67911,267.030000
20180115,20171219,78462F103,739,268.200000
20180115,20171218,78462F103,744286,266.510000
20180115,20171229,78462F103,1123,267.870000
20180115,20171220,78462F103,292123,267.170000
20180115,20171222,78462F103,44,267.580000
20180131,20180105,78462F103,1047589,271.610000
20180131,20180104,78462F103,1300533,270.470000
20180131,20180111,78462F103,54888,274.120000
20180131,20180103,78462F103,140056,268.770000
20180131,20180110,78462F103,282947,274.540000
20180131,20180109,78462F103,756789,273.920000
20180131,20180112,78462F103,27017,276.120000
20180131,20180102,78462F103,106255,266.860000
20180131,20180108,78462F103,402911,273.420000
20180215,20180123,78462F103,745767,282.690000
20180215,20180119,78462F103,42740,279.140000
20180215,20180129,78462F103,15885,286.580000
20180215,20180130,78462F103,943390,284.680000
20180215,20180117,78462F103,5666,276.970000
20180215,20180124,78462F103,2049,283.290000
20180215,20180118,78462F103,8595,279.610000
20180215,20180126,78462F103,4398,283.300000
20180228,20180208,78462F103,780721,267.670000
20180228,20180214,78462F103,73797,266.000000
20180228,20180209,78462F103,29201,257.630000
20180228,20180201,78462F103,1807,281.900000
20180228,20180205,78462F103,6885,275.450000
20180228,20180213,78462F103,3139641,265.340000
20180228,20180212,78462F103,938545,261.500000
20180228,20180206,78462F103,187238,263.930000
20180228,20180202,78462F103,3077,281.580000
20180228,20180207,78462F103,3937362,269.130000
20180315,20180220,78462F103,528131,273.110000
20180315,20180221,78462F103,2110803,271.400000
20180315,20180223,78462F103,1605320,270.400000
20180315,20180226,78462F103,1210511,274.710000
20180315,20180227,78462F103,56812,277.900000
20180315,20180215,78462F103,158,269.590000
20180315,20180216,78462F103,2200,273.030000
20180315,20180222,78462F103,989320,270.050000
20180331,20180314,78462F103,455961,276.720000
20180331,20180302,78462F103,725,267.700000
20180331,20180307,78462F103,768955,272.880000
20180331,20180308,78462F103,2367391,272.780000
20180331,20180306,78462F103,1156762,272.190000
20180331,20180301,78462F103,877,271.650000
20180331,20180312,78462F103,384,278.870000
20180331,20180313,78462F103,684011,278.520000
20180331,20180305,78462F103,2548668,269.080000
20180331,20180309,78462F103,123333,274.100000
20180415,20180315,78462F103,20007,275.300000
20180415,20180329,78462F103,8653,259.830000
20180415,20180320,78462F103,3535215,270.490000
20180415,20180328,78462F103,2190629,260.600000
20180415,20180323,78462F103,139076,263.670000
20180415,20180322,78462F103,66538,270.430000
20180415,20180326,78462F103,28714,258.050000
20180415,20180327,78462F103,1975227,265.110000
20180415,20180319,78462F103,2604408,274.200000
20180430,20180404,78462F103,577125,260.770000
20180430,20180412,78462F103,49263,263.760000
20180430,20180410,78462F103,85186,261.000000
20180430,20180413,78462F103,42607,265.930000
20180430,20180411,78462F103,210305,265.150000
20180430,20180406,78462F103,453245,265.640000
20180430,20180403,78462F103,2702616,257.470000
20180430,20180409,78462F103,18201,259.720000
20180430,20180405,78462F103,1715319,263.560000
20180515,20180417,78462F103,2771,267.330000
20180515,20180418,78462F103,104193,270.190000
20180515,20180420,78462F103,14356,268.890000
20180515,20180427,78462F103,7786,266.310000
20180515,20180419,78462F103,131293,270.390000
20180515,20180424,78462F103,3463732,266.570000
20180515,20180416,78462F103,38,265.150000
20180515,20180423,78462F103,144859,266.610000
20180515,20180425,78462F103,72324,262.980000
20180515,20180430,78462F103,78001,266.560000
20180515,20180426,78462F103,71885,263.630000
20180531,20180508,78462F103,57410,266.920000
20180531,20180514,78462F103,19814,272.850000
20180531,20180504,78462F103,27027,262.620000
20180531,20180503,78462F103,20584,263.200000
20180531,20180511,78462F103,12928,272.020000
20180531,20180507,78462F103,454885,266.020000
20180531,20180509,78462F103,255170,266.920000
20180531,20180501,78462F103,27394,264.510000
20180531,20180510,78462F103,1295,269.500000
20180531,20180502,78462F103,398147,264.980000
20180615,20180524,78462F103,45521,273.360000
20180615,20180525,78462F103,51783,272.800000
20180615,20180531,78462F103,8853,272.610000
20180615,20180521,78462F103,521823,271.330000
20180615,20180529,78462F103,1276,272.150000
20180615,20180522,78462F103,1634842,273.370000
20180615,20180523,78462F103,19765,272.610000
20180615,20180518,78462F103,91169,272.010000
20180615,20180516,78462F103,534,271.100000
20180615,20180530,78462F103,55583,269.020000
20180615,20180515,78462F103,447040,272.980000
20180630,20180601,78462F103,86965,270.940000
20180630,20180604,78462F103,546408,273.600000
20180630,20180614,78462F103,2388,278.030000
20180630,20180606,78462F103,19447,275.100000
20180630,20180608,78462F103,52716,277.370000
20180630,20180612,78462F103,1106453,278.560000
20180630,20180613,78462F103,14002,278.920000
20180630,20180611,78462F103,34796,278.190000
20180630,20180607,78462F103,45247,277.400000
20180630,20180605,78462F103,26597,274.900000
20180715,20180619,78462F103,12057,276.560000
20180715,20180615,78462F103,1973234,278.730000
20180715,20180625,78462F103,125411,274.740000
20180715,20180626,78462F103,13868,271.000000
20180715,20180621,78462F103,7668,275.970000
20180715,20180628,78462F103,2497,269.350000
20180715,20180620,78462F103,207,275.500000
20180715,20180629,78462F103,118327,270.890000
20180715,20180622,78462F103,23902,274.240000
20180715,20180618,78462F103,792055,277.130000
20180715,20180627,78462F103,6444,271.600000
20180731,20180706,78462F103,132404,273.110000
20180731,20180711,78462F103,3323,278.900000
20180731,20180703,78462F103,1327352,271.860000
20180731,20180709,78462F103,402952,275.420000
20180731,20180713,78462F103,13,279.370000
20180731,20180712,78462F103,83860,276.860000
20180731,20180705,78462F103,15278,270.900000
20180731,20180710,78462F103,485655,277.900000
20180815,20180723,78462F103,30049,279.680000
20180815,20180726,78462F103,2724,284.010000
20180815,20180724,78462F103,6350,280.200000
20180815,20180718,78462F103,28762,280.470000
20180815,20180717,78462F103,173094,279.340000
20180815,20180727,78462F103,3674,283.340000
20180815,20180716,78462F103,29811,279.590000
20180815,20180720,78462F103,409,280.000000
20180831,20180802,78462F103,200,280.860000
20180831,20180803,78462F103,327353,282.390000
20180831,20180809,78462F103,2563,285.460000
20180831,20180810,78462F103,32187,285.070000
20180831,20180808,78462F103,2021,285.580000
20180831,20180814,78462F103,9253,282.100000
20180831,20180801,78462F103,2398878,281.330000
20180831,20180807,78462F103,7695,284.640000
20180831,20180806,78462F103,34655,283.600000
20180915,20180816,78462F103,2330,281.780000
20180915,20180821,78462F103,479563,285.670000
20180915,20180823,78462F103,96130,286.170000
20180915,20180830,78462F103,445,291.480000
20180915,20180829,78462F103,292839,289.920000
20180915,20180824,78462F103,6212,285.790000
20180915,20180822,78462F103,181635,286.340000
20180915,20180828,78462F103,806887,289.780000
20180915,20180831,78462F103,1017,290.300000
20180915,20180827,78462F103,915,287.510000
20180915,20180815,78462F103,313811,283.900000
20180930,20180907,78462F103,11724,288.160000
20180930,20180911,78462F103,3952,288.100000
20180930,20180904,78462F103,392003,290.310000
20180930,20180913,78462F103,36955,289.120000
20180930,20180905,78462F103,682542,289.810000
20180930,20180914,78462F103,43995,290.830000
20180930,20180906,78462F103,117530,289.030000
20180930,20180912,78462F103,3152,289.050000
20181015,20180924,78462F103,1096632,291.990000
20181015,20180925,78462F103,203564,291.020000
20181015,20180920,78462F103,1836,291.220000
20181015,20180918,78462F103,80633,289.340000
20181015,20180927,78462F103,39357,289.880000
20181015,20180926,78462F103,2728,290.750000
20181031,20181010,78462F103,238773,287.400000
20181031,20181002,78462F103,2397,291.730000
20181031,20181012,78462F103,190839,272.170000
20181031,20181009,78462F103,600,287.820000
20181031,20181001,78462F103,167270,290.720000
20181031,20181011,78462F103,3193,278.300000
20181031,20181005,78462F103,5641,289.440000
20181031,20181004,78462F103,25179,291.720000
20181115,20181016,78462F103,5000,274.400000
20181115,20181031,78462F103,11004,267.770000
20181115,20181019,78462F103,427003,276.400000
20181115,20181017,78462F103,150287,280.400000
20181115,20181023,78462F103,183081,275.010000
20181115,20181029,78462F103,12934,265.330000
20181115,20181018,78462F103,2145114,280.450000
20181115,20181024,78462F103,26929,273.610000
20181115,20181030,78462F103,519942,263.860000
20181115,20181015,78462F103,3796664,275.950000
20181115,20181022,78462F103,1178,276.250000
20181115,20181026,78462F103,50169,270.080000
20181115,20181025,78462F103,318116,265.320000
20181130,20181102,78462F103,491887,273.510000
20181130,20181105,78462F103,21485,271.890000
20181130,20181108,78462F103,73734,281.010000
20181130,20181113,78462F103,29637,272.570000
20181130,20181114,78462F103,450442,272.060000
20181130,20181109,78462F103,916841,280.500000
20181130,20181106,78462F103,49585,273.390000
20181130,20181107,78462F103,7034,275.120000
20181215,20181115,78462F103,81506,270.200000
20181215,20181123,78462F103,117032,265.020000
20181215,20181128,78462F103,267966,268.400000
20181215,20181116,78462F103,457,273.020000
20181215,20181120,78462F103,1047946,269.100000
20181215,20181119,78462F103,554421,273.730000
20181215,20181129,78462F103,11828,274.580000
20181215,20181121,78462F103,5886,264.120000
20181215,20181127,78462F103,407704,267.500000
20181215,20181126,78462F103,355541,263.250000
20181231,20181211,78462F103,117230,264.070000
20181231,20181205,78462F103,17397,270.250000
20181231,20181213,78462F103,106608,265.460000
20181231,20181203,78462F103,10820,275.650000
20181231,20181206,78462F103,1074376,270.250000
20181231,20181212,78462F103,1068128,264.130000
20181231,20181204,78462F103,457653,279.300000
20181231,20181214,78462F103,76,265.370000
20181231,20181210,78462F103,779979,263.570000
20190115,20181228,78462F103,4197576,248.070000
20190115,20181218,78462F103,163441,255.360000
20190115,20181224,78462F103,8873448,240.700000
20190115,20181221,78462F103,702988,247.170000
20190115,20181231,78462F103,1289291,247.750000
20190115,20181217,78462F103,204425,260.470000
20190115,20181219,78462F103,163803,255.080000
20190115,20181227,78462F103,954278,246.180000
20190115,20181226,78462F103,6796150,234.340000
20190131,20190109,78462F103,932437,256.770000
20190131,20190103,78462F103,307059,250.180000
20190131,20190111,78462F103,261463,258.880000
20190131,20190110,78462F103,825,257.970000
20190131,20190107,78462F103,301,252.390000
20190131,20190108,78462F103,12669,254.380000
20190131,20190102,78462F103,337742,249.920000
20190131,20190104,78462F103,406644,244.210000
20190131,20190114,78462F103,4824,258.980000
20190215,20190115,78462F103,703,257.400000
20190215,20190117,78462F103,159,260.980000
20190215,20190116,78462F103,829345,260.350000
20190215,20190130,78462F103,5928,263.410000
20190215,20190125,78462F103,5455,263.550000
20190215,20190128,78462F103,450,265.780000
20190215,20190118,78462F103,41708,262.960000
20190215,20190124,78462F103,21868,263.410000
20190215,20190123,78462F103,13873,262.860000
20190215,20190122,78462F103,3926569,266.460000
20190215,20190131,78462F103,12165,267.580000
20190228,20190212,78462F103,762,270.620000
20190228,20190213,78462F103,400,274.100000
20190228,20190206,78462F103,3241,273.100000
20190228,20190211,78462F103,399394,270.470000
20190228,20190204,78462F103,3075,270.060000
20190228,20190214,78462F103,4534,274.990000
20190228,20190208,78462F103,127496,270.140000
20190228,20190201,78462F103,11474,269.930000
20190228,20190205,78462F103,1172,271.960000
20190228,20190207,78462F103,40952,272.740000
20190315,20190219,78462F103,113039,277.370000
20190315,20190228,78462F103,100,279.200000
20190315,20190226,78462F103,457819,279.520000
20190315,20190221,78462F103,2741,278.410000
20190315,20190220,78462F103,23557,277.850000
20190315,20190222,78462F103,2436,277.420000
20190315,20190215,78462F103,408,274.380000
20190315,20190225,78462F103,290435,279.140000
20190315,20190227,78462F103,24160,279.320000
20190331,20190313,78462F103,29788,279.490000
20190331,20190312,78462F103,41856,278.440000
20190331,20190311,78462F103,12849,274.460000
20190331,20190306,78462F103,264949,279.020000
20190331,20190307,78462F103,187308,277.330000
20190331,20190305,78462F103,392628,279.400000
20190331,20190314,78462F103,1024,281.340000
20190331,20190304,78462F103,32625,280.420000
20190331,20190301,78462F103,3949,278.680000
20190331,20190308,78462F103,9224,275.010000
20190415,20190319,78462F103,1491675,282.330000
20190415,20190328,78462F103,202031,279.650000
20190415,20190326,78462F103,221777,279.040000
20190415,20190329,78462F103,322574,280.710000
20190415,20190327,78462F103,216842,281.120000
20190415,20190322,78462F103,49,284.730000
20190415,20190318,78462F103,1153900,281.310000
20190415,20190320,78462F103,7893,282.400000
20190415,20190325,78462F103,3,279.250000
20190415,20190315,78462F103,24694,281.160000
20190430,20190409,78462F103,6081,288.790000
20190430,20190411,78462F103,163123,288.290000
20190430,20190404,78462F103,203145,286.420000
20190430,20190408,78462F103,90,288.570000
20190430,20190405,78462F103,181552,287.180000
20190430,20190412,78462F103,499,288.210000
20190430,20190410,78462F103,29291,287.310000
20190430,20190403,78462F103,298745,285.970000
20190430,20190402,78462F103,34917,285.830000
20190515,20190415,78462F103,350,290.160000
20190515,20190430,78462F103,599601,293.870000
20190515,20190429,78462F103,82500,293.410000
20190515,20190426,78462F103,548551,292.050000
20190515,20190425,78462F103,1,292.230000
20190515,20190416,78462F103,172658,289.970000
20190515,20190423,78462F103,204427,290.270000
20190515,20190418,78462F103,656,289.450000
20190515,20190422,78462F103,42578,290.020000
20190515,20190424,78462F103,151288,292.880000
20190515,20190417,78462F103,294815,290.160000
20190531,20190507,78462F103,29313,292.820000
20190531,20190509,78462F103,96180,287.530000
20190531,20190506,78462F103,167746,294.030000
20190531,20190502,78462F103,14369,291.810000
20190531,20190514,78462F103,567528,280.860000
20190531,20190510,78462F103,1907,286.660000
20190531,20190513,78462F103,1,288.100000
20190531,20190508,78462F103,26821,287.930000
20190531,20190501,78462F103,77336,294.020000
20190615,20190530,78462F103,351,278.270000
20190615,20190529,78462F103,6300,280.150000
20190615,20190516,78462F103,115576,285.060000
20190615,20190522,78462F103,89008,286.510000
20190615,20190531,78462F103,93078,279.030000
20190615,20190515,78462F103,434690,283.400000
20190615,20190524,78462F103,60220,282.140000
20190615,20190520,78462F103,829561,285.840000
20190615,20190517,78462F103,295168,287.700000
20190615,20190521,78462F103,394532,283.950000
20190615,20190528,78462F103,225850,282.780000
20190615,20190523,78462F103,221651,285.630000
20190630,20190605,78462F103,177572,280.530000
20190630,20190604,78462F103,71143,274.570000
20190630,20190614,78462F103,21372,289.580000
20190630,20190603,78462F103,49757,275.270000
20190630,20190610,78462F103,601598,287.650000
20190630,20190612,78462F103,131613,288.900000
20190630,20190606,78462F103,5018,282.960000
20190630,20190607,78462F103,53958,284.800000
20190630,20190613,78462F103,640743,288.390000
20190630,20190611,78462F103,141896,288.970000
20190715,20190625,78462F103,1165287,293.640000
20190715,20190628,78462F103,760,291.500000
20190715,20190621,78462F103,2666,295.860000
20190715,20190626,78462F103,48311,290.760000
20190715,20190618,78462F103,28513,289.370000
20190715,20190620,78462F103,30633,293.060000
20190715,20190627,78462F103,4007,290.470000
20190715,20190624,78462F103,6313505,294.000000
20190715,20190617,78462F103,7265,289.260000
20190715,20190619,78462F103,3900,292.400000
20190731,20190701,78462F103,18610,293.000000
20190731,20190702,78462F103,141389,295.660000
20190731,20190710,78462F103,27112,297.190000
20190731,20190712,78462F103,285912,299.310000
20190731,20190703,78462F103,103119,296.430000
20190731,20190705,78462F103,422794,298.800000
20190731,20190709,78462F103,150784,296.820000
20190731,20190708,78462F103,44908,298.460000
20190815,20190719,78462F103,77,298.830000
20190815,20190731,78462F103,3960,300.720000
20190815,20190726,78462F103,15725,300.000000
20190815,20190724,78462F103,175750,300.030000
20190815,20190716,78462F103,13374,300.750000
20190815,20190729,78462F103,81276,302.010000
20190815,20190717,78462F103,174355,299.710000
20190815,20190718,78462F103,20475,297.740000
20190815,20190722,78462F103,1237,297.170000
20190815,20190725,78462F103,33044,301.440000
20190815,20190730,78462F103,11540,301.460000
20190815,20190715,78462F103,34387,300.650000
20190815,20190723,78462F103,56301,297.900000
20190831,20190807,78462F103,761233,287.800000
20190831,20190812,78462F103,655925,291.620000
20190831,20190813,78462F103,291289,287.950000
20190831,20190802,78462F103,61095,294.840000
20190831,20190801,78462F103,43742,297.430000
20190831,20190806,78462F103,6557,283.820000
20190831,20190808,78462F103,238041,287.970000
20190831,20190809,78462F103,1971375,293.620000
20190831,20190814,78462F103,569585,292.550000
20190831,20190805,78462F103,232659,292.620000
20190915,20190830,78462F103,205621,292.580000
20190915,20190815,78462F103,13772,283.900000
20190915,20190823,78462F103,37363,292.360000
20190915,20190816,78462F103,1004431,284.650000
20190915,20190819,78462F103,2442570,288.850000
20190915,20190827,78462F103,2153176,288.000000
20190915,20190822,78462F103,1329671,292.450000
20190915,20190826,78462F103,5604,284.850000
20190915,20190829,78462F103,501722,288.890000
20190915,20190828,78462F103,414762,286.870000
20190915,20190820,78462F103,1164504,292.330000
20190915,20190821,78462F103,438108,290.090000
20190930,20190904,78462F103,25701,290.740000
20190930,20190909,78462F103,37034,298.050000
20190930,20190906,78462F103,90562,297.820000
20190930,20190910,78462F103,62472,298.200000
20190930,20190912,78462F103,103688,300.250000
20190930,20190903,78462F103,1160763,292.450000
20190930,20190905,78462F103,2,294.040000
20190930,20190911,78462F103,5835,298.130000
20190930,20190913,78462F103,17646,301.290000
20191015,20190919,78462F103,4821,301.100000
20191015,20190924,78462F103,235720,298.210000
20191015,20190920,78462F103,33178,301.080000
20191015,20190918,78462F103,108593,300.920000
20191015,20190927,78462F103,72510,297.000000
20191015,20190925,78462F103,4050,295.870000
20191015,20190930,78462F103,6949,295.400000
20191015,20190917,78462F103,7409,300.160000
20191015,20190916,78462F103,9360,301.090000
20191015,20190926,78462F103,12833,297.620000
20191015,20190923,78462F103,1385350,298.280000
20191031,20191009,78462F103,158484,288.530000
20191031,20191008,78462F103,589146,293.080000
20191031,20191011,78462F103,9097,293.240000
20191031,20191002,78462F103,46037,293.240000
20191031,20191004,78462F103,5001,290.420000
20191031,20191001,78462F103,80016,296.770000
20191031,20191010,78462F103,2293889,291.270000
20191031,20191003,78462F103,100,288.060000
20191031,20191007,78462F103,474128,294.350000
20191115,20191023,78462F103,94427,299.010000
20191115,20191030,78462F103,1973670,303.210000
20191115,20191021,78462F103,3300,297.970000
20191115,20191025,78462F103,546208,300.370000
20191115,20191015,78462F103,15550,295.950000
20191115,20191017,78462F103,7796,298.400000
20191115,20191031,78462F103,3448,304.140000
20191115,20191022,78462F103,186603,299.990000
20191115,20191018,78462F103,121140,299.280000
20191115,20191024,78462F103,25937,299.880000
20191115,20191029,78462F103,541173,303.300000
20191115,20191028,78462F103,8968,301.600000
20191115,20191016,78462F103,26046,298.880000
20191130,20191113,78462F103,339399,309.000000
20191130,20191107,78462F103,61240,307.100000
20191130,20191101,78462F103,148855,303.330000
20191130,20191108,78462F103,11400,308.180000
20191130,20191112,78462F103,394,308.350000
20191130,20191106,78462F103,62686,307.030000
20191130,20191105,78462F103,1624541,307.370000
20191130,20191104,78462F103,852504,306.140000
20191130,20191114,78462F103,35391,309.100000
20191215,20191118,78462F103,1485489,311.790000
20191215,20191127,78462F103,31002,314.080000
20191215,20191122,78462F103,5580,310.270000
20191215,20191129,78462F103,1120,315.480000
20191215,20191121,78462F103,863634,310.770000
20191215,20191119,78462F103,1808515,312.020000
20191215,20191126,78462F103,438241,313.370000
20191215,20191120,78462F103,196181,311.930000
20191215,20191125,78462F103,162886,310.960000
20191215,20191115,78462F103,11389,309.550000
20191231,20191203,78462F103,381,311.640000
20191231,20191212,78462F103,804,314.420000
20191231,20191209,78462F103,11989,314.870000
20191231,20191210,78462F103,30206,313.880000
20191231,20191202,78462F103,26984,314.310000
20191231,20191211,78462F103,121016,313.530000
20191231,20191204,78462F103,3300,309.550000
20191231,20191206,78462F103,13956,312.020000
20191231,20191213,78462F103,1614,317.130000
20200115,20191226,78462F103,6103,321.230000
20200115,20191227,78462F103,329,322.940000
20200115,20191217,78462F103,728,319.500000
20200115,20191219,78462F103,555,319.590000
20200115,20191223,78462F103,10870984,320.730000
20200115,20191216,78462F103,3151,317.320000
20200115,20191220,78462F103,1013,320.900000
20200115,20191224,78462F103,40471,321.220000
20200115,20191230,78462F103,54478,322.860000
20200115,20191231,78462F103,3487,321.080000
20200115,20191218,78462F103,500407,319.570000
20200131,20200102,78462F103,181,321.860000
20200131,20200110,78462F103,99703,326.650000
20200131,20200107,78462F103,63622,323.640000
20200131,20200109,78462F103,33229,324.450000
20200131,20200113,78462F103,8945,325.710000
20200131,20200103,78462F103,292868,324.870000
20200131,20200114,78462F103,247026,327.950000
20200131,20200106,78462F103,34,322.410000
20200215,20200127,78462F103,42883,328.770000
20200215,20200124,78462F103,16528,331.720000
20200215,20200130,78462F103,208883,326.620000
20200215,20200129,78462F103,15262,326.890000
20200215,20200116,78462F103,1880,328.190000
20200215,20200115,78462F103,1762687,327.450000
20200215,20200121,78462F103,529947,331.950000
20200215,20200128,78462F103,15216,323.500000
20200215,20200117,78462F103,2034625,330.920000
20200215,20200131,78462F103,97345,327.680000
20200215,20200122,78462F103,697012,331.300000
20200215,20200123,78462F103,5323,331.340000
20200531,20200514,78462F103,201215,281.600000
20200531,20200505,78462F103,4423297,283.570000
20200531,20200501,78462F103,420654,290.480000
20200531,20200513,78462F103,2929879,286.670000
20200531,20200512,78462F103,159599,292.500000
20200531,20200508,78462F103,704725,287.680000
20200531,20200504,78462F103,3770719,282.790000
20200531,20200511,78462F103,282096,292.440000
20200531,20200506,78462F103,5408528,286.190000
20200531,20200507,78462F103,16898,284.250000
20200615,20200521,78462F103,375084,296.930000
20200615,20200519,78462F103,2274541,295.000000
20200615,20200520,78462F103,882292,291.970000
20200615,20200522,78462F103,497870,294.880000
20200615,20200515,78462F103,27945,284.970000
20200615,20200518,78462F103,92675,286.280000
20200615,20200528,78462F103,709267,303.530000
20200615,20200526,78462F103,921881,295.440000
20200615,20200527,78462F103,99303,299.080000
20200615,20200529,78462F103,315298,302.970000
20200630,20200603,78462F103,119798,308.080000
20200630,20200610,78462F103,2035,320.790000
20200630,20200601,78462F103,1337,304.320000
20200630,20200604,78462F103,4435649,312.180000
20200630,20200611,78462F103,14209,319.000000
20200630,20200609,78462F103,27052,323.200000
20200630,20200608,78462F103,158002,319.340000
20200630,20200602,78462F103,19864,305.550000
20200630,20200612,78462F103,8497,300.610000
20200630,20200605,78462F103,25518,311.360000
20200715,20200626,78462F103,139534,307.350000
20200715,20200622,78462F103,8089081,308.640000
20200715,20200625,78462F103,6058,304.090000
20200715,20200616,78462F103,140727,307.050000
20200715,20200624,78462F103,29872,312.050000
20200715,20200617,78462F103,656322,312.960000
20200715,20200630,78462F103,393,304.460000
20200715,20200619,78462F103,4328531,311.780000
20200715,20200618,78462F103,298384,311.660000
20200715,20200615,78462F103,397765,304.210000
20200731,20200713,78462F103,2327492,317.590000
20200731,20200702,78462F103,36904,310.520000
20200731,20200707,78462F103,55542,317.050000
20200731,20200710,78462F103,1129930,314.380000
20200731,20200708,78462F103,109780,313.780000
20200731,20200714,78462F103,72656,314.840000
20200731,20200709,78462F103,412624,316.180000
20200731,20200701,78462F103,11806,308.360000
20200815,20200717,78462F103,148620,320.790000
20200815,20200729,78462F103,10225,321.170000
20200815,20200724,78462F103,316341,322.960000
20200815,20200716,78462F103,32855,321.850000
20200815,20200721,78462F103,447280,324.320000
20200815,20200723,78462F103,536200,326.860000
20200815,20200728,78462F103,70788,323.220000
20200815,20200720,78462F103,140505,321.720000
20200815,20200731,78462F103,29602,323.960000
20200815,20200715,78462F103,41238,318.920000
20200815,20200730,78462F103,4571,325.120000
20200815,20200727,78462F103,190,320.880000
20200815,20200722,78462F103,104192,325.010000
20200831,20200804,78462F103,120614,328.790000
20200831,20200807,78462F103,21263,334.330000
20200831,20200803,78462F103,35713,326.520000
20200831,20200810,78462F103,10000,334.570000
20200831,20200811,78462F103,7944,335.570000
20200831,20200806,78462F103,1468,332.110000
20200831,20200813,78462F103,24793,337.440000
20200831,20200812,78462F103,479974,332.800000
20200831,20200805,78462F103,13611,330.060000
20200831,20200814,78462F103,12794,336.830000
20200915,20200824,78462F103,9193,339.480000
20200915,20200818,78462F103,247809,337.910000
20200915,20200826,78462F103,26308,344.120000
20200915,20200820,78462F103,1543,337.230000
20200915,20200831,78462F103,3008,350.580000
20200915,20200825,78462F103,2716344,342.920000
20200915,20200827,78462F103,471206,347.570000
20200915,20200817,78462F103,87320,336.840000
20200915,20200828,78462F103,95121,348.330000
20200915,20200819,78462F103,31339,338.640000
20200915,20200821,78462F103,88407,338.280000
20200930,20200904,78462F103,33110,345.390000
20200930,20200902,78462F103,74362,352.600000
20200930,20200908,78462F103,316508,342.570000
20200930,20200914,78462F103,419,334.060000
20200930,20200901,78462F103,557133,349.310000
20200930,20200910,78462F103,74485,339.790000
20200930,20200909,78462F103,168873,333.210000
20200930,20200911,78462F103,25863,333.890000
20200930,20200903,78462F103,3304,357.700000
20201015,20200916,78462F103,77062,340.170000
20201015,20200925,78462F103,404553,323.500000
20201015,20200923,78462F103,888579,330.300000
20201015,20200921,78462F103,103888,330.650000
20201015,20200915,78462F103,3349,338.460000
20201015,20200918,78462F103,834063,335.840000
20201015,20200917,78462F103,22720,338.820000
20201015,20200929,78462F103,38834,334.190000
20201015,20200928,78462F103,17044,328.730000
20201015,20200930,78462F103,34654,332.370000
20201015,20200922,78462F103,251724,326.970000
20201015,20200924,78462F103,453848,322.640000
20201031,20201001,78462F103,5321,334.890000
20201031,20201013,78462F103,3433,352.430000
20201031,20201002,78462F103,24443,337.040000
20201031,20201008,78462F103,11270,340.760000
20201031,20201007,78462F103,41235,334.930000
20201031,20201009,78462F103,296856,343.780000
20201031,20201006,78462F103,200582,339.760000
20201031,20201014,78462F103,173040,350.130000
20201031,20201005,78462F103,493288,333.840000
20201115,20201023,78462F103,99826,344.610000
20201115,20201020,78462F103,47243,342.010000
20201115,20201015,78462F103,453396,347.930000
20201115,20201019,78462F103,17960,347.290000
20201115,20201016,78462F103,285788,347.500000
20201115,20201022,78462F103,20936,342.730000
20201115,20201027,78462F103,9259,339.390000
20201115,20201026,78462F103,14600,345.780000
20201115,20201021,78462F103,1715,343.380000
20201115,20201028,78462F103,329,338.220000
20201115,20201030,78462F103,152782,329.980000
20201115,20201029,78462F103,3,326.660000
20201130,20201113,78462F103,46796,353.210000
20201130,20201103,78462F103,20867,330.200000
20201130,20201109,78462F103,10867,350.160000
20201130,20201112,78462F103,33516,356.670000
20201130,20201110,78462F103,81674,354.560000
20201130,20201102,78462F103,316570,326.540000
20201130,20201106,78462F103,4761,350.240000
20201130,20201104,78462F103,17422,336.030000
20201215,20201127,78462F103,104580,362.660000
20201215,20201120,78462F103,497550,357.780000
20201215,20201116,78462F103,1004936,358.100000
20201215,20201125,78462F103,100,363.220000
20201215,20201124,78462F103,71540,357.460000
20201215,20201117,78462F103,149323,362.570000
20201215,20201123,78462F103,218749,355.330000
20201215,20201118,78462F103,223226,360.620000
20201215,20201130,78462F103,30946,363.670000
20201215,20201119,78462F103,15075,356.280000
20201231,20201207,78462F103,105589,369.850000
20201231,20201208,78462F103,725217,369.090000
20201231,20201211,78462F103,134752,366.730000
20201231,20201203,78462F103,1400,366.790000
20201231,20201201,78462F103,179672,362.060000
20201231,20201209,78462F103,1302700,370.170000
20201231,20201210,78462F103,2349,366.850000
20201231,20201204,78462F103,21709,366.690000
20201231,20201214,78462F103,154775,366.300000
20201231,20201202,78462F103,87598,366.020000
20210115,20201230,78462F103,540865,371.460000
20210115,20201229,78462F103,434,372.170000
20210115,20201216,78462F103,767912,369.590000
20210115,20201218,78462F103,12305675,372.240000
20210115,20201224,78462F103,14348,367.570000
20210115,20201223,78462F103,81212,367.240000
20210115,20201228,78462F103,9568,369.000000
20210115,20201221,78462F103,9380682,369.180000
20210115,20201222,78462F103,585189,367.860000
20210115,20201215,78462F103,1480777,364.660000
20210115,20201231,78462F103,6488,371.990000
20210115,20201217,78462F103,5596810,370.170000
20210131,20210105,78462F103,52889,368.790000
20210131,20210106,78462F103,1892,371.330000
20210131,20210107,78462F103,221390,373.550000
20210131,20210113,78462F103,78981,378.770000
20210131,20210108,78462F103,6403,379.100000
20210131,20210114,78462F103,68916,379.790000
20210131,20210104,78462F103,92018,373.880000
20210131,20210112,78462F103,542,378.690000
20210131,20210111,78462F103,260673,381.260000
20210215,20210125,78462F103,11522,382.880000
20210215,20210121,78462F103,142354,383.890000
20210215,20210129,78462F103,231874,377.630000
20210215,20210115,78462F103,22634,378.460000
20210215,20210128,78462F103,363,374.410000
20210215,20210122,78462F103,299,384.240000
20210215,20210127,78462F103,44479,383.790000
20210215,20210126,78462F103,70795,384.390000
20210215,20210120,78462F103,299679,378.650000
20210228,20210212,78462F103,839,390.710000
20210228,20210211,78462F103,2779,390.080000
20210228,20210205,78462F103,779556,386.190000
20210228,20210202,78462F103,162255,376.230000
20210228,20210204,78462F103,502015,381.850000
20210228,20210201,78462F103,874208,370.070000
20210228,20210210,78462F103,18041,390.250000
20210228,20210203,78462F103,764968,381.550000
20210228,20210209,78462F103,88186,390.510000
20210228,20210208,78462F103,54614,387.710000
20210315,20210217,78462F103,308799,392.300000
20210315,20210216,78462F103,268,392.640000
20210315,20210224,78462F103,233301,387.500000
20210315,20210219,78462F103,6860,390.720000
20210315,20210223,78462F103,506812,387.030000
20210315,20210222,78462F103,531635,390.030000
20210315,20210225,78462F103,6844,391.770000
20210315,20210218,78462F103,78482,392.390000
20210315,20210226,78462F103,20065,382.330000
20210331,20210309,78462F103,90802,381.720000
20210331,20210301,78462F103,28943,380.360000
20210331,20210311,78462F103,644700,389.580000
20210331,20210304,78462F103,273509,381.420000
20210331,20210312,78462F103,907502,393.530000
20210331,20210310,78462F103,129147,387.170000
20210331,20210305,78462F103,797,376.700000
20210331,20210303,78462F103,75447,386.540000
20210331,20210308,78462F103,1865836,383.630000
20210331,20210302,78462F103,267644,389.580000
20210415,20210316,78462F103,115676,396.410000
20210415,20210315,78462F103,2236917,394.060000
20210415,20210324,78462F103,1409005,389.500000
20210415,20210329,78462F103,165240,395.980000
20210415,20210318,78462F103,3525915,397.260000
20210415,20210330,78462F103,2348139,395.780000
20210415,20210322,78462F103,307100,389.480000
20210415,20210323,78462F103,1273197,392.590000
20210415,20210317,78462F103,2060722,395.910000
20210415,20210326,78462F103,9100,389.700000
20210415,20210319,78462F103,1209428,391.480000
20210415,20210331,78462F103,1146,394.730000
20210430,20210406,78462F103,18701,406.360000
20210430,20210413,78462F103,6718,411.640000
20210430,20210412,78462F103,124964,411.490000
20210430,20210414,78462F103,23324,412.860000
20210430,20210409,78462F103,34891,408.520000
20210430,20210408,78462F103,198129,406.590000
20210430,20210407,78462F103,241709,406.120000
20210430,20210405,78462F103,29169,400.610000
20210515,20210430,78462F103,526422,420.060000
20210515,20210429,78462F103,130500,417.400000
20210515,20210426,78462F103,10,416.740000
20210515,20210415,78462F103,950,411.450000
20210515,20210422,78462F103,5399,416.070000
20210515,20210427,78462F103,12847,417.610000
20210515,20210416,78462F103,10755,415.870000
20210515,20210423,78462F103,43626,412.270000
20210515,20210420,78462F103,128859,415.210000
20210515,20210421,78462F103,2700,412.170000
20210515,20210419,78462F103,3517,417.260000
20210515,20210428,78462F103,12938,417.520000
20210531,20210511,78462F103,2029,417.940000
20210531,20210513,78462F103,57108,405.410000
20210531,20210512,78462F103,527,414.210000
20210531,20210507,78462F103,491,419.070000
20210531,20210514,78462F103,1026674,410.280000
20210531,20210504,78462F103,763,418.200000
20210531,20210505,78462F103,83166,415.620000
20210531,20210510,78462F103,263931,422.120000
20210531,20210503,78462F103,37303,417.300000
20210531,20210506,78462F103,2422,415.750000
20210615,20210528,78462F103,208964,419.290000
20210615,20210518,78462F103,3249,415.520000
20210615,20210519,78462F103,89935,411.940000
20210615,20210524,78462F103,515655,414.940000
20210615,20210527,78462F103,14,419.070000
20210615,20210517,78462F103,33687,416.580000
20210615,20210525,78462F103,1675704,419.170000
20210615,20210520,78462F103,611591,410.860000
20210615,20210526,78462F103,155240,418.240000
20210615,20210521,78462F103,1541115,415.280000
20210630,20210614,78462F103,18230,424.310000
20210630,20210609,78462F103,38915,422.280000
20210630,20210603,78462F103,401815,420.330000
20210630,20210610,78462F103,8619,421.650000
20210630,20210611,78462F103,60143,423.610000
20210630,20210604,78462F103,1183889,418.770000
20210630,20210602,78462F103,7789,419.670000
20210630,20210601,78462F103,18193,420.040000
20210630,20210608,78462F103,28209,422.190000
20210630,20210607,78462F103,577177,422.600000
20210715,20210618,78462F103,1337633,421.970000
20210715,20210621,78462F103,14271236,414.920000
20210715,20210628,78462F103,4964,426.610000
20210715,20210625,78462F103,1901,425.100000
20210715,20210622,78462F103,4790088,420.860000
20210715,20210624,78462F103,491721,422.600000
20210715,20210630,78462F103,27314,427.700000
20210715,20210617,78462F103,801264,422.110000
20210715,20210629,78462F103,4389,427.470000
20210715,20210623,78462F103,25443,423.110000
20210715,20210615,78462F103,688209,425.260000
20210715,20210616,78462F103,475598,424.480000
20210731,20210714,78462F103,236098,435.590000
20210731,20210707,78462F103,43953,432.930000
20210731,20210702,78462F103,9282,430.430000
20210731,20210713,78462F103,43410,437.080000
20210731,20210706,78462F103,42966,433.720000
20210731,20210701,78462F103,7734,428.060000
20210731,20210709,78462F103,2315,430.920000
20210731,20210708,78462F103,3153,434.460000
20210815,20210715,78462F103,49649,436.240000
20210815,20210719,78462F103,213623,431.340000
20210815,20210720,78462F103,960066,424.970000
20210815,20210730,78462F103,77313,440.650000
20210815,20210726,78462F103,879040,439.940000
20210815,20210716,78462F103,479432,434.750000
20210815,20210728,78462F103,18055,439.010000
20210815,20210723,78462F103,3885735,435.460000
20210815,20210722,78462F103,98659,434.550000
20210815,20210729,78462F103,13932,438.830000
20210815,20210727,78462F103,54494,441.020000
20210831,20210812,78462F103,4397,443.780000
20210831,20210804,78462F103,1151154,441.150000
20210831,20210810,78462F103,402320,442.130000
20210831,20210805,78462F103,29836,438.980000
20210831,20210811,78462F103,9278,442.680000
20210831,20210803,78462F103,1082997,437.590000
20210831,20210809,78462F103,70391,442.490000
20210831,20210813,78462F103,18796,445.110000
20210831,20210806,78462F103,2072284,441.760000
20210831,20210802,78462F103,207182,438.510000
20210915,20210817,78462F103,20925,446.970000
20210915,20210826,78462F103,278883,448.910000
20210915,20210823,78462F103,41505,443.360000
20210915,20210816,78462F103,45529,445.920000
20210915,20210825,78462F103,1609454,447.970000
20210915,20210818,78462F103,27357,444.040000
20210915,20210827,78462F103,176006,446.260000
20210915,20210824,78462F103,13570,447.260000
20210915,20210830,78462F103,1921586,450.250000
20210915,20210820,78462F103,383549,439.860000
20210915,20210831,78462F103,1140847,452.230000
20210915,20210819,78462F103,59263,439.180000
20210930,20210909,78462F103,117,450.910000
20210930,20210913,78462F103,494220,445.440000
20210930,20210910,78462F103,100196,448.980000
20210930,20210907,78462F103,138865,453.080000
20210930,20210903,78462F103,6443,453.190000
20210930,20210902,78462F103,1301,451.800000
20210930,20210908,78462F103,30991,451.460000
20210930,20210901,78462F103,597165,451.560000
20210930,20210914,78462F103,663154,446.580000
20211015,20210922,78462F103,218720,433.630000
20211015,20210923,78462F103,42,437.860000
20211015,20210928,78462F103,6414,442.640000
20211015,20210924,78462F103,12542,443.180000
20211015,20210917,78462F103,32402,447.170000
20211015,20210921,78462F103,878211,434.040000
20211015,20210916,78462F103,300,447.880000
20211015,20210915,78462F103,45931,444.170000
20211015,20210927,78462F103,6810,443.910000
20211015,20210929,78462F103,2586,433.720000
20211015,20210920,78462F103,1190558,441.400000
20211015,20210930,78462F103,18944,434.450000
20211031,20211005,78462F103,27246,428.640000
20211031,20211001,78462F103,888,429.140000
20211031,20211004,78462F103,664325,434.240000
20211031,20211014,78462F103,113973,435.180000
20211031,20211013,78462F103,661321,433.620000
20211031,20211012,78462F103,1249,434.690000
20211031,20211007,78462F103,37680,434.900000
20211031,20211006,78462F103,304955,433.100000
20211031,20211008,78462F103,1066286,438.660000
20211115,20211027,78462F103,12905,455.960000
20211115,20211026,78462F103,4703,455.550000
20211115,20211022,78462F103,122323,453.590000
20211115,20211015,78462F103,8774,442.500000
20211115,20211025,78462F103,171583,453.120000
20211115,20211020,78462F103,419661,450.640000
20211115,20211029,78462F103,247351,458.320000
20211115,20211019,78462F103,42383,447.190000
20211115,20211028,78462F103,9065,453.940000
20211115,20211018,78462F103,102587,445.870000
20211130,20211103,78462F103,31566,461.900000
20211130,20211112,78462F103,148568,463.770000
20211130,20211110,78462F103,10878,467.380000
20211130,20211105,78462F103,19663,466.910000
20211130,20211109,78462F103,39651,468.930000
20211130,20211108,78462F103,2163,468.530000
20211130,20211102,78462F103,190656,460.040000
20211130,20211104,78462F103,209113,464.720000
20211130,20211101,78462F103,2371,459.250000
20211215,20211116,78462F103,47843,467.430000
20211215,20211130,78462F103,4735862,464.600000
20211215,20211117,78462F103,5026,469.280000
20211215,20211126,78462F103,79736,469.440000
20211215,20211123,78462F103,488451,467.570000
20211215,20211124,78462F103,1161,468.190000
20211215,20211129,78462F103,441507,458.970000
20211215,20211118,78462F103,232812,468.140000
20211215,20211115,78462F103,666970,467.270000
20211215,20211122,78462F103,33923,468.890000
20211215,20211119,78462F103,697389,469.730000
20211231,20211203,78462F103,143266,457.400000
20211231,20211210,78462F103,2214303,466.350000
20211231,20211201,78462F103,1192615,455.560000
20211231,20211207,78462F103,251120,458.790000
20211231,20211214,78462F103,6096,466.570000
20211231,20211208,78462F103,1580296,468.280000
20211231,20211213,78462F103,302472,470.740000
20211231,20211202,78462F103,204964,450.500000
20211231,20211209,78462F103,431256,469.520000
20211231,20211206,78462F103,7164,453.420000
20220115,20211220,78462F103,382273,459.870000
20220115,20211230,78462F103,4662,477.480000
20220115,20211223,78462F103,10927,467.690000
20220115,20211228,78462F103,22556,477.260000
20220115,20211216,78462F103,44605,470.600000
20220115,20211217,78462F103,341210,466.450000
20220115,20211221,78462F103,3501351,454.980000
20220115,20211231,78462F103,437,476.160000
20220115,20211229,78462F103,8304,476.870000
20220115,20211222,78462F103,1915278,463.060000
20220115,20211227,78462F103,20389,470.600000
20220131,20220113,78462F103,227,471.020000
20220131,20220110,78462F103,151262,466.090000
20220131,20220103,78462F103,8860,474.960000
20220131,20220105,78462F103,16085,477.550000
20220131,20220107,78462F103,384,467.940000
20220131,20220104,78462F103,41964,477.710000
20220131,20220114,78462F103,4400,464.530000
20220131,20220112,78462F103,95,469.750000
20220131,20220106,78462F103,1459,468.380000
20220215,20220128,78462F103,5166,431.240000
20220215,20220125,78462F103,1688493,439.840000
20220215,20220131,78462F103,1930709,441.950000
20220215,20220118,78462F103,31607,464.720000
20220215,20220126,78462F103,6849,434.470000
20220215,20220120,78462F103,7798,451.750000
20220215,20220127,78462F103,278983,433.380000
20220215,20220124,78462F103,6784,437.980000
20220215,20220119,78462F103,27571,456.490000
20220215,20220121,78462F103,136723,446.750000
20220228,20220211,78462F103,568626,449.320000
20220228,20220207,78462F103,461778,448.700000
20220228,20220204,78462F103,1615782,446.600000
20220228,20220202,78462F103,6458414,452.950000
20220228,20220201,78462F103,526983,449.910000
20220228,20220209,78462F103,4616,450.940000
20220228,20220214,78462F103,1912,440.460000
20220228,20220203,78462F103,6771582,457.350000
20220228,20220208,78462F103,47893,447.260000
20220228,20220210,78462F103,1204587,457.540000
20220315,20220223,78462F103,13538197,429.570000
20220315,20220224,78462F103,831243,421.950000
20220315,20220222,78462F103,623,434.230000
20220315,20220225,78462F103,7166,428.300000
20220315,20220217,78462F103,40840,446.600000
20220315,20220216,78462F103,910447,446.100000
20220315,20220228,78462F103,2554533,437.750000
20220315,20220215,78462F103,3091404,439.020000
20220315,20220218,78462F103,318014,437.060000
20220331,20220301,78462F103,198862,436.630000
20220331,20220304,78462F103,65818,435.710000
20220331,20220308,78462F103,1030,419.430000
20220331,20220307,78462F103,2001,432.170000
20220331,20220314,78462F103,121284,420.070000
20220331,20220302,78462F103,580560,429.980000
20220331,20220303,78462F103,153277,437.890000
20220331,20220311,78462F103,3868192,425.480000
20220331,20220310,78462F103,265228,427.410000
20220415,20220325,78462F103,100345,450.490000
20220415,20220318,78462F103,393961,441.070000
20220415,20220330,78462F103,118146,461.550000
20220415,20220331,78462F103,230581,458.700000
20220415,20220316,78462F103,3297102,426.170000
20220415,20220315,78462F103,965579,417.000000
20220415,20220323,78462F103,215486,449.590000
20220415,20220324,78462F103,142364,443.800000
20220415,20220329,78462F103,45630,455.910000
20220415,20220321,78462F103,381429,444.520000
20220415,20220322,78462F103,53522,444.390000
20220415,20220328,78462F103,9039,452.690000
20220415,20220317,78462F103,95371,435.620000
20220430,20220405,78462F103,2190,456.800000
20220430,20220407,78462F103,354485,446.520000
20220430,20220408,78462F103,1445,448.770000
20220430,20220406,78462F103,121790,451.030000
20220430,20220411,78462F103,9547,447.570000
20220430,20220414,78462F103,183177,443.310000
20220430,20220413,78462F103,168489,438.290000
20220430,20220401,78462F103,1455311,451.640000
20220430,20220404,78462F103,889,452.920000
20220430,20220412,78462F103,9466,439.920000
20220515,20220425,78462F103,693,426.040000
20220515,20220421,78462F103,204629,444.710000
20220515,20220427,78462F103,1534229,416.100000
20220515,20220429,78462F103,770130,427.810000
20220515,20220419,78462F103,403576,437.970000
20220515,20220420,78462F103,194441,445.040000
20220515,20220426,78462F103,1597,428.510000
20220515,20220428,78462F103,2761859,417.270000
20220515,20220422,78462F103,29587,438.060000
20220515,20220418,78462F103,398598,437.790000
20220531,20220511,78462F103,88521,399.090000
20220531,20220509,78462F103,1648157,411.340000
20220531,20220510,78462F103,2044511,398.170000
20220531,20220504,78462F103,315044,416.380000
20220531,20220513,78462F103,582913,392.340000
20220531,20220512,78462F103,3871,392.750000
20220531,20220506,78462F103,1893458,413.810000
20220531,20220505,78462F103,4677027,429.060000
20220531,20220503,78462F103,500380,414.480000
20220531,20220502,78462F103,390576,412.000000
20220615,20220525,78462F103,24820,393.890000
20220615,20220517,78462F103,799024,400.090000
20220615,20220523,78462F103,32628,389.630000
20220615,20220526,78462F103,18,397.370000
20220615,20220518,78462F103,1835089,408.320000
20220615,20220520,78462F103,665151,389.460000
20220615,20220519,78462F103,3866991,391.860000
20220615,20220516,78462F103,259349,401.720000
20220615,20220527,78462F103,225387,405.310000
20220615,20220524,78462F103,4230592,396.920000
20220615,20220531,78462F103,86715,415.260000
20220630,20220608,78462F103,3645,415.740000
20220630,20220609,78462F103,68212,411.220000
20220630,20220614,78462F103,12133769,375.000000
20220630,20220607,78462F103,146215,411.790000
20220630,20220603,78462F103,287824,417.390000
20220630,20220606,78462F103,11796,410.540000
20220630,20220610,78462F103,210626,401.440000
20220630,20220601,78462F103,464874,412.930000
20220630,20220602,78462F103,30843,409.590000
20220630,20220613,78462F103,1705522,389.800000
20220715,20220616,78462F103,3215897,379.200000
20220715,20220617,78462F103,182,366.650000
20220715,20220615,78462F103,7814023,373.870000
20220715,20220628,78462F103,176685,388.590000
20220715,20220621,78462F103,657301,365.860000
20220715,20220627,78462F103,863037,390.080000
20220715,20220630,78462F103,577864,380.340000
20220715,20220624,78462F103,3232562,378.060000
20220715,20220629,78462F103,612734,380.650000
20220715,20220623,78462F103,1348333,374.390000
20220715,20220622,78462F103,821616,375.070000
20220731,20220712,78462F103,350737,384.230000
20220731,20220707,78462F103,45627,383.250000
20220731,20220705,78462F103,1387904,381.240000
20220731,20220701,78462F103,140174,377.250000
20220731,20220713,78462F103,1077062,380.830000
20220731,20220708,78462F103,5093,388.990000
20220731,20220706,78462F103,6293,381.960000
20220731,20220714,78462F103,14798,378.830000
20220731,20220711,78462F103,87,388.670000
20220815,20220729,78462F103,20871,406.070000
20220815,20220727,78462F103,9207,390.890000
20220815,20220725,78462F103,6196,395.090000
20220815,20220722,78462F103,21847,398.790000
20220815,20220726,78462F103,181692,395.570000
20220815,20220719,78462F103,138829,381.950000
20220815,20220728,78462F103,149,401.040000
20220815,20220720,78462F103,139486,392.270000
20220815,20220718,78462F103,4342,385.130000
20220815,20220715,78462F103,444,377.910000
20220815,20220721,78462F103,2845,394.770000
20220831,20220810,78462F103,263108,411.350000
20220831,20220809,78462F103,271050,412.990000
20220831,20220803,78462F103,3981524,408.060000
20220831,20220808,78462F103,1541241,413.470000
20220831,20220801,78462F103,1344933,411.990000
20220831,20220804,78462F103,1118332,414.450000
20220831,20220805,78462F103,22536,414.170000
20220831,20220812,78462F103,41749,419.990000
20220831,20220811,78462F103,5965,419.990000
20220831,20220802,78462F103,3769735,410.770000
20220915,20220822,78462F103,43354,422.140000
20220915,20220816,78462F103,11310,428.860000
20220915,20220817,78462F103,2965,429.700000
20220915,20220826,78462F103,67577,419.510000
20220915,20220815,78462F103,45890,427.100000
20220915,20220825,78462F103,1210,413.670000
20220915,20220818,78462F103,4155,426.650000
20220915,20220824,78462F103,1163,412.350000
20220915,20220819,78462F103,568,427.890000
20220915,20220831,78462F103,955905,398.210000
20220915,20220830,78462F103,175312,402.630000
20220915,20220829,78462F103,684586,405.310000
20220915,20220823,78462F103,1642,413.350000
20220930,20220914,78462F103,193836,393.100000
20220930,20220902,78462F103,109403,396.420000
20220930,20220906,78462F103,4903,392.240000
20220930,20220913,78462F103,393924,410.970000
20220930,20220901,78462F103,395268,395.180000
20220930,20220907,78462F103,209850,390.760000
20220930,20220912,78462F103,990403,406.600000
20220930,20220909,78462F103,135711,400.380000
20220930,20220908,78462F103,110842,397.780000
20221015,20220919,78462F103,2679146,385.560000
20221015,20220930,78462F103,66598,362.790000
20221015,20220915,78462F103,9095369,394.600000
20221015,20220929,78462F103,130198,370.530000
20221015,20220923,78462F103,2772653,374.220000
20221015,20220926,78462F103,1960271,367.950000
20221015,20220916,78462F103,7081156,390.120000
20221015,20220920,78462F103,626213,388.550000
20221015,20220922,78462F103,771735,377.390000
20221015,20220928,78462F103,732503,363.380000
20221015,20220927,78462F103,1378230,364.310000
20221015,20220921,78462F103,30768,384.090000
20221031,20221004,78462F103,139805,366.610000
20221031,20221014,78462F103,104099,365.970000
20221031,20221005,78462F103,448177,377.970000
20221031,20221006,78462F103,31623,377.090000
20221031,20221013,78462F103,60487,356.560000
20221031,20221003,78462F103,245917,357.180000
20221031,20221012,78462F103,192834,357.740000
20221031,20221007,78462F103,263303,373.200000
20221031,20221011,78462F103,461846,360.020000
20221115,20221027,78462F103,9915,382.020000
20221115,20221018,78462F103,600802,366.820000
20221115,20221019,78462F103,376206,371.130000
20221115,20221025,78462F103,209027,378.870000
20221115,20221020,78462F103,4666,368.500000
20221115,20221028,78462F103,65353,379.980000
20221115,20221017,78462F103,1913,357.630000
20221115,20221024,78462F103,134649,374.290000
20221115,20221026,78462F103,90918,384.920000
20221115,20221021,78462F103,140734,365.410000
20221130,20221110,78462F103,16173,374.130000
20221130,20221109,78462F103,44947,382.000000
20221130,20221101,78462F103,467208,386.210000
20221130,20221103,78462F103,1244,374.870000
20221130,20221107,78462F103,500886,376.350000
20221130,20221104,78462F103,4151,371.010000
20221130,20221102,78462F103,161,384.520000
20221130,20221114,78462F103,1823409,398.510000
20221130,20221108,78462F103,341427,379.950000
20221215,20221128,78462F103,4499,402.330000
20221215,20221123,78462F103,21883,399.900000
20221215,20221116,78462F103,38492,398.490000
20221215,20221115,78462F103,57990,395.120000
20221215,20221121,78462F103,196964,396.030000
20221215,20221122,78462F103,11045,394.590000
20221215,20221125,78462F103,83347,402.420000
20221215,20221117,78462F103,97039,395.450000
20221215,20221118,78462F103,180248,394.240000
20221215,20221129,78462F103,305894,395.910000
20221231,20221202,78462F103,252951,407.380000
20221231,20221207,78462F103,59327,393.830000
20221231,20221212,78462F103,1328,393.280000
20221231,20221214,78462F103,139613,401.970000
20221231,20221208,78462F103,32773,393.160000
20221231,20221201,78462F103,35,407.680000
20221231,20221209,78462F103,22428,396.240000
20221231,20221213,78462F103,14122,398.950000
20221231,20221206,78462F103,20309,399.590000
20230115,20221230,78462F103,1147543,383.440000
20230115,20221228,78462F103,6400,381.400000
20230115,20221215,78462F103,580,399.400000
20230115,20221220,78462F103,2246457,380.020000
20230115,20221219,78462F103,1280747,383.270000
20230115,20221227,78462F103,412769,382.910000
20230115,20221216,78462F103,29386,389.630000
20230115,20221229,78462F103,717220,376.660000
20230115,20221221,78462F103,20163,380.540000
20230115,20221222,78462F103,148136,386.230000
20230115,20221223,78462F103,691575,380.720000
20230131,20230109,78462F103,494781,388.080000
20230131,20230105,78462F103,368784,383.760000
20230131,20230112,78462F103,22816,395.520000
20230131,20230111,78462F103,692,390.580000
20230131,20230110,78462F103,102076,387.860000
20230131,20230104,78462F103,66307,380.820000
20230131,20230103,78462F103,2390,382.430000
20230131,20230106,78462F103,48626,379.380000
20230131,20230113,78462F103,53675,396.960000
20230215,20230123,78462F103,93817,395.880000
20230215,20230125,78462F103,262211,400.200000
20230215,20230119,78462F103,40773,391.490000
20230215,20230131,78462F103,20822,400.590000
20230215,20230126,78462F103,952576,400.350000
20230215,20230120,78462F103,755,388.640000
20230215,20230118,78462F103,6121,397.770000
20230215,20230130,78462F103,30596,405.680000
20230215,20230127,78462F103,165917,404.750000
20230215,20230124,78462F103,281284,400.630000
20230215,20230117,78462F103,180924,398.500000
20230228,20230201,78462F103,525174,406.480000
20230228,20230209,78462F103,4464,410.650000
20230228,20230203,78462F103,33900,416.780000
20230228,20230208,78462F103,9778,415.190000
20230228,20230214,78462F103,5862,412.830000
20230228,20230207,78462F103,105488,409.830000
20230228,20230202,78462F103,125586,410.800000
20230228,20230213,78462F103,396122,408.040000
20230228,20230210,78462F103,2761,407.090000
20230315,20230222,78462F103,739048,399.090000
20230315,20230227,78462F103,5663,396.380000
20230315,20230223,78462F103,878960,398.540000
20230315,20230216,78462F103,3177,413.980000
20230315,20230221,78462F103,215569,407.260000
20230315,20230217,78462F103,49083,408.280000
20230315,20230228,78462F103,185049,397.730000
20230315,20230215,78462F103,59214,412.640000
20230315,20230224,78462F103,1281533,400.660000
20230331,20230308,78462F103,21141,398.270000
20230331,20230309,78462F103,2481,398.920000
20230331,20230302,78462F103,74025,394.740000
20230331,20230307,78462F103,255106,404.470000
20230331,20230314,78462F103,5255549,385.360000
20230331,20230303,78462F103,4110016,397.810000
20230331,20230301,78462F103,68958,396.260000
20230331,20230310,78462F103,13757,391.560000
20230331,20230313,78462F103,1928370,385.910000
20230331,20230306,78462F103,2493388,404.190000
20230415,20230331,78462F103,872834,403.700000
20230415,20230329,78462F103,135081,395.600000
20230415,20230330,78462F103,730894,401.350000
20230415,20230320,78462F103,96884,389.990000
20230415,20230317,78462F103,141165,396.110000
20230415,20230315,78462F103,3229743,391.730000
20230415,20230324,78462F103,4824,393.170000
20230415,20230316,78462F103,19442527,389.280000
20230415,20230328,78462F103,651297,396.490000
20230415,20230323,78462F103,6392,392.110000
20230415,20230322,78462F103,79516,398.910000
20230415,20230327,78462F103,291115,395.750000
20230415,20230321,78462F103,53674,393.740000
20230430,20230405,78462F103,21098,408.670000
20230430,20230414,78462F103,105535,413.470000
20230430,20230404,78462F103,366723,410.950000
20230430,20230403,78462F103,2954,409.390000
20230430,20230412,78462F103,332115,409.720000
20230430,20230410,78462F103,337470,409.190000
20230430,20230406,78462F103,23303,407.600000
20230430,20230411,78462F103,28985,409.610000
20230515,20230418,78462F103,24922,413.940000
20230515,20230425,78462F103,22701,412.630000
20230515,20230420,78462F103,164031,414.140000
20230515,20230421,78462F103,20803,411.880000
20230515,20230427,78462F103,284782,404.360000
20230515,20230426,78462F103,14714,406.080000
20230515,20230419,78462F103,173600,414.210000
20230515,20230428,78462F103,227754,412.410000
20230515,20230424,78462F103,3445,412.200000
20230515,20230417,78462F103,15145,412.460000
20230531,20230509,78462F103,15858,412.740000
20230531,20230511,78462F103,243204,412.850000
20230531,20230504,78462F103,380353,408.020000
20230531,20230508,78462F103,317633,412.630000
20230531,20230503,78462F103,2320,410.840000
20230531,20230512,78462F103,15019,412.130000
20230531,20230510,78462F103,153,410.930000
20230531,20230501,78462F103,229783,415.930000
20230531,20230505,78462F103,4153,405.130000
20230531,20230502,78462F103,212418,415.510000
20230615,20230526,78462F103,415743,414.650000
20230615,20230516,78462F103,129557,413.010000
20230615,20230515,78462F103,23918,411.590000
20230615,20230530,78462F103,961,420.020000
20230615,20230531,78462F103,57544,420.180000
20230615,20230517,78462F103,7042,410.250000
20230615,20230519,78462F103,2944,419.230000
20230615,20230524,78462F103,1238357,414.090000
20230615,20230525,78462F103,6,411.090000
20230615,20230523,78462F103,475035,418.790000
20230615,20230522,78462F103,132340,418.620000
20230615,20230518,78462F103,25271,415.230000
20230630,20230612,78462F103,4400,429.900000
20230630,20230606,78462F103,16797,427.100000
20230630,20230614,78462F103,180869,436.660000
20230630,20230607,78462F103,8974,428.030000
20230630,20230609,78462F103,100,429.130000
20230630,20230613,78462F103,36066,433.800000
20230630,20230601,78462F103,6254,417.850000
20230630,20230602,78462F103,28692,421.820000
20230630,20230608,78462F103,9770,426.550000
20230630,20230605,78462F103,6603,427.920000
20230715,20230628,78462F103,120275,436.170000
20230715,20230627,78462F103,77343,431.440000
20230715,20230616,78462F103,798650,442.600000
20230715,20230629,78462F103,14973,436.390000
20230715,20230615,78462F103,658,437.180000
20230715,20230620,78462F103,1176234,439.460000
20230715,20230622,78462F103,100,434.940000
20230715,20230626,78462F103,14012,433.210000
20230715,20230621,78462F103,441,437.180000
20230715,20230630,78462F103,144682,438.110000
20230715,20230623,78462F103,1533,436.510000
20230731,20230707,78462F103,16427,439.660000
20230731,20230714,78462F103,980,449.560000
20230731,20230711,78462F103,319,439.660000
20230731,20230703,78462F103,41020,443.280000
20230731,20230706,78462F103,106144,443.130000
20230731,20230705,78462F103,44920,443.790000
20230731,20230710,78462F103,22821,438.550000
20230731,20230712,78462F103,234,442.460000
20230731,20230713,78462F103,455,446.020000
20230815,20230720,78462F103,30487,455.200000
20230815,20230727,78462F103,29138,455.510000
20230815,20230719,78462F103,22846,454.190000
20230815,20230726,78462F103,14320,455.440000
20230815,20230718,78462F103,3854,450.840000
20230815,20230724,78462F103,174407,452.180000
20230815,20230728,78462F103,267,452.490000
20230815,20230731,78462F103,233698,456.920000
20230815,20230717,78462F103,224035,449.280000
20230815,20230721,78462F103,44265,452.180000
20230815,20230725,78462F103,405469,454.200000
20230831,20230808,78462F103,101910,450.710000
20230831,20230801,78462F103,20668,457.790000
20230831,20230804,78462F103,54138,448.840000
20230831,20230802,78462F103,15878,456.480000
20230831,20230810,78462F103,4063,445.750000
20230831,20230809,78462F103,117702,448.750000
20230831,20230807,78462F103,132139,446.810000
20230831,20230811,78462F103,26472,445.910000
20230831,20230814,78462F103,53366,445.650000
20230831,20230803,78462F103,52840,450.130000
20230915,20230831,78462F103,192228,451.010000
20230915,20230828,78462F103,320103,439.970000
20230915,20230817,78462F103,467544,439.640000
20230915,20230821,78462F103,367916,436.500000
20230915,20230816,78462F103,32653,442.890000
20230915,20230830,78462F103,645,449.160000
20230915,20230824,78462F103,740076,443.030000
20230915,20230822,78462F103,594705,439.340000
20230915,20230823,78462F103,43773,438.150000
20230915,20230829,78462F103,20189,442.760000
20230915,20230825,78462F103,13275,436.890000
20230915,20230818,78462F103,1014,436.290000
20230915,20230815,78462F103,53588,448.110000
20230930,20230911,78462F103,23912,445.520000
20230930,20230913,78462F103,11312,445.990000
20230930,20230908,78462F103,47449,444.850000
20230930,20230901,78462F103,8103,450.350000
20230930,20230905,78462F103,7521,451.190000
20230930,20230907,78462F103,11788,446.220000
20230930,20230906,78462F103,378370,449.240000
20230930,20230912,78462F103,176,448.450000
20230930,20230914,78462F103,18134,446.510000
20231015,20230921,78462F103,19928,438.640000
20231015,20230929,78462F103,57734,428.520000
20231015,20230926,78462F103,107757,432.230000
20231015,20230915,78462F103,20828,450.360000
20231015,20230918,78462F103,569728,443.370000
20231015,20230919,78462F103,96000,443.630000
20231015,20230920,78462F103,99947,442.710000
20231015,20230927,78462F103,5634,425.880000
20231015,20230925,78462F103,84062,430.420000
20231015,20230922,78462F103,48020,431.390000
20231031,20231004,78462F103,79059,421.590000
20231031,20231005,78462F103,617273,424.660000
20231031,20231010,78462F103,168998,432.290000
20231031,20231006,78462F103,207531,424.500000
20231031,20231002,78462F103,4840,427.480000
20231031,20231003,78462F103,259638,427.310000
20231031,20231011,78462F103,173243,434.540000
20231031,20231012,78462F103,8240,436.320000
20231031,20231013,78462F103,36635,433.660000
20231115,20231016,78462F103,65322,431.500000
20231115,20231020,78462F103,537634,426.430000
20231115,20231018,78462F103,2830,436.020000
20231115,20231026,78462F103,36501,417.550000
20231115,20231024,78462F103,302123,420.460000
20231115,20231017,78462F103,290437,436.040000
20231115,20231031,78462F103,387899,415.590000
20231115,20231030,78462F103,1422,410.680000
20231115,20231025,78462F103,30299,423.630000
20231115,20231023,78462F103,19724,421.190000
20231115,20231019,78462F103,543134,430.210000
20231115,20231027,78462F103,73428,412.550000
20231130,20231106,78462F103,57171,434.690000
20231130,20231103,78462F103,774381,430.760000
20231130,20231114,78462F103,3521,440.190000
20231130,20231108,78462F103,655,436.930000
20231130,20231101,78462F103,35613,418.200000
20231130,20231113,78462F103,335295,440.610000
20231130,20231107,78462F103,117399,435.690000
20231130,20231102,78462F103,228652,422.660000
20231130,20231110,78462F103,63558,433.840000
20231215,20231117,78462F103,11193,450.230000
20231215,20231124,78462F103,197104,455.020000
20231215,20231120,78462F103,12758,450.790000
20231215,20231127,78462F103,103865,455.300000
20231215,20231129,78462F103,700,454.930000
20231215,20231116,78462F103,101128,449.680000
20231215,20231115,78462F103,173251,448.730000
20231215,20231130,78462F103,21952,454.610000
20231215,20231121,78462F103,317679,454.260000
20231215,20231122,78462F103,55041,453.270000
20231215,20231128,78462F103,303,454.480000
20231231,20231213,78462F103,735393,464.100000
20231231,20231204,78462F103,101386,459.100000
20231231,20231208,78462F103,116271,458.230000
20231231,20231205,78462F103,151468,456.690000
20231231,20231211,78462F103,3457,460.200000
20231231,20231207,78462F103,10,454.760000
20231231,20231206,78462F103,66314,456.600000
20231231,20231201,78462F103,85986,456.400000
20231231,20231212,78462F103,2099,461.990000
20240115,20231226,78462F103,2712,473.650000
20240115,20231228,78462F103,78207,476.510000
20240115,20231218,78462F103,1405409,469.330000
20240115,20231215,78462F103,1828,472.010000
20240115,20231220,78462F103,74691,474.840000
20240115,20231229,78462F103,67866,476.690000
20240115,20231227,78462F103,95,475.650000
20240115,20231219,78462F103,20324,471.970000
20240115,20231221,78462F103,1968,468.260000
20240131,20240111,78462F103,73181,476.560000
20240131,20240112,78462F103,500,476.350000
20240131,20240110,78462F103,51911,473.880000
20240131,20240109,78462F103,1396,474.600000
20240131,20240102,78462F103,115,475.310000
20240131,20240105,78462F103,93,467.280000
20240131,20240103,78462F103,10345,472.650000
20240131,20240104,78462F103,100,468.790000
20240215,20240124,78462F103,22150,484.860000
20240215,20240117,78462F103,1000,474.930000
20240215,20240126,78462F103,60523,488.030000
20240215,20240131,78462F103,94633,490.890000
20240215,20240129,78462F103,5043,487.410000
20240215,20240116,78462F103,383,476.680000
20240215,20240130,78462F103,509,491.270000
20240215,20240119,78462F103,218,476.490000
20240215,20240125,78462F103,29772,485.390000
20240215,20240118,78462F103,170,472.290000
20240215,20240123,78462F103,1134423,483.450000
20240215,20240122,78462F103,119480,482.430000
20240229,20240207,78462F103,17,493.980000
20240229,20240213,78462F103,14213,500.980000
20240229,20240212,78462F103,126487,501.200000
20240229,20240202,78462F103,24446,489.200000
20240229,20240208,78462F103,41,498.100000
20240229,20240209,78462F103,5503,498.320000
20240229,20240201,78462F103,104,482.880000
20240229,20240205,78462F103,31737,494.350000
20240229,20240206,78462F103,9472,492.550000
20240315,20240222,78462F103,56932,497.210000
20240315,20240221,78462F103,81085,496.760000
20240315,20240227,78462F103,21509,505.990000
20240315,20240228,78462F103,18752,506.930000
20240315,20240226,78462F103,331,507.850000
20240315,20240229,78462F103,3918,506.260000
20240315,20240223,78462F103,16201,507.500000
20240331,20240304,78462F103,153407,512.850000
20240331,20240305,78462F103,18575,512.300000
20240331,20240308,78462F103,8861,514.810000
20240331,20240307,78462F103,299902,509.750000
20240331,20240314,78462F103,20030,515.970000
20240331,20240306,78462F103,200,507.180000
20240331,20240313,78462F103,36,516.780000
20240331,20240311,78462F103,76095,511.720000
20240415,20240319,78462F103,2708,512.860000
20240415,20240325,78462F103,600349,521.210000
20240415,20240322,78462F103,3512,522.200000
20240415,20240318,78462F103,1161092,509.830000
20240415,20240320,78462F103,24673,515.710000
20240415,20240327,78462F103,725,518.810000
20240415,20240326,78462F103,19113,519.770000
20240415,20240315,78462F103,4126,514.950000
20240415,20240321,78462F103,2700,520.480000
20240430,20240403,78462F103,12047,518.840000
20240430,20240402,78462F103,47230,522.160000
20240430,20240411,78462F103,977,514.120000
20240430,20240401,78462F103,2808,523.070000
20240430,20240405,78462F103,4322,513.070000
20240430,20240409,78462F103,25405,518.720000
20240430,20240412,78462F103,2124240,518.000000
20240430,20240404,78462F103,1197,519.410000
20240515,20240430,78462F103,56569,510.060000
20240515,20240418,78462F103,681,500.550000
20240515,20240419,78462F103,1669,499.520000
20240515,20240415,78462F103,21176,510.850000
20240515,20240425,78462F103,9828,505.410000
20240515,20240422,78462F103,7200,495.160000
20240515,20240429,78462F103,89328,508.260000
20240515,20240424,78462F103,31345,505.650000
20240531,20240509,78462F103,164,517.190000
20240531,20240507,78462F103,292165,516.570000
20240531,20240501,78462F103,5599,501.980000
20240531,20240503,78462F103,117,505.030000
20240531,20240514,78462F103,50257,520.910000
20240531,20240506,78462F103,169928,511.290000
20240531,20240508,78462F103,71290,517.140000
20240531,20240513,78462F103,70966,520.840000
20240531,20240502,78462F103,15114,500.350000
20240615,20240521,78462F103,222666,530.060000
20240615,20240520,78462F103,49829,529.450000
20240615,20240529,78462F103,446,529.810000
20240615,20240530,78462F103,1617,526.100000
20240615,20240516,78462F103,11892,529.780000
20240615,20240517,78462F103,3934,528.690000
20240615,20240531,78462F103,119959,522.610000
20240615,20240528,78462F103,879326,529.440000
20240615,20240515,78462F103,2276,523.300000
20240615,20240524,78462F103,3368,525.960000
20240615,20240523,78462F103,10735,529.830000
20240630,20240613,78462F103,351,541.360000
20240630,20240611,78462F103,5900,535.660000
20240630,20240603,78462F103,345779,527.370000
20240630,20240604,78462F103,4750,527.800000
20240630,20240612,78462F103,44569,536.950000
20240630,20240610,78462F103,155816,534.010000
20240630,20240605,78462F103,2310,528.390000
20240630,20240607,78462F103,56836,534.660000
20240630,20240606,78462F103,143383,534.670000
20240630,20240614,78462F103,5131,542.450000
20240715,20240627,78462F103,20646,545.510000
20240715,20240618,78462F103,33595,547.100000
20240715,20240624,78462F103,130784,544.510000
20240715,20240626,78462F103,23495,544.830000
20240715,20240617,78462F103,49,542.780000
20240715,20240621,78462F103,44148,547.000000
20240715,20240620,78462F103,2472734,548.490000
20240731,20240701,78462F103,4753,544.220000
20240731,20240705,78462F103,6167,551.460000
20240731,20240710,78462F103,8110,555.820000
20240731,20240703,78462F103,155305,549.010000
20240731,20240702,78462F103,16805,545.340000
20240731,20240709,78462F103,50498,555.280000
20240731,20240708,78462F103,373314,554.640000
20240731,20240711,78462F103,100247,561.320000
20240731,20240712,78462F103,14312,556.480000
20240815,20240722,78462F103,10319,548.990000
20240815,20240718,78462F103,798806,556.940000
20240815,20240724,78462F103,14072,553.780000
20240815,20240731,78462F103,643,542.000000
20240815,20240715,78462F103,3049,559.990000
20240815,20240725,78462F103,42019,541.230000
20240815,20240730,78462F103,100,544.760000
20240815,20240716,78462F103,2682,561.530000
20240815,20240729,78462F103,1089,544.440000
20240815,20240723,78462F103,24535,554.650000
20240831,20240812,78462F103,2968,532.990000
20240831,20240813,78462F103,7663,533.270000
20240831,20240805,78462F103,15661,532.900000
20240831,20240814,78462F103,36609,542.040000
20240831,20240802,78462F103,2011,543.010000
20240831,20240801,78462F103,4420,550.810000
20240831,20240809,78462F103,10661,530.650000
20240831,20240806,78462F103,49979,517.380000
20240831,20240808,78462F103,40642,518.660000
20240915,20240826,78462F103,3200,562.130000
20240915,20240830,78462F103,127130,558.350000
20240915,20240821,78462F103,190397,558.700000
20240915,20240829,78462F103,5798,558.300000
20240915,20240815,78462F103,74350,543.750000
20240915,20240828,78462F103,99055,561.560000
20240915,20240822,78462F103,565986,560.620000
20240915,20240816,78462F103,620,553.070000
20240915,20240819,78462F103,3783,554.310000
20240915,20240820,78462F103,2969,559.610000
20240930,20240904,78462F103,59441,552.080000
20240930,20240910,78462F103,6159,546.410000
20240930,20240906,78462F103,278,549.610000
20240930,20240913,78462F103,9313,559.090000
20240930,20240912,78462F103,8882,554.420000
20240930,20240903,78462F103,600634,563.680000
20240930,20240905,78462F103,3869,550.950000
20240930,20240911,78462F103,2600,548.790000
20241015,20240919,78462F103,3657,561.400000
20241015,20240917,78462F103,943140,562.840000
20241015,20240923,78462F103,32512,568.250000
20241015,20240916,78462F103,177,562.010000
20241015,20240918,78462F103,79443,563.070000
20241015,20240924,78462F103,2748,569.670000
20241015,20240925,78462F103,25000,571.300000
20241015,20240930,78462F103,348,571.470000
20241015,20240926,78462F103,24883,570.040000
20241015,20240920,78462F103,183914,570.980000
20241015,20240927,78462F103,13915,572.300000
20241031,20241004,78462F103,666151,567.820000
20241031,20241010,78462F103,13524,577.140000
20241031,20241007,78462F103,10501,572.980000
20241031,20241003,78462F103,413,568.860000
20241031,20241011,78462F103,113834,576.130000
20241031,20241002,78462F103,8,568.620000
20241031,20241009,78462F103,444,573.170000
20241031,20241001,78462F103,179740,573.760000
20241115,20241030,78462F103,700,581.770000
20241115,20241021,78462F103,154200,584.590000
20241115,20241029,78462F103,749,580.830000
20241115,20241024,78462F103,8469,577.990000
20241115,20241015,78462F103,284696,584.320000
20241115,20241023,78462F103,144143,583.320000
20241115,20241018,78462F103,18486,582.350000
20241115,20241017,78462F103,967,582.300000
20241130,20241104,78462F103,1310,571.040000
20241130,20241113,78462F103,605,596.900000
20241130,20241107,78462F103,1695,591.040000
20241130,20241108,78462F103,77056,595.610000
20241130,20241106,78462F103,10181,576.700000
20241130,20241101,78462F103,17774,568.640000
20241130,20241105,78462F103,112,569.810000
20241130,20241112,78462F103,32933,598.760000
20241215,20241125,78462F103,288,595.510000
20241215,20241129,78462F103,126,598.830000
20241215,20241120,78462F103,48181,590.300000
20241215,20241119,78462F103,68980,588.150000
20241215,20241122,78462F103,1436572,593.670000
20241215,20241118,78462F103,84124,585.750000
20241215,20241115,78462F103,4600,593.350000
20241215,20241127,78462F103,4200,600.650000
20241215,20241126,78462F103,8605,597.530000
20241231,20241209,78462F103,2468,607.810000
20241231,20241204,78462F103,4804,603.910000
20241231,20241205,78462F103,319874,607.660000
20241231,20241203,78462F103,99132,603.630000
20241231,20241210,78462F103,881,604.680000
20241231,20241202,78462F103,150801,602.550000
20241231,20241212,78462F103,2592,607.460000
20250115,20241226,78462F103,5624404,601.300000
20250115,20241231,78462F103,786,588.220000
20250115,20241220,78462F103,514368,586.100000
20250115,20241227,78462F103,30569,601.340000
20250115,20241216,78462F103,211,604.210000
20250115,20241230,78462F103,73034,595.010000
20250115,20241224,78462F103,621,594.690000
20250115,20241223,78462F103,5400,591.150000
20250115,20241218,78462F103,1972,604.290000
20250131,20250109,78462F103,515,589.490000
20250131,20250103,78462F103,14265,584.640000
20250131,20250113,78462F103,249932,580.490000
20250131,20250108,78462F103,7753,588.630000
20250131,20250114,78462F103,40539,581.390000
20250131,20250106,78462F103,11433,591.950000
20250131,20250107,78462F103,743,595.360000
20250215,20250123,78462F103,44689,606.440000
20250215,20250124,78462F103,435,609.750000
20250215,20250127,78462F103,129784,607.970000
20250215,20250128,78462F103,25000,599.370000
20250215,20250116,78462F103,5407,592.780000
20250215,20250122,78462F103,25014,603.050000
20250215,20250130,78462F103,150,601.810000
20250215,20250129,78462F103,1000,604.520000
20250215,20250117,78462F103,12533,591.640000
20250215,20250115,78462F103,72072,582.190000
20250215,20250121,78462F103,535925,597.580000
20250228,20250214,78462F103,414854,609.730000
20250228,20250204,78462F103,18731,597.770000
20250228,20250211,78462F103,1638,604.850000
20250228,20250203,78462F103,350,601.820000
20250228,20250210,78462F103,25705,600.770000
20250228,20250206,78462F103,4547,604.220000
20250228,20250213,78462F103,1985,603.360000
20250228,20250205,78462F103,125330,601.780000
20250315,20250219,78462F103,1230,611.490000
20250315,20250228,78462F103,311,585.050000
20250315,20250226,78462F103,149,594.240000
20250315,20250220,78462F103,29836,612.930000
20250315,20250225,78462F103,49019,597.210000
20250315,20250218,78462F103,153964,609.700000
20250315,20250227,78462F103,516,594.540000
20250315,20250224,78462F103,213963,599.940000
20250331,20250306,78462F103,29431,583.060000
20250331,20250311,78462F103,42173,560.580000
20250331,20250310,78462F103,32167,575.920000
20250331,20250303,78462F103,385341,594.180000
20250331,20250313,78462F103,1712,558.870000
20250331,20250314,78462F103,6,551.420000
20250331,20250305,78462F103,17985,576.860000
20250331,20250304,78462F103,4361,583.770000
20250415,20250324,78462F103,493565,563.980000
20250415,20250325,78462F103,186424,574.080000
20250415,20250317,78462F103,1747,562.810000
20250415,20250321,78462F103,30763,565.490000
20250415,20250331,78462F103,11770,555.660000
20250415,20250320,78462F103,4900,567.130000
20250415,20250319,78462F103,424661,561.020000
20250415,20250326,78462F103,102196,575.460000
20250430,20250411,78462F103,1402,524.580000
20250430,20250404,78462F103,35319,536.700000
20250430,20250410,78462F103,18491,548.620000
20250430,20250414,78462F103,22489,533.940000
20250430,20250408,78462F103,103231,504.380000
20250430,20250407,78462F103,1,505.280000
20250430,20250401,78462F103,645416,559.390000
20250430,20250402,78462F103,366671,560.970000
20250430,20250403,78462F103,588954,564.520000
20250515,20250423,78462F103,1519,527.250000
20250515,20250421,78462F103,137323,526.410000
20250515,20250415,78462F103,852,539.120000
20250515,20250430,78462F103,53368,554.320000
20250515,20250424,78462F103,1221,535.420000
20250515,20250417,78462F103,298,525.660000
20250515,20250422,78462F103,151012,513.880000
20250515,20250425,78462F103,168378,546.690000
20250515,20250428,78462F103,48065,550.640000
20250515,20250416,78462F103,509702,537.610000
20250515,20250429,78462F103,56790,550.850000
20250531,20250506,78462F103,6827,563.510000
20250531,20250502,78462F103,1220,558.470000
20250531,20250505,78462F103,17214,566.760000
20250531,20250508,78462F103,317,561.150000
20250531,20250501,78462F103,150211,554.540000
20250531,20250507,78462F103,1012,558.800000
20250531,20250513,78462F103,6300,582.990000
20250531,20250514,78462F103,422,586.840000
20250531,20250512,78462F103,403,564.340000
20250615,20250516,78462F103,105928,590.460000
20250615,20250520,78462F103,11075,594.850000
20250615,20250522,78462F103,1015716,582.860000
20250615,20250523,78462F103,716,583.090000
20250615,20250515,78462F103,659,587.590000
20250615,20250527,78462F103,69,579.110000
20250615,20250521,78462F103,7381,592.850000
20250615,20250528,78462F103,2853,591.150000
20250615,20250519,78462F103,730567,594.200000
20250630,20250610,78462F103,4258,599.680000
20250630,20250602,78462F103,3888,589.390000
20250630,20250606,78462F103,10,593.050000
20250630,20250603,78462F103,11801,592.710000
20250630,20250604,78462F103,7804,596.090000
20250630,20250613,78462F103,1214,603.750000
20250630,20250605,78462F103,50000,595.930000
20250630,20250609,78462F103,102375,599.140000
20250630,20250611,78462F103,36512,603.080000
20250630,20250612,78462F103,300,601.360000
20250715,20250617,78462F103,9426,602.680000
20250715,20250627,78462F103,4386,611.870000
20250715,20250624,78462F103,25082,600.150000
20250715,20250625,78462F103,6301,606.780000
20250715,20250616,78462F103,6471,597.000000
20250715,20250620,78462F103,2541707,597.440000
20250715,20250626,78462F103,308,607.120000
20250715,20250630,78462F103,87917,614.910000
20250715,20250623,78462F103,4256,594.280000
20250731,20250701,78462F103,3354,617.850000
20250731,20250711,78462F103,441352,625.820000
20250731,20250707,78462F103,9552,625.340000
20250731,20250710,78462F103,1971,624.060000
20250731,20250702,78462F103,894,617.650000
20250731,20250714,78462F103,2134,623.620000
20250731,20250709,78462F103,1922,620.340000
20250731,20250703,78462F103,10536,620.450000
20250731,20250708,78462F103,4775,620.680000
20250815,20250728,78462F103,46883,637.100000
20250815,20250731,78462F103,633170,634.460000
20250815,20250729,78462F103,2105,636.940000
20250815,20250715,78462F103,2100,624.810000
20250815,20250725,78462F103,300,634.420000
20250815,20250716,78462F103,31,622.140000
20250815,20250724,78462F103,2483,634.210000
20250815,20250723,78462F103,6448,628.860000
20250815,20250718,78462F103,7181,628.040000
20250831,20250801,78462F103,344521,632.080000
20250831,20250807,78462F103,48950,632.780000
20250831,20250805,78462F103,75218,631.170000
20250831,20250808,78462F103,4424,632.250000
20250831,20250811,78462F103,36800,637.180000
20250831,20250813,78462F103,11435,642.690000
20250831,20250812,78462F103,3,635.920000
20250915,20250825,78462F103,29516,645.310000
20250915,20250815,78462F103,18951,644.950000
20250915,20250822,78462F103,1223,635.550000
20250915,20250829,78462F103,4548,648.920000
20250915,20250827,78462F103,19887,645.160000
20250915,20250820,78462F103,296,639.810000
20250915,20250826,78462F103,29228,642.470000
20250915,20250828,78462F103,4808,646.630000
20250915,20250819,78462F103,712,643.300000
20250915,20250821,78462F103,26,638.110000
20250915,20250818,78462F103,301072,643.440000
20250930,20250912,78462F103,3051,657.630000
20250930,20250910,78462F103,6700,650.330000
20250930,20250903,78462F103,1762,640.270000
20250930,20250902,78462F103,15142,645.050000
20250930,20250905,78462F103,19307,649.120000
20250930,20250909,78462F103,89,648.830000
20250930,20250911,78462F103,47876,652.210000
20250930,20250908,78462F103,71748,647.240000
20251015,20250929,78462F103,124800,661.820000
20251015,20250924,78462F103,100000,663.210000
20251015,20250923,78462F103,161408,666.840000
20251015,20250922,78462F103,904,663.700000
20251015,20250915,78462F103,58471,657.410000
20251015,20250916,78462F103,8200,660.910000
20251015,20250930,78462F103,87167,663.680000
20251015,20250918,78462F103,32134,659.180000
20251015,20250925,78462F103,23096,661.100000
20251015,20250919,78462F103,2186976,662.260000
20251015,20250926,78462F103,3367,658.050000
20251031,20251003,78462F103,16720,669.220000
20251031,20251009,78462F103,852,673.110000
20251031,20251010,78462F103,6563,671.160000
20251031,20251007,78462F103,400,671.610000
20251031,20251001,78462F103,41115,666.180000
20251031,20251008,78462F103,265174,669.120000
20251031,20251002,78462F103,512,668.450000
20251031,20251006,78462F103,11837,669.210000
20251115,20251020,78462F103,11965,664.390000
20251115,20251024,78462F103,13225,671.760000
20251115,20251022,78462F103,13,671.290000
20251115,20251028,78462F103,2305,685.240000
20251115,20251021,78462F103,68919,671.300000
20251115,20251029,78462F103,5522,687.060000
20251115,20251031,78462F103,114387,679.830000
20251115,20251015,78462F103,5070,662.230000
20251115,20251027,78462F103,14454,677.250000
20251115,20251023,78462F103,19111,667.800000
20251115,20251030,78462F103,17733,687.390000
