20170715,20170629,91232N108,16298,9.200000
20170715,20170621,91232N108,1500,8.950000
20170715,20170628,91232N108,8830,9.100000
20170715,20170620,91232N108,591015,9.120000
20170715,20170616,91232N108,21250,9.180000
20170715,20170626,91232N108,94,8.860000
20170715,20170615,91232N108,2843,9.230000
20170715,20170619,91232N108,26,9.240000
20170715,20170630,91232N108,261857,9.210000
20170731,20170713,91232N108,905850,9.330000
20170731,20170707,91232N108,84725,9.310000
20170731,20170705,91232N108,664,9.620000
20170731,20170710,91232N108,4156,9.100000
20170731,20170711,91232N108,1163677,9.130000
20170731,20170712,91232N108,155095,9.270000
20170731,20170714,91232N108,1088955,9.470000
20170815,20170728,91232N108,595969,10.060000
20170815,20170725,91232N108,505818,9.500000
20170815,20170719,91232N108,889445,9.540000
20170815,20170718,91232N108,236677,9.450000
20170815,20170724,91232N108,45586,9.340000
20170815,20170721,91232N108,98284,9.610000
20170815,20170717,91232N108,73171,9.590000
20170815,20170727,91232N108,1011767,9.960000
20170815,20170731,91232N108,5136298,10.170000
20170815,20170726,91232N108,531761,9.810000
20170815,20170720,91232N108,69722,9.690000
20170831,20170803,91232N108,4725465,10.140000
20170831,20170807,91232N108,1235723,10.130000
20170831,20170809,91232N108,460415,10.060000
20170831,20170811,91232N108,1062937,9.910000
20170831,20170802,91232N108,6971123,10.090000
20170831,20170814,91232N108,307801,9.990000
20170831,20170810,91232N108,665895,10.150000
20170831,20170804,91232N108,1338696,10.020000
20170831,20170801,91232N108,6366275,10.280000
20170831,20170808,91232N108,1840313,10.100000
20170915,20170828,91232N108,501,9.750000
20170915,20170821,91232N108,4805609,9.970000
20170915,20170829,91232N108,380049,9.530000
20170915,20170817,91232N108,2950,9.570000
20170915,20170830,91232N108,5281,9.460000
20170915,20170815,91232N108,403808,9.720000
20170915,20170822,91232N108,1397653,9.710000
20170915,20170818,91232N108,137227,9.620000
20170915,20170823,91232N108,1771901,9.770000
20170915,20170825,91232N108,22,9.710000
20170915,20170816,91232N108,238181,9.750000
20170915,20170824,91232N108,226703,9.880000
20170930,20170907,91232N108,32077,10.040000
20170930,20170914,91232N108,129712,10.070000
20170930,20170913,91232N108,10893,9.870000
20170930,20170911,91232N108,17527,9.730000
20170930,20170901,91232N108,576231,9.630000
20170930,20170912,91232N108,365696,9.820000
20170930,20170908,91232N108,88573,10.030000
20171015,20170926,91232N108,118516,10.550000
20171015,20170922,91232N108,120466,10.250000
20171015,20170915,91232N108,2987280,10.130000
20171015,20170920,91232N108,1109678,10.110000
20171015,20170921,91232N108,590644,10.240000
20171015,20170925,91232N108,140420,10.240000
20171015,20170928,91232N108,6880700,10.520000
20171015,20170919,91232N108,2864752,10.170000
20171015,20170918,91232N108,6381071,10.200000
20171015,20170929,91232N108,5176413,10.430000
20171015,20170927,91232N108,8524757,10.490000
20171031,20171013,91232N108,140143,10.230000
20171031,20171004,91232N108,112817,10.180000
20171031,20171002,91232N108,1620400,10.430000
20171031,20171005,91232N108,55767,10.080000
20171031,20171003,91232N108,1039591,10.210000
20171031,20171010,91232N108,230704,10.000000
20171031,20171011,91232N108,569781,10.280000
20171031,20171006,91232N108,87114,10.250000
20171031,20171012,91232N108,93792,10.360000
20171115,20171026,91232N108,626489,10.480000
20171115,20171017,91232N108,63826,10.460000
20171115,20171030,91232N108,321655,10.840000
20171115,20171023,91232N108,298208,10.430000
20171115,20171018,91232N108,67153,10.490000
20171115,20171027,91232N108,2654165,10.570000
20171115,20171024,91232N108,140386,10.420000
20171115,20171031,91232N108,4751184,10.870000
20171115,20171016,91232N108,187747,10.370000
20171115,20171025,91232N108,9307,10.540000
20171115,20171019,91232N108,251000,10.480000
20171115,20171020,91232N108,233540,10.350000
20171130,20171102,91232N108,148052,10.900000
20171130,20171101,91232N108,936678,10.930000
20171130,20171106,91232N108,1613606,11.180000
20171130,20171113,91232N108,9399737,11.420000
20171130,20171110,91232N108,8832870,11.460000
20171130,20171114,91232N108,1587394,11.380000
20171130,20171108,91232N108,1908480,11.490000
20171130,20171107,91232N108,1613520,11.510000
20171130,20171103,91232N108,83796,10.990000
20171130,20171109,91232N108,2424446,11.410000
20171215,20171129,91232N108,1294255,11.580000
20171215,20171116,91232N108,125611,11.090000
20171215,20171117,91232N108,39609,11.070000
20171215,20171127,91232N108,3323,11.790000
20171215,20171121,91232N108,2961779,11.280000
20171215,20171130,91232N108,28402,11.470000
20171215,20171124,91232N108,172635,11.600000
20171215,20171128,91232N108,1484506,11.590000
20171215,20171122,91232N108,889700,11.400000
20171215,20171120,91232N108,831531,11.350000
20171215,20171115,91232N108,1015969,11.130000
20171231,20171208,91232N108,365546,11.330000
20171231,20171205,91232N108,1103571,11.490000
20171231,20171213,91232N108,425732,11.440000
20171231,20171212,91232N108,112958,11.600000
20171231,20171206,91232N108,817,11.540000
20171231,20171214,91232N108,2637312,11.330000
20171231,20171211,91232N108,309750,11.490000
20171231,20171207,91232N108,2261180,11.200000
20171231,20171204,91232N108,3096681,11.670000
20171231,20171201,91232N108,1914865,11.470000
20180115,20171221,91232N108,243518,11.610000
20180115,20171215,91232N108,1503069,11.430000
20180115,20171229,91232N108,1228744,11.970000
20180115,20171218,91232N108,1367287,11.460000
20180115,20171228,91232N108,2806902,11.920000
20180115,20171227,91232N108,13018,11.950000
20180115,20171222,91232N108,221232,11.640000
20180115,20171220,91232N108,3233962,11.510000
20180115,20171226,91232N108,94392,11.660000
20180115,20171219,91232N108,865692,11.440000
20180131,20180108,91232N108,4021357,12.310000
20180131,20180111,91232N108,775834,12.680000
20180131,20180110,91232N108,319,12.570000
20180131,20180109,91232N108,266692,12.380000
20180131,20180104,91232N108,2172988,12.340000
20180131,20180112,91232N108,1077550,12.700000
20180131,20180103,91232N108,60047,12.070000
20180131,20180102,91232N108,192833,12.010000
20180131,20180105,91232N108,8386154,12.370000
20180215,20180124,91232N108,867209,12.970000
20180215,20180130,91232N108,91270,13.110000
20180215,20180122,91232N108,429927,12.720000
20180215,20180117,91232N108,33010,12.760000
20180215,20180125,91232N108,368771,13.220000
20180215,20180131,91232N108,100415,12.900000
20180215,20180118,91232N108,203995,12.780000
20180215,20180126,91232N108,56844,13.060000
20180215,20180116,91232N108,824022,12.870000
20180215,20180119,91232N108,1298996,12.760000
20180215,20180123,91232N108,4814143,12.780000
20180215,20180129,91232N108,7900,13.240000
20180228,20180207,91232N108,662587,12.700000
20180228,20180205,91232N108,151357,13.040000
20180228,20180209,91232N108,1870806,12.090000
20180228,20180212,91232N108,1523757,11.860000
20180228,20180201,91232N108,2287354,12.980000
20180228,20180208,91232N108,1322002,12.370000
20180228,20180202,91232N108,520818,13.240000
20180228,20180213,91232N108,1000,11.890000
20180315,20180215,91232N108,468447,12.180000
20180315,20180220,91232N108,11480,12.380000
20180315,20180226,91232N108,92483,12.770000
20180315,20180223,91232N108,270898,12.590000
20180315,20180216,91232N108,233753,12.330000
20180315,20180222,91232N108,601197,12.290000
20180315,20180228,91232N108,43076,12.650000
20180315,20180221,91232N108,19040,12.390000
20180315,20180227,91232N108,75500,12.860000
20180331,20180305,91232N108,639745,12.370000
20180331,20180302,91232N108,132949,12.350000
20180331,20180307,91232N108,400,12.570000
20180331,20180309,91232N108,254459,12.150000
20180331,20180313,91232N108,26440,12.370000
20180331,20180314,91232N108,34324,12.240000
20180331,20180308,91232N108,1082533,12.350000
20180331,20180301,91232N108,15783,12.370000
20180331,20180306,91232N108,956118,12.590000
20180415,20180319,91232N108,38479,12.550000
20180415,20180323,91232N108,737976,12.950000
20180415,20180327,91232N108,129764,13.210000
20180415,20180320,91232N108,8069500,12.550000
20180415,20180316,91232N108,9075,12.340000
20180415,20180326,91232N108,229702,13.280000
20180415,20180322,91232N108,2433605,13.180000
20180415,20180321,91232N108,2580867,12.810000
20180415,20180315,91232N108,700584,12.280000
20180415,20180328,91232N108,1460939,13.080000
20180415,20180329,91232N108,2359250,13.040000
20180430,20180403,91232N108,275272,12.740000
20180430,20180410,91232N108,2159,12.770000
20180430,20180404,91232N108,1257954,12.810000
20180430,20180402,91232N108,412027,13.090000
20180430,20180412,91232N108,7217,13.450000
20180430,20180409,91232N108,37079,12.510000
20180430,20180413,91232N108,216676,13.520000
20180430,20180411,91232N108,2465122,13.250000
20180430,20180405,91232N108,15301,12.820000
20180515,20180416,91232N108,960678,13.550000
20180515,20180417,91232N108,141332,13.380000
20180515,20180424,91232N108,417496,13.920000
20180515,20180426,91232N108,303227,13.720000
20180515,20180418,91232N108,164793,13.410000
20180515,20180425,91232N108,18434,13.680000
20180515,20180427,91232N108,577562,13.770000
20180515,20180419,91232N108,476141,13.880000
20180515,20180420,91232N108,173332,13.770000
20180515,20180423,91232N108,86067,13.750000
20180531,20180503,91232N108,97542,13.670000
20180531,20180509,91232N108,100627,14.060000
20180531,20180514,91232N108,434348,14.250000
20180531,20180504,91232N108,77165,13.820000
20180531,20180510,91232N108,110540,14.370000
20180531,20180511,91232N108,152285,14.410000
20180531,20180501,91232N108,349242,13.800000
20180531,20180508,91232N108,139294,14.100000
20180531,20180502,91232N108,49853,13.610000
20180531,20180507,91232N108,8534,14.090000
20180615,20180524,91232N108,937066,14.510000
20180615,20180530,91232N108,600,13.510000
20180615,20180523,91232N108,2911,14.560000
20180615,20180518,91232N108,2002,14.490000
20180615,20180529,91232N108,20000,13.680000
20180615,20180517,91232N108,375239,14.460000
20180615,20180516,91232N108,961086,14.400000
20180615,20180515,91232N108,843243,14.380000
20180615,20180531,91232N108,13791,13.830000
20180615,20180521,91232N108,479301,14.430000
20180615,20180525,91232N108,844448,14.290000
20180615,20180522,91232N108,469289,14.670000
20180630,20180606,91232N108,474068,13.220000
20180630,20180607,91232N108,382331,13.160000
20180630,20180612,91232N108,419649,13.360000
20180630,20180605,91232N108,853213,13.120000
20180630,20180614,91232N108,162391,13.470000
20180630,20180601,91232N108,1905,13.550000
20180630,20180611,91232N108,672323,13.270000
20180630,20180608,91232N108,142,13.350000
20180630,20180613,91232N108,16996,13.400000
20180715,20180615,91232N108,131741,13.520000
20180715,20180627,91232N108,244770,14.270000
20180715,20180625,91232N108,288853,14.020000
20180715,20180628,91232N108,228491,14.650000
20180715,20180618,91232N108,48282,13.050000
20180715,20180629,91232N108,1063092,14.860000
20180715,20180626,91232N108,82736,13.770000
20180715,20180619,91232N108,876155,13.290000
20180715,20180620,91232N108,52807,13.140000
20180715,20180621,91232N108,208909,13.280000
20180731,20180702,91232N108,2385445,15.060000
20180731,20180706,91232N108,735166,14.780000
20180731,20180709,91232N108,25964,14.960000
20180731,20180711,91232N108,1116743,15.070000
20180731,20180703,91232N108,246010,14.960000
20180731,20180713,91232N108,240,14.390000
20180731,20180710,91232N108,453810,15.030000
20180731,20180712,91232N108,456102,14.310000
20180731,20180705,91232N108,2444881,14.920000
20180815,20180725,91232N108,22750,14.230000
20180815,20180731,91232N108,146514,14.540000
20180815,20180716,91232N108,724732,14.470000
20180815,20180718,91232N108,1380785,13.950000
20180815,20180720,91232N108,31546,14.130000
20180815,20180726,91232N108,33648,14.420000
20180815,20180717,91232N108,138418,13.940000
20180815,20180727,91232N108,22184,14.470000
20180815,20180723,91232N108,33075,14.150000
20180815,20180730,91232N108,127802,14.320000
20180815,20180724,91232N108,505550,14.090000
20180831,20180814,91232N108,34655,14.010000
20180831,20180813,91232N108,366961,14.080000
20180831,20180806,91232N108,557,14.270000
20180831,20180807,91232N108,405595,14.310000
20180831,20180801,91232N108,1959,14.280000
20180831,20180803,91232N108,799753,14.360000
20180831,20180809,91232N108,51096,13.900000
20180831,20180808,91232N108,196210,14.360000
20180831,20180810,91232N108,860172,13.880000
20180831,20180802,91232N108,33,14.090000
20180915,20180824,91232N108,345398,14.270000
20180915,20180820,91232N108,896612,13.690000
20180915,20180823,91232N108,36952,14.270000
20180915,20180829,91232N108,733891,14.430000
20180915,20180817,91232N108,1947168,13.630000
20180915,20180828,91232N108,350824,14.500000
20180915,20180816,91232N108,33927,13.510000
20180915,20180831,91232N108,2131658,14.750000
20180915,20180827,91232N108,33165,14.430000
20180915,20180822,91232N108,30616,13.830000
20180915,20180821,91232N108,37366,13.760000
20180915,20180830,91232N108,1578690,14.660000
20180915,20180815,91232N108,114670,13.990000
20180930,20180912,91232N108,331456,14.600000
20180930,20180905,91232N108,190671,14.580000
20180930,20180907,91232N108,4174,14.300000
20180930,20180913,91232N108,875922,14.780000
20180930,20180911,91232N108,1214157,14.210000
20180930,20180914,91232N108,1705357,14.490000
20180930,20180910,91232N108,434786,14.280000
20180930,20180904,91232N108,1083483,14.710000
20180930,20180906,91232N108,975033,14.490000
20181015,20180918,91232N108,510776,14.470000
20181015,20180928,91232N108,32145,15.260000
20181015,20180917,91232N108,1111689,14.500000
20181015,20180924,91232N108,127185,14.960000
20181015,20180925,91232N108,14037,15.250000
20181015,20180920,91232N108,192344,14.940000
20181015,20180919,91232N108,38614,14.690000
20181015,20180921,91232N108,394706,14.800000
20181015,20180927,91232N108,797063,15.110000
20181015,20180926,91232N108,291313,15.270000
20181031,20181010,91232N108,1276098,15.820000
20181031,20181001,91232N108,263205,15.520000
20181031,20181002,91232N108,596447,15.950000
20181031,20181005,91232N108,406129,15.740000
20181031,20181012,91232N108,32139,14.950000
20181031,20181003,91232N108,661362,15.870000
20181031,20181004,91232N108,356,16.080000
20181031,20181009,91232N108,201063,15.680000
20181031,20181011,91232N108,1359,15.380000
20181115,20181016,91232N108,6497,15.130000
20181115,20181022,91232N108,203262,14.720000
20181115,20181030,91232N108,8078,14.110000
20181115,20181017,91232N108,2689,15.190000
20181115,20181018,91232N108,230,14.820000
20181115,20181029,91232N108,79626,14.330000
20181115,20181024,91232N108,44965,14.040000
20181115,20181015,91232N108,616118,15.120000
20181115,20181025,91232N108,915434,14.050000
20181115,20181019,91232N108,78470,14.560000
20181115,20181023,91232N108,545688,14.740000
20181115,20181031,91232N108,518492,14.030000
20181130,20181108,91232N108,30000,13.060000
20181130,20181105,91232N108,9522,13.310000
20181130,20181114,91232N108,710950,11.690000
20181130,20181101,91232N108,734309,13.790000
20181130,20181109,91232N108,437022,12.840000
20181130,20181107,91232N108,22052,13.180000
20181130,20181113,91232N108,816894,12.480000
20181215,20181116,91232N108,35426,11.980000
20181215,20181123,91232N108,2886,11.520000
20181215,20181121,91232N108,15784,11.270000
20181215,20181127,91232N108,2902,10.940000
20181215,20181119,91232N108,33826,12.070000
20181215,20181129,91232N108,2937946,10.660000
20181215,20181128,91232N108,796,10.950000
20181215,20181120,91232N108,133326,12.140000
20181231,20181205,91232N108,24643,11.180000
20181231,20181210,91232N108,469711,11.110000
20181231,20181211,91232N108,1731308,10.750000
20181231,20181204,91232N108,406023,11.270000
20181231,20181214,91232N108,9915,11.210000
20181231,20181213,91232N108,38029,10.820000
20181231,20181212,91232N108,76232,10.950000
20181231,20181203,91232N108,335153,10.730000
20190115,20181227,91232N108,2829041,9.900000
20190115,20181224,91232N108,1120984,9.570000
20190115,20181231,91232N108,129161,9.530000
20190115,20181221,91232N108,67932,9.720000
20190115,20181228,91232N108,381741,9.620000
20190115,20181219,91232N108,98947,9.790000
20190115,20181217,91232N108,273906,10.820000
20190115,20181220,91232N108,653314,10.020000
20190115,20181226,91232N108,6246115,9.290000
20190131,20190107,91232N108,2103413,10.180000
20190131,20190102,91232N108,263180,9.660000
20190131,20190104,91232N108,372071,9.950000
20190131,20190114,91232N108,1149770,10.900000
20190131,20190108,91232N108,335946,10.290000
20190131,20190111,91232N108,936071,11.100000
20190131,20190110,91232N108,54764,11.050000
20190131,20190109,91232N108,443566,10.500000
20190215,20190131,91232N108,251377,11.400000
20190215,20190117,91232N108,19105,11.060000
20190215,20190123,91232N108,207565,11.120000
20190215,20190116,91232N108,2853718,11.000000
20190215,20190125,91232N108,18492,11.170000
20190215,20190130,91232N108,141334,11.160000
20190215,20190129,91232N108,797,10.950000
20190215,20190115,91232N108,2982124,10.690000
20190215,20190124,91232N108,271291,11.050000
20190215,20190128,91232N108,5678,11.250000
20190215,20190122,91232N108,10861,11.310000
20190215,20190118,91232N108,7565,11.030000
20190228,20190205,91232N108,2513,11.500000
20190228,20190206,91232N108,130355,11.290000
20190228,20190207,91232N108,14155,11.320000
20190228,20190204,91232N108,719,11.630000
20190228,20190201,91232N108,105092,11.350000
20190228,20190208,91232N108,9972,11.070000
20190228,20190212,91232N108,25121,11.010000
20190315,20190228,91232N108,451,11.890000
20190315,20190220,91232N108,2018876,11.780000
20190315,20190225,91232N108,191631,11.950000
20190315,20190221,91232N108,2331995,11.930000
20190315,20190215,91232N108,2433,11.480000
20190315,20190226,91232N108,63728,11.570000
20190315,20190222,91232N108,232431,11.880000
20190315,20190219,91232N108,25483,11.710000
20190331,20190314,91232N108,15302,12.190000
20190331,20190313,91232N108,611669,11.890000
20190331,20190312,91232N108,337959,11.860000
20190331,20190305,91232N108,778273,11.800000
20190331,20190304,91232N108,8425,11.660000
20190331,20190311,91232N108,138452,11.730000
20190331,20190301,91232N108,500,11.950000
20190331,20190306,91232N108,124134,11.820000
20190331,20190307,91232N108,517552,11.750000
20190415,20190327,91232N108,2200042,12.470000
20190415,20190320,91232N108,87816,12.280000
20190415,20190319,91232N108,1357454,12.310000
20190415,20190329,91232N108,121280,12.350000
20190415,20190318,91232N108,3038749,12.200000
20190415,20190326,91232N108,88449,12.250000
20190415,20190328,91232N108,1806470,12.340000
20190415,20190325,91232N108,134519,12.230000
20190415,20190315,91232N108,1663580,12.220000
20190415,20190321,91232N108,421,12.500000
20190430,20190410,91232N108,809432,13.330000
20190430,20190403,91232N108,280082,13.010000
20190430,20190409,91232N108,1049259,13.400000
20190430,20190412,91232N108,213294,13.270000
20190430,20190405,91232N108,1174112,12.920000
20190430,20190402,91232N108,6261,12.820000
20190430,20190404,91232N108,1501541,12.990000
20190430,20190408,91232N108,50574,13.150000
20190430,20190401,91232N108,49203,12.500000
20190430,20190411,91232N108,597508,13.410000
20190515,20190415,91232N108,2349,13.300000
20190515,20190418,91232N108,2577071,13.280000
20190515,20190429,91232N108,943095,13.090000
20190515,20190425,91232N108,251380,13.680000
20190515,20190426,91232N108,166603,13.530000
20190515,20190416,91232N108,596772,13.240000
20190515,20190424,91232N108,1097632,13.790000
20190515,20190430,91232N108,2305,13.230000
20190515,20190423,91232N108,4606732,13.670000
20190515,20190417,91232N108,1070,13.370000
20190515,20190422,91232N108,3361926,13.320000
20190531,20190510,91232N108,16017,12.810000
20190531,20190514,91232N108,2433,12.680000
20190531,20190501,91232N108,500,13.290000
20190531,20190509,91232N108,44148,12.890000
20190531,20190506,91232N108,186955,12.870000
20190531,20190503,91232N108,164329,12.820000
20190531,20190508,91232N108,203215,12.730000
20190531,20190507,91232N108,34009,13.070000
20190615,20190516,91232N108,34456,12.970000
20190615,20190524,91232N108,90738,12.090000
20190615,20190520,91232N108,124817,13.080000
20190615,20190522,91232N108,19441,13.130000
20190615,20190531,91232N108,157509,11.760000
20190615,20190517,91232N108,28190,13.140000
20190615,20190515,91232N108,412316,12.870000
20190615,20190521,91232N108,198238,13.150000
20190615,20190529,91232N108,1852,12.230000
20190615,20190523,91232N108,62562,12.740000
20190615,20190530,91232N108,50463,12.240000
20190630,20190614,91232N108,29298,10.880000
20190630,20190612,91232N108,39221,11.110000
20190630,20190605,91232N108,55495,11.160000
20190630,20190603,91232N108,105663,11.100000
20190630,20190613,91232N108,429,10.640000
20190630,20190607,91232N108,246843,11.060000
20190630,20190610,91232N108,3654,11.230000
20190630,20190606,91232N108,261523,10.770000
20190630,20190604,91232N108,680,10.990000
20190715,20190627,91232N108,205118,12.290000
20190715,20190618,91232N108,7299,10.810000
20190715,20190620,91232N108,1446,11.330000
20190715,20190626,91232N108,95297,12.000000
20190715,20190625,91232N108,539477,12.010000
20190715,20190621,91232N108,132231,11.850000
20190715,20190624,91232N108,119997,11.970000
20190715,20190628,91232N108,293104,12.290000
20190715,20190619,91232N108,129264,11.250000
20190731,20190703,91232N108,17793,11.700000
20190731,20190708,91232N108,14985,11.950000
20190731,20190712,91232N108,1359104,12.550000
20190731,20190705,91232N108,2675,11.770000
20190731,20190701,91232N108,1090769,12.040000
20190731,20190710,91232N108,119444,12.040000
20190731,20190709,91232N108,2913,11.930000
20190731,20190702,91232N108,157951,12.280000
20190731,20190711,91232N108,45093,12.530000
20190815,20190719,91232N108,45751,11.560000
20190815,20190729,91232N108,166786,11.650000
20190815,20190723,91232N108,4302866,11.680000
20190815,20190726,91232N108,854491,11.600000
20190815,20190730,91232N108,39212,11.820000
20190815,20190722,91232N108,101976,11.670000
20190815,20190731,91232N108,251249,12.080000
20190815,20190724,91232N108,2521923,11.810000
20190815,20190725,91232N108,9688,11.590000
20190815,20190718,91232N108,133244,11.750000
20190815,20190716,91232N108,755516,12.300000
20190815,20190715,91232N108,2355366,12.520000
20190831,20190805,91232N108,861,11.480000
20190831,20190812,91232N108,48760,11.280000
20190831,20190809,91232N108,108100,10.960000
20190831,20190814,91232N108,116977,11.870000
20190831,20190801,91232N108,879260,12.040000
20190831,20190807,91232N108,206051,11.140000
20190831,20190802,91232N108,123255,11.310000
20190831,20190813,91232N108,84763,11.360000
20190831,20190806,91232N108,186686,11.370000
20190831,20190808,91232N108,122592,10.840000
20190915,20190819,91232N108,348,11.400000
20190915,20190820,91232N108,309411,11.660000
20190915,20190816,91232N108,78006,11.350000
20190915,20190829,91232N108,248,11.640000
20190915,20190830,91232N108,683297,11.780000
20190915,20190826,91232N108,147370,11.190000
20190915,20190827,91232N108,138082,11.180000
20190915,20190815,91232N108,102764,11.440000
20190915,20190823,91232N108,335695,11.530000
20190915,20190822,91232N108,121061,11.610000
20190930,20190904,91232N108,547777,11.220000
20190930,20190903,91232N108,634022,11.460000
20190930,20190905,91232N108,1031934,11.710000
20190930,20190909,91232N108,1088215,11.770000
20190930,20190906,91232N108,953321,11.700000
20190930,20190910,91232N108,1360,12.080000
20190930,20190911,91232N108,2098,11.980000
20190930,20190912,91232N108,680,11.680000
20191015,20190916,91232N108,16968,11.440000
20191015,20190925,91232N108,9269,11.900000
20191015,20190924,91232N108,153299,12.210000
20191015,20190923,91232N108,255198,12.200000
20191015,20190920,91232N108,42476,12.190000
20191015,20190918,91232N108,3739,12.290000
20191015,20190919,91232N108,77817,12.100000
20191015,20190926,91232N108,29359,11.800000
20191031,20191001,91232N108,2120,11.340000
20191031,20191003,91232N108,47353,10.980000
20191031,20191004,91232N108,214373,10.930000
20191031,20191008,91232N108,1423,11.040000
20191031,20191009,91232N108,26147,10.890000
20191031,20191011,91232N108,15744,11.190000
20191031,20191010,91232N108,40858,10.990000
20191115,20191021,91232N108,7429,11.220000
20191115,20191018,91232N108,99727,11.280000
20191115,20191028,91232N108,21298,11.830000
20191115,20191016,91232N108,17001,11.060000
20191115,20191030,91232N108,3639,11.580000
20191115,20191031,91232N108,453381,11.470000
20191115,20191022,91232N108,4254,11.210000
20191115,20191015,91232N108,70164,11.180000
20191115,20191024,91232N108,128325,11.650000
20191115,20191029,91232N108,73736,11.650000
20191115,20191025,91232N108,22415,11.730000
20191115,20191017,91232N108,23028,11.140000
20191130,20191101,91232N108,43704,11.300000
20191130,20191108,91232N108,536084,11.880000
20191130,20191104,91232N108,843644,11.690000
20191130,20191105,91232N108,17433,11.810000
20191130,20191106,91232N108,408451,11.930000
20191130,20191107,91232N108,505812,11.810000
20191130,20191112,91232N108,168171,11.890000
20191130,20191114,91232N108,26064,11.960000
20191130,20191113,91232N108,1468125,11.870000
20191215,20191118,91232N108,4633,12.080000
20191215,20191125,91232N108,1383791,12.110000
20191215,20191121,91232N108,790101,11.900000
20191215,20191129,91232N108,1027112,12.140000
20191215,20191115,91232N108,90392,11.910000
20191215,20191127,91232N108,780765,12.190000
20191215,20191122,91232N108,1175138,12.200000
20191215,20191120,91232N108,70600,11.570000
20191215,20191126,91232N108,570790,12.110000
20191215,20191119,91232N108,2177988,11.900000
20191231,20191204,91232N108,51421,11.760000
20191231,20191209,91232N108,764179,12.320000
20191231,20191202,91232N108,4554,11.620000
20191231,20191213,91232N108,3631619,12.370000
20191231,20191205,91232N108,299932,12.190000
20191231,20191203,91232N108,5538,11.670000
20191231,20191206,91232N108,220717,12.190000
20191231,20191211,91232N108,2047973,12.390000
20191231,20191212,91232N108,1068125,12.300000
20191231,20191210,91232N108,1634961,12.330000
20200115,20191216,91232N108,421102,12.490000
20200115,20191231,91232N108,10130,12.890000
20200115,20191219,91232N108,34665,12.740000
20200115,20191230,91232N108,83242,12.910000
20200115,20191218,91232N108,273127,12.720000
20200115,20191220,91232N108,931417,12.780000
20200115,20191224,91232N108,1174458,12.700000
20200115,20191217,91232N108,40878,12.590000
20200115,20191223,91232N108,245415,12.630000
20200115,20191226,91232N108,295402,12.770000
20200115,20191227,91232N108,200344,12.890000
20200131,20200110,91232N108,53788,12.490000
20200131,20200109,91232N108,461,12.660000
20200131,20200107,91232N108,20423,13.160000
20200131,20200106,91232N108,180294,13.180000
20200131,20200114,91232N108,39638,12.200000
20200131,20200108,91232N108,95905,13.130000
20200131,20200102,91232N108,407836,12.810000
20200131,20200103,91232N108,167074,12.810000
20200215,20200130,91232N108,94572,11.160000
20200215,20200127,91232N108,84356,11.430000
20200215,20200117,91232N108,1118,12.290000
20200215,20200121,91232N108,11286,12.330000
20200215,20200115,91232N108,51755,12.280000
20200215,20200131,91232N108,42149,11.080000
20200215,20200116,91232N108,89181,12.180000
20200215,20200128,91232N108,134559,11.100000
20200215,20200129,91232N108,645451,11.250000
20200215,20200123,91232N108,207810,11.900000
20200215,20200122,91232N108,311425,12.240000
20200531,20200508,91232N207,120694,20.470000
20200531,20200501,91232N207,227672,19.120000
20200531,20200514,91232N207,228146,20.600000
20200531,20200511,91232N207,17296,21.470000
20200531,20200505,91232N207,83687,19.670000
20200531,20200507,91232N207,64750,20.850000
20200531,20200513,91232N207,9483,20.970000
20200531,20200504,91232N207,233423,18.860000
20200531,20200512,91232N207,12807,21.170000
20200615,20200527,91232N207,7200,25.660000
20200615,20200529,91232N207,22786,25.030000
20200615,20200521,91232N207,84979,25.340000
20200615,20200518,91232N207,15298,22.390000
20200615,20200515,91232N207,17651,21.450000
20200615,20200522,91232N207,74250,26.600000
20200615,20200528,91232N207,8628,25.000000
20200615,20200520,91232N207,12512,24.440000
20200615,20200526,91232N207,54489,25.570000
20200615,20200519,91232N207,6860,24.310000
20200630,20200602,91232N207,14175,26.220000
20200630,20200604,91232N207,70283,27.120000
20200630,20200601,91232N207,1135,25.880000
20200630,20200611,91232N207,71810,28.430000
20200630,20200610,91232N207,43125,28.420000
20200630,20200609,91232N207,28340,28.370000
20200630,20200605,91232N207,15058,27.500000
20200630,20200608,91232N207,6779,28.870000
20200630,20200603,91232N207,18606,27.070000
20200630,20200612,91232N207,37402,26.360000
20200715,20200618,91232N207,6695,27.280000
20200715,20200626,91232N207,6721,27.940000
20200715,20200622,91232N207,16619,28.230000
20200715,20200617,91232N207,27163,27.640000
20200715,20200616,91232N207,5002,26.980000
20200715,20200619,91232N207,21620,27.890000
20200715,20200623,91232N207,220550,28.980000
20200715,20200615,91232N207,1723735,26.430000
20200715,20200624,91232N207,15811,28.720000
20200715,20200630,91232N207,800,28.270000
20200715,20200625,91232N207,8188,27.250000
20200715,20200629,91232N207,1782,27.360000
20200731,20200709,91232N207,5582,29.180000
20200731,20200702,91232N207,5966,28.350000
20200731,20200714,91232N207,1010,28.500000
20200731,20200701,91232N207,18982,28.060000
20200731,20200706,91232N207,1988,28.750000
20200731,20200707,91232N207,4277,28.960000
20200731,20200710,91232N207,14728,28.410000
20200815,20200716,91232N207,459,29.290000
20200815,20200722,91232N207,1268,29.720000
20200815,20200721,91232N207,467,29.120000
20200815,20200730,91232N207,4301,29.570000
20200815,20200724,91232N207,2716,29.410000
20200815,20200728,91232N207,282,29.720000
20200815,20200720,91232N207,17,29.100000
20200815,20200715,91232N207,31492,28.880000
20200815,20200729,91232N207,565,29.350000
20200815,20200723,91232N207,29827,29.750000
20200815,20200727,91232N207,535,29.440000
20200815,20200717,91232N207,2626,29.160000
20200831,20200807,91232N207,2059,30.180000
20200831,20200812,91232N207,3275,29.820000
20200831,20200813,91232N207,1935,30.560000
20200831,20200810,91232N207,2219,29.850000
20200831,20200814,91232N207,364,30.400000
20200831,20200803,91232N207,23,29.070000
20200831,20200806,91232N207,256,30.230000
20200831,20200811,91232N207,2118,30.160000
20200915,20200819,91232N207,17237,30.600000
20200915,20200820,91232N207,124,30.660000
20200915,20200817,91232N207,2915,30.330000
20200915,20200827,91232N207,2313,30.930000
20200915,20200826,91232N207,1300,30.920000
20200915,20200828,91232N207,1337,30.670000
20200915,20200825,91232N207,48103,30.350000
20200915,20200821,91232N207,2323,30.520000
20200930,20200904,91232N207,37325,29.640000
20200930,20200902,91232N207,6,30.610000
20200930,20200909,91232N207,616,26.750000
20200930,20200901,91232N207,900,30.580000
20200930,20200903,91232N207,5923,29.860000
20200930,20200908,91232N207,735,28.510000
20201015,20200915,91232N207,87,26.940000
20201015,20200918,91232N207,6726,29.230000
20201015,20200921,91232N207,2458,29.060000
20201015,20200923,91232N207,254,28.170000
20201015,20200922,91232N207,26298,28.290000
20201015,20200930,91232N207,4549,27.700000
20201015,20200925,91232N207,29158,28.500000
20201031,20201001,91232N207,29951,28.290000
20201031,20201006,91232N207,167247,27.930000
20201031,20201014,91232N207,1253,28.460000
20201031,20201013,91232N207,150,28.070000
20201031,20201005,91232N207,16651,26.350000
20201031,20201007,91232N207,116,28.390000
20201031,20201002,91232N207,2229,27.510000
20201031,20201009,91232N207,2959,29.140000
20201115,20201015,91232N207,4187,28.980000
20201115,20201019,91232N207,3057,28.720000
20201115,20201023,91232N207,22405,28.510000
20201115,20201028,91232N207,5853,27.690000
20201115,20201030,91232N207,9480,25.600000
20201115,20201016,91232N207,4841,28.940000
20201115,20201021,91232N207,9864,29.050000
20201115,20201029,91232N207,14781,26.310000
20201115,20201022,91232N207,2465,28.100000
20201115,20201027,91232N207,10413,27.110000
20201115,20201026,91232N207,127828,27.880000
20201115,20201020,91232N207,5092,28.590000
20201130,20201109,91232N207,1176,26.470000
20201130,20201112,91232N207,33699,29.040000
20201130,20201113,91232N207,16565,28.660000
20201130,20201106,91232N207,1603,27.160000
20201130,20201103,91232N207,19682,26.260000
20201130,20201105,91232N207,76374,27.440000
20201130,20201102,91232N207,102528,25.250000
20201130,20201110,91232N207,34263,28.070000
20201215,20201123,91232N207,16559,29.270000
20201215,20201125,91232N207,30581,30.800000
20201215,20201120,91232N207,36307,29.090000
20201215,20201119,91232N207,42009,29.000000
20201215,20201116,91232N207,39645,28.130000
20201215,20201118,91232N207,36622,28.870000
20201215,20201124,91232N207,34324,29.520000
20201215,20201117,91232N207,23321,28.810000
20201215,20201127,91232N207,259,31.370000
20201231,20201202,91232N207,6547,30.620000
20201231,20201214,91232N207,606,31.940000
20201231,20201208,91232N207,200,31.400000
20201231,20201207,91232N207,347,31.560000
20201231,20201210,91232N207,238,31.340000
20201231,20201201,91232N207,200,30.970000
20201231,20201203,91232N207,430,30.970000
20210115,20201221,91232N207,70810,33.480000
20210115,20201217,91232N207,153455,32.740000
20210115,20201216,91232N207,189069,32.540000
20210115,20201229,91232N207,1597,32.590000
20210115,20201218,91232N207,12892,33.160000
20210115,20201231,91232N207,45482,32.910000
20210115,20201230,91232N207,273,32.780000
20210115,20201223,91232N207,175,32.090000
20210115,20201215,91232N207,517,32.170000
20210115,20201222,91232N207,3631,32.640000
20210115,20201224,91232N207,2704,32.750000
20210115,20201228,91232N207,14304,32.920000
20210131,20210114,91232N207,32274,35.800000
20210131,20210106,91232N207,10200,33.940000
20210131,20210112,91232N207,680,35.260000
20210131,20210105,91232N207,2145,32.380000
20210131,20210113,91232N207,1732,35.900000
20210131,20210107,91232N207,48,34.110000
20210131,20210111,91232N207,1136,35.430000
20210131,20210104,91232N207,2676,33.010000
20210215,20210122,91232N207,33012,35.760000
20210215,20210121,91232N207,28730,35.790000
20210215,20210129,91232N207,41253,35.250000
20210215,20210125,91232N207,3361,35.230000
20210215,20210115,91232N207,19928,36.240000
20210215,20210126,91232N207,68855,35.590000
20210215,20210119,91232N207,77304,35.340000
20210215,20210127,91232N207,14451,35.450000
20210215,20210120,91232N207,225936,35.750000
20210228,20210203,91232N207,55953,36.820000
20210228,20210204,91232N207,159848,37.440000
20210228,20210210,91232N207,174239,39.170000
20210228,20210205,91232N207,14453,37.810000
20210228,20210212,91232N207,65644,38.970000
20210228,20210209,91232N207,2944,38.940000
20210228,20210208,91232N207,11215,38.190000
20210228,20210211,91232N207,238767,39.280000
20210228,20210202,91232N207,2847,36.120000
20210228,20210201,91232N207,17649,35.180000
20210315,20210226,91232N207,15500,42.460000
20210315,20210217,91232N207,18795,40.450000
20210315,20210218,91232N207,32652,40.890000
20210315,20210224,91232N207,3454,41.620000
20210315,20210225,91232N207,20357,42.500000
20210315,20210216,91232N207,399,39.940000
20210315,20210222,91232N207,698469,39.680000
20210315,20210219,91232N207,745095,40.270000
20210315,20210223,91232N207,288499,41.280000
20210331,20210308,91232N207,57,44.440000
20210331,20210305,91232N207,43924,43.070000
20210331,20210311,91232N207,209377,43.740000
20210331,20210312,91232N207,41211,44.600000
20210331,20210310,91232N207,2001,43.110000
20210331,20210302,91232N207,2016,40.600000
20210331,20210304,91232N207,73,41.140000
20210331,20210301,91232N207,153848,41.310000
20210331,20210303,91232N207,8090,40.070000
20210331,20210309,91232N207,52093,43.500000
20210415,20210315,91232N207,113757,44.350000
20210415,20210317,91232N207,4218,43.830000
20210415,20210316,91232N207,94888,44.260000
20210415,20210322,91232N207,34364,41.770000
20210415,20210329,91232N207,1022483,41.530000
20210415,20210330,91232N207,68360,41.920000
20210415,20210319,91232N207,1294,40.470000
20210415,20210326,91232N207,68020,39.890000
20210415,20210318,91232N207,659,43.820000
20210415,20210324,91232N207,775,39.370000
20210415,20210323,91232N207,292,41.710000
20210415,20210331,91232N207,3212,41.170000
20210415,20210325,91232N207,633724,41.450000
20210430,20210414,91232N207,2323,41.400000
20210430,20210406,91232N207,1682,40.280000
20210430,20210412,91232N207,148890,40.640000
20210430,20210407,91232N207,110163,40.700000
20210430,20210405,91232N207,515563,41.840000
20210430,20210413,91232N207,149079,40.900000
20210430,20210401,91232N207,68669,40.530000
20210430,20210408,91232N207,1020,40.860000
20210430,20210409,91232N207,26919,40.820000
20210515,20210427,91232N207,30,42.330000
20210515,20210430,91232N207,107517,44.260000
20210515,20210416,91232N207,5109,43.270000
20210515,20210423,91232N207,89690,42.090000
20210515,20210422,91232N207,9153,41.770000
20210515,20210420,91232N207,265771,43.320000
20210515,20210429,91232N207,59133,43.530000
20210515,20210426,91232N207,42123,42.460000
20210515,20210415,91232N207,13322,43.040000
20210515,20210421,91232N207,180811,42.740000
20210515,20210428,91232N207,6089,43.110000
20210515,20210419,91232N207,50528,43.180000
20210531,20210513,91232N207,447,45.220000
20210531,20210510,91232N207,439341,44.430000
20210531,20210507,91232N207,5360,44.410000
20210531,20210506,91232N207,40340,44.660000
20210531,20210505,91232N207,874,44.870000
20210531,20210504,91232N207,336,43.980000
20210531,20210514,91232N207,12802,43.810000
20210531,20210512,91232N207,182762,44.870000
20210531,20210503,91232N207,11244,43.270000
20210531,20210511,91232N207,341336,44.480000
20210615,20210526,91232N207,3565,44.920000
20210615,20210517,91232N207,12151,44.710000
20210615,20210521,91232N207,892247,42.480000
20210615,20210525,91232N207,33035,45.020000
20210615,20210518,91232N207,441,45.390000
20210615,20210519,91232N207,1104,44.840000
20210615,20210524,91232N207,1092,43.700000
20210615,20210527,91232N207,4859,45.200000
20210615,20210520,91232N207,109826,43.430000
20210615,20210528,91232N207,3414,45.550000
20210630,20210608,91232N207,6320,47.270000
20210630,20210611,91232N207,51467,47.830000
20210630,20210604,91232N207,367,46.970000
20210630,20210607,91232N207,14954,47.260000
20210630,20210603,91232N207,5600,46.900000
20210630,20210601,91232N207,149776,45.420000
20210630,20210602,91232N207,13900,46.330000
20210630,20210609,91232N207,3807,47.880000
20210715,20210617,91232N207,60236,48.750000
20210715,20210616,91232N207,5926,48.980000
20210715,20210618,91232N207,12128,48.040000
20210715,20210621,91232N207,17065,48.360000
20210715,20210623,91232N207,2055,49.420000
20210715,20210615,91232N207,147843,48.320000
20210715,20210629,91232N207,34074,49.540000
20210715,20210628,91232N207,762970,50.250000
20210715,20210622,91232N207,65379,49.360000
20210715,20210630,91232N207,34780,49.890000
20210715,20210625,91232N207,8327,49.840000
20210731,20210714,91232N207,45870,51.150000
20210731,20210701,91232N207,25316,49.880000
20210731,20210707,91232N207,369089,49.900000
20210731,20210709,91232N207,69507,49.520000
20210731,20210702,91232N207,174,50.620000
20210731,20210706,91232N207,195947,50.930000
20210731,20210708,91232N207,109455,48.660000
20210731,20210712,91232N207,199391,50.410000
20210731,20210713,91232N207,170550,50.310000
20210815,20210727,91232N207,505290,49.670000
20210815,20210726,91232N207,3506,49.470000
20210815,20210715,91232N207,15581,49.700000
20210815,20210730,91232N207,1722,50.640000
20210815,20210720,91232N207,336492,45.840000
20210815,20210723,91232N207,117171,49.170000
20210815,20210716,91232N207,3357,49.040000
20210815,20210729,91232N207,1700,49.720000
20210815,20210719,91232N207,94937,49.140000
20210815,20210728,91232N207,263631,49.470000
20210831,20210805,91232N207,489,47.200000
20210831,20210809,91232N207,15581,47.570000
20210831,20210803,91232N207,336935,49.180000
20210831,20210806,91232N207,55,48.100000
20210831,20210811,91232N207,15000,47.680000
20210831,20210804,91232N207,121895,48.850000
20210831,20210812,91232N207,639,48.300000
20210831,20210802,91232N207,12915,50.660000
20210831,20210810,91232N207,15002,46.600000
20210915,20210824,91232N207,40032,45.850000
20210915,20210819,91232N207,10055,45.400000
20210915,20210831,91232N207,395,48.400000
20210915,20210817,91232N207,12201,47.040000
20210915,20210818,91232N207,10000,46.580000
20210915,20210827,91232N207,197,47.480000
20210915,20210830,91232N207,1193,48.150000
20210915,20210826,91232N207,3710,47.810000
20210915,20210820,91232N207,23000,44.770000
20210915,20210825,91232N207,12752,47.370000
20210930,20210908,91232N207,7031,48.040000
20210930,20210913,91232N207,121916,48.800000
20210930,20210910,91232N207,200,47.750000
20210930,20210914,91232N207,27683,49.480000
20210930,20210907,91232N207,454400,48.660000
20210930,20210909,91232N207,16374,48.590000
20210930,20210902,91232N207,7675,47.930000
20210930,20210903,91232N207,689,48.950000
20210930,20210901,91232N207,114139,48.040000
20211015,20210915,91232N207,209719,49.310000
20211015,20210916,91232N207,39,50.690000
20211015,20210917,91232N207,208815,50.700000
20211015,20210930,91232N207,14001,52.320000
20211015,20210927,91232N207,52320,51.820000
20211015,20210921,91232N207,271679,49.600000
20211015,20210924,91232N207,152179,51.380000
20211015,20210928,91232N207,1139,52.910000
20211015,20210920,91232N207,12813,50.320000
20211015,20210929,91232N207,64772,52.400000
20211015,20210923,91232N207,4213,50.480000
20211015,20210922,91232N207,16498,49.580000
20211031,20211013,91232N207,372101,56.110000
20211031,20211005,91232N207,274649,54.490000
20211031,20211006,91232N207,311703,55.630000
20211031,20211001,91232N207,76389,52.560000
20211031,20211008,91232N207,6707,55.360000
20211031,20211012,91232N207,7573,56.180000
20211031,20211004,91232N207,252847,53.260000
20211031,20211014,91232N207,178786,56.160000
20211031,20211007,91232N207,324203,54.160000
20211115,20211021,91232N207,7458,58.120000
20211115,20211027,91232N207,16431,58.450000
20211115,20211029,91232N207,25085,57.400000
20211115,20211026,91232N207,19344,57.830000
20211115,20211025,91232N207,489,58.030000
20211115,20211015,91232N207,14780,56.810000
20211115,20211019,91232N207,80643,56.960000
20211115,20211028,91232N207,14,56.900000
20211115,20211018,91232N207,175842,57.150000
20211115,20211020,91232N207,19162,57.420000
20211115,20211022,91232N207,66919,57.410000
20211130,20211112,91232N207,185715,56.220000
20211130,20211105,91232N207,546461,54.920000
20211130,20211104,91232N207,21087,55.340000
20211130,20211102,91232N207,140827,57.530000
20211130,20211108,91232N207,462318,56.550000
20211130,20211103,91232N207,21992,57.530000
20211130,20211109,91232N207,214995,57.090000
20211130,20211101,91232N207,296277,57.150000
20211130,20211110,91232N207,4039,57.970000
20211215,20211115,91232N207,14393,55.980000
20211215,20211129,91232N207,244,49.630000
20211215,20211124,91232N207,3706,56.200000
20211215,20211126,91232N207,1723,55.880000
20211215,20211116,91232N207,134,56.070000
20211215,20211130,91232N207,338757,50.170000
20211215,20211119,91232N207,338805,55.550000
20211215,20211123,91232N207,368514,54.450000
20211215,20211122,91232N207,562856,53.780000
20211215,20211117,91232N207,14041,56.200000
20211231,20211209,91232N207,21188,52.420000
20211231,20211201,91232N207,611,47.910000
20211231,20211208,91232N207,74850,51.590000
20211231,20211207,91232N207,22864,50.510000
20211231,20211213,91232N207,666,52.030000
20211231,20211202,91232N207,731493,47.040000
20211231,20211203,91232N207,8150,48.290000
20211231,20211206,91232N207,30700,48.000000
20211231,20211210,91232N207,762,51.020000
20220115,20211223,91232N207,137525,52.480000
20220115,20211227,91232N207,85592,53.130000
20220115,20211216,91232N207,842215,51.620000
20220115,20211228,91232N207,25255,54.520000
20220115,20211220,91232N207,8,50.780000
20220115,20211217,91232N207,34472,51.870000
20220115,20211230,91232N207,222532,55.080000
20220115,20211222,91232N207,12188,51.570000
20220115,20211229,91232N207,311935,54.670000
20220115,20211221,91232N207,27271,49.900000
20220115,20211231,91232N207,22942,55.100000
20220115,20211215,91232N207,334310,50.920000
20220131,20220114,91232N207,35054,58.270000
20220131,20220110,91232N207,41920,56.670000
20220131,20220112,91232N207,42753,58.160000
20220131,20220106,91232N207,75417,55.430000
20220131,20220113,91232N207,544,58.910000
20220131,20220107,91232N207,161952,56.890000
20220131,20220104,91232N207,36656,54.830000
20220131,20220111,91232N207,17651,56.160000
20220131,20220105,91232N207,355962,55.590000
20220131,20220103,91232N207,23332,54.360000
20220215,20220127,91232N207,328930,61.680000
20220215,20220119,91232N207,145749,60.970000
20220215,20220131,91232N207,356597,61.970000
20220215,20220128,91232N207,2193070,61.860000
20220215,20220124,91232N207,115027,60.780000
20220215,20220125,91232N207,259540,60.110000
20220215,20220121,91232N207,142285,60.660000
20220215,20220120,91232N207,19209,61.050000
20220215,20220118,91232N207,9745,59.970000
20220215,20220126,91232N207,299980,60.970000
20220228,20220211,91232N207,66004,63.960000
20220228,20220204,91232N207,163710,63.510000
20220228,20220214,91232N207,5267,65.740000
20220228,20220209,91232N207,14088,63.620000
20220228,20220210,91232N207,17441,64.170000
20220228,20220207,91232N207,20834,64.910000
20220228,20220208,91232N207,24182,64.680000
20220228,20220202,91232N207,165140,62.530000
20220228,20220201,91232N207,280884,62.480000
20220228,20220203,91232N207,493610,62.520000
20220315,20220222,91232N207,14110,64.740000
20220315,20220216,91232N207,2399,64.280000
20220315,20220224,91232N207,4866,66.240000
20220315,20220228,91232N207,813446,65.800000
20220315,20220215,91232N207,45178,66.360000
20220315,20220217,91232N207,904794,63.540000
20220315,20220223,91232N207,627,65.540000
20220315,20220218,91232N207,16131,64.170000
20220315,20220225,91232N207,475412,66.340000
20220331,20220314,91232N207,4971,76.400000
20220331,20220302,91232N207,472699,71.820000
20220331,20220311,91232N207,551971,74.060000
20220331,20220308,91232N207,3078,82.370000
20220331,20220304,91232N207,101751,74.530000
20220331,20220301,91232N207,982333,67.480000
20220331,20220303,91232N207,92651,75.420000
20220331,20220309,91232N207,10925,85.430000
20220331,20220307,91232N207,5439,79.460000
20220331,20220310,91232N207,468,75.470000
20220415,20220323,91232N207,27092,78.560000
20220415,20220324,91232N207,13980,81.950000
20220415,20220321,91232N207,2475,74.640000
20220415,20220331,91232N207,3228,77.910000
20220415,20220318,91232N207,78320,73.680000
20220415,20220330,91232N207,2395,76.150000
20220415,20220315,91232N207,57384,72.840000
20220415,20220329,91232N207,1132,74.530000
20220415,20220322,91232N207,153125,79.540000
20220415,20220325,91232N207,2798,79.750000
20220415,20220316,91232N207,2289,68.630000
20220430,20220414,91232N207,6145,78.420000
20220430,20220405,91232N207,978,76.860000
20220430,20220404,91232N207,37,74.170000
20220430,20220407,91232N207,1404,73.050000
20220430,20220401,91232N207,2831,74.120000
20220430,20220413,91232N207,14421,75.980000
20220430,20220412,91232N207,481,72.300000
20220430,20220411,91232N207,45,74.110000
20220515,20220426,91232N207,1297,74.650000
20220515,20220427,91232N207,2362,76.460000
20220515,20220422,91232N207,621,78.120000
20220515,20220428,91232N207,4759,76.370000
20220515,20220418,91232N207,42098,79.570000
20220515,20220429,91232N207,4759,78.080000
20220515,20220425,91232N207,71,76.310000
20220515,20220421,91232N207,11494,77.240000
20220515,20220419,91232N207,551,80.410000
20220515,20220420,91232N207,2682,76.860000
20220531,20220510,91232N207,11804,76.570000
20220531,20220502,91232N207,39431,77.160000
20220531,20220503,91232N207,145927,78.380000
20220531,20220512,91232N207,37140,78.180000
20220531,20220504,91232N207,89674,76.690000
20220531,20220509,91232N207,68438,82.130000
20220531,20220505,91232N207,18039,80.220000
20220531,20220513,91232N207,4726,79.230000
20220531,20220511,91232N207,5047,74.530000
20220531,20220506,91232N207,94574,80.480000
20220615,20220517,91232N207,3111,83.110000
20220615,20220531,91232N207,10575,85.460000
20220615,20220520,91232N207,73993,80.580000
20220615,20220519,91232N207,109862,79.290000
20220615,20220526,91232N207,25116,82.480000
20220615,20220527,91232N207,9885,84.590000
20220615,20220524,91232N207,4797,81.970000
20220615,20220516,91232N207,4170,81.280000
20220615,20220523,91232N207,61816,81.650000
20220615,20220518,91232N207,24181,81.110000
20220630,20220613,91232N207,56581,90.130000
20220630,20220602,91232N207,85,85.540000
20220630,20220606,91232N207,8207,89.470000
20220630,20220614,91232N207,292138,90.360000
20220630,20220607,91232N207,2256,88.390000
20220630,20220609,91232N207,5617,91.990000
20220630,20220603,91232N207,559,87.250000
20220630,20220608,91232N207,298,90.040000
20220715,20220616,91232N207,466,86.930000
20220715,20220621,91232N207,30053,83.340000
20220715,20220627,91232N207,82923,81.270000
20220715,20220628,91232N207,817,82.930000
20220715,20220629,91232N207,27,84.720000
20220715,20220624,91232N207,1806,78.980000
20220715,20220622,91232N207,36965,84.050000
20220715,20220615,91232N207,988,88.450000
20220715,20220617,91232N207,127415,87.660000
20220731,20220711,91232N207,62326,78.540000
20220731,20220713,91232N207,202263,72.810000
20220731,20220707,91232N207,98793,73.670000
20220731,20220706,91232N207,16200,74.780000
20220731,20220712,91232N207,1488,78.230000
20220731,20220705,91232N207,2667,81.670000
20220731,20220708,91232N207,1831,76.550000
20220815,20220722,91232N207,8598,75.490000
20220815,20220728,91232N207,6324,77.870000
20220815,20220725,91232N207,58697,74.530000
20220815,20220720,91232N207,45606,78.050000
20220815,20220719,91232N207,89840,76.810000
20220815,20220715,91232N207,5643,72.850000
20220815,20220721,91232N207,45217,77.640000
20220815,20220727,91232N207,394966,75.160000
20220815,20220718,91232N207,17437,73.740000
20220815,20220729,91232N207,500,77.130000
20220831,20220808,91232N207,188632,71.540000
20220831,20220812,91232N207,119669,76.280000
20220831,20220802,91232N207,958,75.130000
20220831,20220811,91232N207,116889,74.320000
20220831,20220804,91232N207,16176,73.530000
20220831,20220805,91232N207,4065,71.530000
20220831,20220810,91232N207,121082,73.450000
20220831,20220803,91232N207,268,75.930000
20220831,20220801,91232N207,102473,78.050000
20220915,20220816,91232N207,22044,72.880000
20220915,20220818,91232N207,191390,72.050000
20220915,20220815,91232N207,125004,74.980000
20220915,20220823,91232N207,115123,74.680000
20220915,20220824,91232N207,78,76.830000
20220915,20220826,91232N207,120530,76.500000
20220915,20220829,91232N207,48262,75.850000
20220915,20220825,91232N207,22649,78.040000
20220915,20220831,91232N207,97377,75.470000
20220930,20220907,91232N207,26115,71.420000
20220930,20220914,91232N207,161866,72.010000
20220930,20220909,91232N207,5224,68.090000
20220930,20220913,91232N207,19059,72.370000
20220930,20220902,91232N207,106225,70.950000
20220930,20220906,91232N207,601,71.430000
20220930,20220901,91232N207,39929,73.110000
20220930,20220908,91232N207,275,67.620000
20221015,20220927,91232N207,178480,63.200000
20221015,20220928,91232N207,1400,64.420000
20221015,20220929,91232N207,72834,67.130000
20221015,20220923,91232N207,95569,68.970000
20221015,20220920,91232N207,377540,70.050000
20221015,20220916,91232N207,85613,69.760000
20221015,20220930,91232N207,20455,66.770000
20221015,20220922,91232N207,7817,68.680000
20221015,20220921,91232N207,33528,69.220000
20221015,20220919,91232N207,41108,69.900000
20221015,20220915,91232N207,58333,72.730000
20221015,20220926,91232N207,4316,65.320000
20221031,20221006,91232N207,2568,71.940000
20221031,20221014,91232N207,928,72.520000
20221031,20221011,91232N207,171,73.780000
20221031,20221003,91232N207,3034,65.280000
20221031,20221004,91232N207,4296,67.890000
20221031,20221012,91232N207,4255,71.750000
20221031,20221013,91232N207,9538,70.930000
20221031,20221005,91232N207,193,70.280000
20221031,20221007,91232N207,5273,72.990000
20221115,20221031,91232N207,20461,72.820000
20221115,20221025,91232N207,13055,70.380000
20221115,20221021,91232N207,1067,70.180000
20221115,20221020,91232N207,724,70.040000
20221115,20221028,91232N207,57021,73.620000
20221115,20221024,91232N207,635,70.570000
20221115,20221019,91232N207,958,68.700000
20221115,20221017,91232N207,951,70.170000
20221115,20221026,91232N207,56,70.610000
20221115,20221018,91232N207,2102,70.130000
20221130,20221102,91232N207,3433,73.120000
20221130,20221110,91232N207,118,71.670000
20221130,20221103,91232N207,17568,74.080000
20221130,20221109,91232N207,618,74.470000
20221130,20221107,91232N207,34255,76.820000
20221130,20221101,91232N207,3602,71.530000
20221130,20221114,91232N207,51751,74.380000
20221130,20221104,91232N207,9572,73.290000
20221130,20221108,91232N207,43620,76.560000
20221215,20221118,91232N207,79,70.140000
20221215,20221116,91232N207,8962,73.250000
20221215,20221129,91232N207,226,66.880000
20221215,20221125,91232N207,903,67.410000
20221215,20221115,91232N207,51006,71.910000
20221215,20221122,91232N207,7242,69.030000
20221215,20221117,91232N207,5114,72.040000
20221215,20221123,91232N207,3735,69.980000
20221215,20221128,91232N207,6250,66.960000
20221215,20221130,91232N207,2108,68.340000
20221231,20221205,91232N207,3050,69.840000
20221231,20221202,91232N207,1,70.450000
20221231,20221206,91232N207,1,67.720000
20221231,20221212,91232N207,7634,62.850000
20221231,20221208,91232N207,5136,63.650000
20221231,20221207,91232N207,9919,65.230000
20221231,20221209,91232N207,7644,62.710000
20221231,20221214,91232N207,684,65.860000
20221231,20221201,91232N207,69,70.230000
20230115,20221221,91232N207,422,66.220000
20230115,20221229,91232N207,20131,68.580000
20230115,20221228,91232N207,3402,69.530000
20230115,20221223,91232N207,1500,67.700000
20230115,20221220,91232N207,515405,66.070000
20230115,20221227,91232N207,1078,69.320000
20230115,20221216,91232N207,2760,66.150000
20230115,20221230,91232N207,23726,68.530000
20230115,20221222,91232N207,2442,68.060000
20230115,20221219,91232N207,66655,64.900000
20230131,20230112,91232N207,27000,68.050000
20230131,20230111,91232N207,377000,65.900000
20230131,20230103,91232N207,1033,70.110000
20230131,20230109,91232N207,27,64.830000
20230131,20230110,91232N207,931,65.880000
20230131,20230104,91232N207,48710,67.640000
20230131,20230113,91232N207,153,68.610000
20230215,20230117,91232N207,11120,70.050000
20230215,20230123,91232N207,34828,71.550000
20230215,20230118,91232N207,56217,70.860000
20230215,20230130,91232N207,524,69.500000
20230215,20230119,91232N207,85460,69.510000
20230215,20230124,91232N207,79903,71.500000
20230215,20230131,91232N207,66749,68.100000
20230215,20230120,91232N207,58650,70.590000
20230228,20230209,91232N207,274,68.680000
20230228,20230210,91232N207,15099,67.920000
20230228,20230208,91232N207,1516,67.760000
20230228,20230214,91232N207,29891,69.500000
20230228,20230206,91232N207,79361,64.400000
20230228,20230203,91232N207,191221,66.570000
20230228,20230201,91232N207,18590,69.320000
20230315,20230224,91232N207,33684,66.380000
20230315,20230223,91232N207,175,64.920000
20230315,20230228,91232N207,3166,66.250000
20230315,20230221,91232N207,84165,67.020000
20230315,20230216,91232N207,2017,69.020000
20230315,20230222,91232N207,185003,66.690000
20230315,20230215,91232N207,84675,69.400000
20230315,20230217,91232N207,152189,68.450000
20230315,20230227,91232N207,31581,67.100000
20230331,20230307,91232N207,43216,70.490000
20230331,20230303,91232N207,465426,68.300000
20230331,20230308,91232N207,260796,67.850000
20230331,20230314,91232N207,305,65.250000
20230331,20230310,91232N207,969,66.240000
20230331,20230301,91232N207,64443,67.210000
20230331,20230306,91232N207,327032,69.860000
20230331,20230313,91232N207,9447,67.140000
20230331,20230302,91232N207,456861,68.070000
20230415,20230331,91232N207,24849,65.320000
20230415,20230315,91232N207,25803,62.930000
20230415,20230316,91232N207,167133,60.020000
20230415,20230324,91232N207,2230,60.990000
20230415,20230317,91232N207,126322,60.050000
20230415,20230323,91232N207,2078,61.610000
20230415,20230330,91232N207,595322,64.150000
20230415,20230321,91232N207,65661,59.790000
20230415,20230322,91232N207,10937,61.230000
20230415,20230329,91232N207,1461,64.550000
20230415,20230327,91232N207,32,60.960000
20230430,20230406,91232N207,2069,70.240000
20230430,20230405,91232N207,2504,70.270000
20230430,20230411,91232N207,121,69.760000
20230430,20230413,91232N207,702,72.430000
20230430,20230403,91232N207,43840,66.440000
20230430,20230414,91232N207,1199,71.800000
20230430,20230410,91232N207,17738,70.260000
20230430,20230404,91232N207,27079,70.270000
20230515,20230418,91232N207,114373,70.840000
20230515,20230421,91232N207,462886,67.600000
20230515,20230427,91232N207,38,65.360000
20230515,20230417,91232N207,583,72.090000
20230515,20230420,91232N207,103314,69.300000
20230515,20230428,91232N207,9388,65.810000
20230515,20230419,91232N207,227699,70.730000
20230515,20230426,91232N207,659,67.620000
20230515,20230424,91232N207,73985,68.210000
20230515,20230425,91232N207,158690,69.250000
20230531,20230501,91232N207,24804,67.500000
20230531,20230502,91232N207,2401,66.550000
20230531,20230512,91232N207,656,63.250000
20230531,20230510,91232N207,580,64.870000
20230531,20230503,91232N207,22,63.050000
20230615,20230517,91232N207,3362,62.540000
20230615,20230522,91232N207,730,63.900000
20230615,20230523,91232N207,181,63.910000
20230615,20230524,91232N207,40904,64.870000
20230615,20230516,91232N207,382,62.990000
20230615,20230519,91232N207,161142,64.040000
20230615,20230515,91232N207,285,62.070000
20230630,20230606,91232N207,19664,64.030000
20230630,20230601,91232N207,46557,60.630000
20230630,20230602,91232N207,8919,62.550000
20230630,20230613,91232N207,119,60.240000
20230630,20230609,91232N207,19213,63.460000
20230630,20230607,91232N207,2949,63.790000
20230630,20230612,91232N207,70971,62.930000
20230630,20230614,91232N207,2262,62.140000
20230715,20230623,91232N207,39576,62.520000
20230715,20230629,91232N207,6095,62.520000
20230715,20230630,91232N207,68739,62.960000
20230715,20230616,91232N207,100,63.410000
20230715,20230621,91232N207,6140,63.920000
20230715,20230626,91232N207,7358,62.420000
20230715,20230628,91232N207,1619,61.300000
20230731,20230714,91232N207,108877,69.090000
20230731,20230707,91232N207,11036,64.440000
20230731,20230711,91232N207,626,65.540000
20230731,20230705,91232N207,3456,63.390000
20230731,20230703,91232N207,28882,63.550000
20230731,20230710,91232N207,483,65.850000
20230731,20230712,91232N207,543,67.030000
20230731,20230706,91232N207,317,64.630000
20230815,20230720,91232N207,2083,67.690000
20230815,20230719,91232N207,130229,67.960000
20230815,20230731,91232N207,137822,72.090000
20230815,20230728,91232N207,471833,71.430000
20230815,20230725,91232N207,166760,70.690000
20230815,20230726,91232N207,270513,71.160000
20230815,20230727,91232N207,322647,70.660000
20230815,20230724,91232N207,997,68.990000
20230815,20230721,91232N207,25,68.050000
20230815,20230717,91232N207,61554,67.470000
20230831,20230804,91232N207,1116,73.140000
20230831,20230802,91232N207,70826,72.960000
20230831,20230809,91232N207,422926,74.060000
20230831,20230801,91232N207,1894,73.170000
20230831,20230810,91232N207,781318,75.100000
20230831,20230807,91232N207,1767,73.790000
20230831,20230803,91232N207,150966,71.480000
20230831,20230811,91232N207,1476170,74.200000
20230831,20230808,91232N207,503560,73.820000
20230831,20230814,91232N207,196,74.250000
20230915,20230824,91232N207,517504,71.360000
20230915,20230818,91232N207,6501,71.980000
20230915,20230831,91232N207,1550105,73.660000
20230915,20230823,91232N207,833958,72.280000
20230915,20230822,91232N207,6387,72.580000
20230915,20230830,91232N207,321737,73.320000
20230915,20230829,91232N207,355425,72.410000
20230915,20230817,91232N207,7498,71.370000
20230915,20230825,91232N207,1189345,71.410000
20230915,20230828,91232N207,721177,72.450000
20230915,20230821,91232N207,2578,72.790000
20230915,20230815,91232N207,3113,73.810000
20230915,20230816,91232N207,703,72.620000
20230930,20230906,91232N207,9,77.760000
20230930,20230911,91232N207,12337,78.300000
20230930,20230914,91232N207,229300,79.680000
20230930,20230907,91232N207,27085,78.520000
20230930,20230912,91232N207,56,78.370000
20230930,20230908,91232N207,18952,77.950000
20230930,20230905,91232N207,510,76.920000
20230930,20230901,91232N207,550673,75.060000
20230930,20230913,91232N207,1137,79.700000
20231015,20230919,91232N207,547432,81.450000
20231015,20230928,91232N207,1307,82.900000
20231015,20230921,91232N207,538101,80.140000
20231015,20230920,91232N207,451705,81.500000
20231015,20230925,91232N207,73860,80.630000
20231015,20230926,91232N207,147805,80.390000
20231015,20230929,91232N207,3171,81.570000
20231015,20230918,91232N207,25467,81.290000
20231015,20230927,91232N207,770,80.880000
20231015,20230915,91232N207,472078,81.120000
20231015,20230922,91232N207,1039218,80.410000
20231031,20231006,91232N207,500353,73.990000
20231031,20231010,91232N207,17166,77.130000
20231031,20231004,91232N207,309,79.930000
20231031,20231003,91232N207,1420,79.390000
20231031,20231005,91232N207,55553,75.590000
20231031,20231002,91232N207,865,80.860000
20231031,20231012,91232N207,570,75.670000
20231031,20231013,91232N207,158997,75.420000
20231115,20231016,91232N207,22867,78.990000
20231115,20231025,91232N207,2988,76.930000
20231115,20231017,91232N207,32072,78.390000
20231115,20231019,91232N207,340,79.840000
20231115,20231018,91232N207,42,78.800000
20231115,20231020,91232N207,94823,81.680000
20231115,20231027,91232N207,614611,76.890000
20231115,20231026,91232N207,10834,78.460000
20231115,20231024,91232N207,911,78.890000
20231115,20231023,91232N207,8904,80.700000
20231130,20231108,91232N207,543,71.800000
20231130,20231110,91232N207,445749,70.250000
20231130,20231113,91232N207,25847,71.790000
20231130,20231114,91232N207,130298,72.920000
20231130,20231103,91232N207,96418,76.180000
20231130,20231102,91232N207,24983,74.750000
20231130,20231101,91232N207,1,75.020000
20231215,20231128,91232N207,36,69.960000
20231215,20231130,91232N207,84,72.520000
20231215,20231121,91232N207,2625,72.300000
20231215,20231124,91232N207,2256,71.610000
20231215,20231115,91232N207,700,72.690000
20231215,20231122,91232N207,1288,72.530000
20231215,20231129,91232N207,2730,71.260000
20231215,20231116,91232N207,34759,71.340000
20231231,20231208,91232N207,1719963,65.110000
20231231,20231214,91232N207,205013,65.330000
20231231,20231212,91232N207,1879,66.800000
20231231,20231206,91232N207,105099,67.580000
20240115,20231222,91232N207,594893,69.030000
20240115,20231227,91232N207,1000,70.210000
20240115,20231218,91232N207,1045,67.150000
20240115,20231220,91232N207,189,69.360000
20240115,20231229,91232N207,1,67.180000
20240115,20231215,91232N207,484809,67.160000
20240115,20231219,91232N207,500,68.090000
20240115,20231221,91232N207,60068,68.790000
20240131,20240108,91232N207,763,69.030000
20240131,20240103,91232N207,174387,65.770000
20240131,20240109,91232N207,4255,66.400000
20240131,20240105,91232N207,116288,67.570000
20240131,20240112,91232N207,383891,67.650000
20240215,20240130,91232N207,105495,72.050000
20240215,20240122,91232N207,43735,68.820000
20240215,20240116,91232N207,883,68.020000
20240215,20240131,91232N207,4955,72.810000
20240215,20240123,91232N207,48047,69.690000
20240215,20240124,91232N207,55088,69.660000
20240215,20240125,91232N207,28189,70.540000
20240215,20240129,91232N207,3560,73.100000
20240215,20240126,91232N207,873209,72.230000
20240215,20240119,91232N207,326028,69.060000
20240229,20240206,91232N207,11626,68.180000
20240229,20240205,91232N207,118848,67.510000
20240229,20240209,91232N207,43739,71.520000
20240229,20240201,91232N207,187945,70.920000
20240229,20240202,91232N207,648698,69.070000
20240229,20240212,91232N207,231,71.670000
20240229,20240213,91232N207,9284,72.110000
20240229,20240214,91232N207,30124,72.650000
20240229,20240207,91232N207,159,68.810000
20240315,20240228,91232N207,6500,73.850000
20240315,20240215,91232N207,89708,71.550000
20240315,20240220,91232N207,36313,73.410000
20240315,20240221,91232N207,9387,72.420000
20240315,20240229,91232N207,202697,73.620000
20240315,20240216,91232N207,590744,72.840000
20240315,20240222,91232N207,785,73.200000
20240315,20240223,91232N207,519486,73.600000
20240331,20240314,91232N207,1909,75.090000
20240331,20240308,91232N207,503339,74.230000
20240331,20240301,91232N207,695447,73.360000
20240331,20240305,91232N207,5249,74.010000
20240331,20240307,91232N207,13094,74.340000
20240331,20240306,91232N207,1569,73.450000
20240331,20240304,91232N207,1930,74.960000
20240331,20240313,91232N207,1600,73.350000
20240415,20240321,91232N207,250,77.250000
20240415,20240320,91232N207,89,78.430000
20240415,20240325,91232N207,3705,76.680000
20240415,20240328,91232N207,10700,77.510000
20240415,20240319,91232N207,834177,77.980000
20240415,20240318,91232N207,1437,76.330000
20240415,20240326,91232N207,5089,77.760000
20240415,20240322,91232N207,3759,76.820000
20240415,20240315,91232N207,218532,76.300000
20240430,20240404,91232N207,12205,81.250000
20240430,20240408,91232N207,13255,82.400000
20240430,20240410,91232N207,498,81.150000
20240430,20240409,91232N207,1324,82.200000
20240430,20240405,91232N207,448188,82.270000
20240430,20240403,91232N207,7628,80.790000
20240430,20240401,91232N207,1212,78.730000
20240430,20240411,91232N207,527453,82.090000
20240430,20240402,91232N207,223181,79.670000
20240430,20240412,91232N207,1076646,81.550000
20240515,20240415,91232N207,51855,81.530000
20240515,20240417,91232N207,786367,81.330000
20240515,20240423,91232N207,37,78.780000
20240515,20240430,91232N207,30,79.500000
20240515,20240416,91232N207,196707,81.650000
20240515,20240419,91232N207,2063842,78.780000
20240515,20240426,91232N207,2978,80.440000
20240515,20240422,91232N207,1235,78.850000
20240515,20240425,91232N207,177256,79.640000
20240515,20240424,91232N207,1676,79.980000
20240515,20240418,91232N207,1250208,78.910000
20240531,20240509,91232N207,256562,76.110000
20240531,20240502,91232N207,3961,75.930000
20240531,20240514,91232N207,29648,76.130000
20240531,20240513,91232N207,8162,75.300000
20240531,20240503,91232N207,1201536,75.930000
20240531,20240507,91232N207,17053,75.660000
20240531,20240508,91232N207,1158,75.500000
20240531,20240501,91232N207,5946,78.380000
20240531,20240510,91232N207,352328,76.520000
20240615,20240517,91232N207,169738,76.250000
20240615,20240520,91232N207,7626,76.970000
20240615,20240523,91232N207,500,74.870000
20240615,20240524,91232N207,583,74.450000
20240615,20240531,91232N207,522,75.530000
20240615,20240530,91232N207,300,76.570000
20240615,20240516,91232N207,15629,75.880000
20240615,20240521,91232N207,9113,76.730000
20240615,20240529,91232N207,293,77.660000
20240615,20240515,91232N207,34315,75.210000
20240615,20240528,91232N207,12392,75.350000
20240615,20240522,91232N207,2789,76.160000
20240630,20240605,91232N207,48,71.090000
20240630,20240610,91232N207,4434,73.020000
20240630,20240613,91232N207,35717,75.980000
20240630,20240612,91232N207,14197,75.510000
20240630,20240603,91232N207,1,74.820000
20240630,20240604,91232N207,14880,71.830000
20240630,20240607,91232N207,101,73.260000
20240630,20240614,91232N207,2667869,75.740000
20240715,20240620,91232N207,458393,78.670000
20240715,20240621,91232N207,71369,79.410000
20240715,20240627,91232N207,342404,78.750000
20240715,20240624,91232N207,3707,78.650000
20240715,20240625,91232N207,3493,79.700000
20240715,20240617,91232N207,8630,76.080000
20240715,20240628,91232N207,194822,79.920000
20240715,20240618,91232N207,552893,77.790000
20240715,20240626,91232N207,222329,78.900000
20240731,20240705,91232N207,34910,81.270000
20240731,20240708,91232N207,9,81.310000
20240731,20240712,91232N207,527208,80.940000
20240731,20240701,91232N207,13929,79.590000
20240731,20240702,91232N207,388317,81.540000
20240731,20240709,91232N207,357927,80.420000
20240731,20240711,91232N207,42535,80.480000
20240731,20240710,91232N207,417,79.770000
20240731,20240703,91232N207,340931,81.110000
20240815,20240715,91232N207,297,80.250000
20240815,20240718,91232N207,1469,80.620000
20240815,20240719,91232N207,143402,79.900000
20240815,20240731,91232N207,3426,74.460000
20240815,20240723,91232N207,944,77.620000
20240815,20240722,91232N207,213,78.000000
20240815,20240717,91232N207,5027,79.060000
20240815,20240724,91232N207,3679,76.620000
20240815,20240716,91232N207,234,80.120000
20240815,20240725,91232N207,3004,76.810000
20240831,20240809,91232N207,18259,75.360000
20240831,20240801,91232N207,55046,77.740000
20240831,20240802,91232N207,202584,76.290000
20240831,20240814,91232N207,139913,77.640000
20240831,20240813,91232N207,1,78.630000
20240831,20240808,91232N207,14817,74.690000
20240831,20240806,91232N207,274,73.220000
20240831,20240807,91232N207,48,72.450000
20240915,20240827,91232N207,21580,77.830000
20240915,20240820,91232N207,13037,74.380000
20240915,20240816,91232N207,19848,77.410000
20240915,20240830,91232N207,792,76.770000
20240915,20240828,91232N207,5116,76.490000
20240915,20240819,91232N207,4021,76.320000
20240915,20240826,91232N207,3312,75.550000
20240915,20240829,91232N207,47611,75.480000
20240915,20240822,91232N207,9231,72.600000
20240915,20240815,91232N207,3198,76.590000
20240915,20240823,91232N207,115532,73.580000
20240930,20240913,91232N207,736,69.890000
20240930,20240904,91232N207,3329,71.090000
20240930,20240912,91232N207,26938,67.850000
20240930,20240910,91232N207,2713,69.270000
20240930,20240903,91232N207,24855,74.340000
20240930,20240906,91232N207,79285,69.890000
20240930,20240905,91232N207,23877,69.610000
20240930,20240909,91232N207,3685,68.930000
20241015,20240926,91232N207,11418,71.480000
20241015,20240927,91232N207,39408,69.010000
20241015,20240930,91232N207,2785,70.270000
20241015,20240920,91232N207,3081,72.750000
20241015,20240919,91232N207,43918,70.660000
20241015,20240917,91232N207,138998,70.880000
20241015,20240916,91232N207,47533,69.840000
20241015,20240924,91232N207,1287,72.250000
20241015,20240923,91232N207,1747,72.920000
20241031,20241003,91232N207,31390,72.760000
20241031,20241007,91232N207,70165,76.350000
20241031,20241004,91232N207,225145,75.730000
20241031,20241009,91232N207,72477,75.790000
20241031,20241011,91232N207,87130,77.770000
20241031,20241002,91232N207,36820,72.110000
20241031,20241010,91232N207,8587,75.250000
20241115,20241024,91232N207,22611,73.550000
20241115,20241031,91232N207,611,71.360000
20241115,20241015,91232N207,24,75.930000
20241115,20241023,91232N207,51683,73.980000
20241115,20241021,91232N207,2034,71.380000
20241115,20241028,91232N207,30887,74.230000
20241115,20241016,91232N207,7056,72.760000
20241115,20241025,91232N207,10771,73.060000
20241130,20241113,91232N207,1552,70.690000
20241130,20241104,91232N207,56137,72.020000
20241130,20241112,91232N207,252,70.940000
20241130,20241114,91232N207,2761,70.730000
20241130,20241108,91232N207,228021,74.660000
20241130,20241107,91232N207,103762,74.540000
20241130,20241105,91232N207,492007,74.290000
20241130,20241101,91232N207,471508,73.080000
20241130,20241106,91232N207,670614,74.730000
20241215,20241127,91232N207,1004,71.610000
20241215,20241129,91232N207,17,71.720000
20241215,20241121,91232N207,1481,72.020000
20241215,20241125,91232N207,30019,74.250000
20241215,20241120,91232N207,47136,72.310000
20241215,20241118,91232N207,104798,69.750000
20241215,20241122,91232N207,4189,73.200000
20241231,20241202,91232N207,81364,71.610000
20241231,20241209,91232N207,797,70.240000
20241231,20241204,91232N207,10266,73.040000
20241231,20241210,91232N207,33271,71.170000
20241231,20241205,91232N207,1297,71.880000
20241231,20241206,91232N207,788,71.470000
20241231,20241212,91232N207,71726,73.330000
20250115,20241224,91232N207,693734,73.060000
20250115,20241217,91232N207,16210,73.700000
20250115,20241216,91232N207,10439,74.210000
20250115,20241227,91232N207,262914,73.130000
20250115,20241220,91232N207,91142,72.610000
20250115,20241218,91232N207,102323,73.300000
20250115,20241230,91232N207,64047,73.850000
20250115,20241226,91232N207,202,73.650000
20250115,20241223,91232N207,480058,73.100000
20250115,20241219,91232N207,2230,72.940000
20250115,20241231,91232N207,168392,74.820000
20250131,20250114,91232N207,12694,82.230000
20250131,20250110,91232N207,1409725,77.300000
20250131,20250108,91232N207,235466,78.170000
20250131,20250106,91232N207,24630,77.920000
20250131,20250109,91232N207,1420182,77.300000
20250131,20250103,91232N207,158,76.930000
20250131,20250107,91232N207,289220,77.300000
20250131,20250102,91232N207,2227,75.550000
20250131,20250113,91232N207,400,80.640000
20250215,20250124,91232N207,715166,79.210000
20250215,20250115,91232N207,53687,81.670000
20250215,20250129,91232N207,2552,78.860000
20250215,20250128,91232N207,340,77.930000
20250215,20250121,91232N207,326101,82.520000
20250215,20250131,91232N207,3514,77.750000
20250215,20250117,91232N207,75857,82.940000
20250215,20250130,91232N207,7,77.780000
20250215,20250127,91232N207,322,79.600000
20250215,20250123,91232N207,682622,80.430000
20250215,20250116,91232N207,133096,84.340000
20250215,20250122,91232N207,1079089,81.110000
20250228,20250210,91232N207,117,75.860000
20250228,20250211,91232N207,320,77.400000
20250228,20250213,91232N207,5100,76.320000
20250228,20250205,91232N207,2304,77.510000
20250228,20250207,91232N207,1419,75.450000
20250228,20250212,91232N207,12490,78.270000
20250228,20250214,91232N207,7065,76.390000
20250315,20250228,91232N207,125907,75.280000
20250315,20250219,91232N207,4492,76.960000
20250315,20250220,91232N207,5833,77.450000
20250315,20250224,91232N207,36775,75.350000
20250315,20250225,91232N207,108,75.970000
20250315,20250221,91232N207,1616,77.760000
20250315,20250227,91232N207,4252,73.850000
20250331,20250304,91232N207,13455,73.320000
20250331,20250314,91232N207,286546,71.620000
20250331,20250313,91232N207,467524,72.800000
20250331,20250307,91232N207,278502,71.130000
20250331,20250312,91232N207,1866,71.450000
20250331,20250311,91232N207,10317,70.890000
20250331,20250303,91232N207,2652,75.220000
20250331,20250305,91232N207,967,73.310000
20250415,20250331,91232N207,1000,74.770000
20250415,20250328,91232N207,1615,75.480000
20250415,20250324,91232N207,20566,73.790000
20250415,20250321,91232N207,221305,73.730000
20250415,20250317,91232N207,15296,72.280000
20250415,20250320,91232N207,225302,72.420000
20250415,20250326,91232N207,2700,74.820000
20250415,20250318,91232N207,637900,72.710000
20250415,20250319,91232N207,909151,72.210000
20250415,20250327,91232N207,13280,75.420000
20250430,20250403,91232N207,125891,77.740000
20250430,20250411,91232N207,499948,65.320000
20250430,20250408,91232N207,484514,65.980000
20250430,20250409,91232N207,419893,63.340000
20250430,20250401,91232N207,1468,77.330000
20250430,20250410,91232N207,136048,67.580000
20250430,20250402,91232N207,138,77.080000
20250430,20250404,91232N207,400202,72.250000
20250515,20250423,91232N207,443471,69.370000
20250515,20250421,91232N207,5721,69.480000
20250515,20250424,91232N207,142429,68.050000
20250515,20250417,91232N207,9763,67.750000
20250515,20250422,91232N207,957954,68.620000
20250515,20250415,91232N207,4953,66.660000
20250515,20250425,91232N207,1757,68.460000
20250515,20250416,91232N207,9984,66.480000
20250531,20250508,91232N207,95035,63.510000
20250531,20250514,91232N207,3251,69.590000
20250531,20250509,91232N207,33367,65.600000
20250531,20250501,91232N207,217215,63.560000
20250531,20250512,91232N207,5642,66.610000
20250531,20250502,91232N207,56488,64.520000
20250531,20250507,91232N207,296,64.600000
20250615,20250523,91232N207,55799,67.140000
20250615,20250529,91232N207,1909,67.890000
20250615,20250528,91232N207,42419,67.280000
20250615,20250521,91232N207,500,68.660000
20250615,20250520,91232N207,48012,68.510000
20250615,20250519,91232N207,2947,68.100000
20250615,20250522,91232N207,124145,67.590000
20250615,20250516,91232N207,5216,67.590000
20250630,20250603,91232N207,305918,69.550000
20250630,20250613,91232N207,4527,75.050000
20250630,20250606,91232N207,894,69.930000
20250630,20250611,91232N207,306391,71.600000
20250630,20250612,91232N207,15250,74.820000
20250630,20250609,91232N207,12983,71.380000
20250630,20250602,91232N207,67894,67.150000
20250630,20250605,91232N207,117974,69.340000
20250630,20250604,91232N207,890,69.890000
20250715,20250618,91232N207,536784,82.300000
20250715,20250624,91232N207,738286,76.410000
20250715,20250625,91232N207,3149,73.000000
20250715,20250620,91232N207,1085629,82.270000
20250715,20250623,91232N207,414289,83.120000
20250715,20250630,91232N207,5559,73.280000
20250715,20250617,91232N207,2465,78.590000
20250715,20250616,91232N207,2000,80.220000
20250715,20250627,91232N207,35026,73.590000
20250731,20250714,91232N207,10717,77.290000
20250731,20250708,91232N207,231,76.480000
20250731,20250709,91232N207,119,76.960000
20250731,20250707,91232N207,9985,75.190000
20250731,20250701,91232N207,180322,73.110000
20250731,20250710,91232N207,1501,76.930000
20250731,20250703,91232N207,199,75.590000
20250731,20250702,91232N207,1020,73.930000
20250815,20250731,91232N207,240665,81.040000
20250815,20250715,91232N207,629552,75.620000
20250815,20250723,91232N207,137,75.350000
20250815,20250725,91232N207,2115,76.090000
20250815,20250718,91232N207,1829093,76.160000
20250815,20250729,91232N207,13116,77.170000
20250815,20250721,91232N207,15797,75.930000
20250815,20250716,91232N207,122038,75.260000
20250815,20250724,91232N207,194838,75.280000
20250815,20250722,91232N207,279,75.590000
20250815,20250730,91232N207,434838,79.800000
20250831,20250807,91232N207,806,73.790000
20250831,20250804,91232N207,934668,77.460000
20250831,20250814,91232N207,21958,72.460000
20250831,20250805,91232N207,117571,76.110000
20250831,20250801,91232N207,589364,79.590000
20250831,20250813,91232N207,1052,72.950000
20250831,20250811,91232N207,12632,73.300000
20250831,20250806,91232N207,467,75.020000
20250915,20250821,91232N207,5815,73.520000
20250915,20250828,91232N207,40584,74.680000
20250915,20250818,91232N207,342855,72.800000
20250915,20250829,91232N207,13909,75.240000
20250915,20250826,91232N207,3327,75.750000
20250915,20250822,91232N207,1345,74.130000
20250915,20250825,91232N207,3196,74.640000
20250915,20250819,91232N207,7350,73.170000
20250915,20250815,91232N207,401483,73.740000
20250930,20250908,91232N207,2148,72.630000
20250930,20250909,91232N207,2810,73.040000
20250930,20250910,91232N207,2406,73.390000
20250930,20250912,91232N207,95334,73.000000
20250930,20250904,91232N207,26550,74.830000
20250930,20250903,91232N207,26386,76.760000
20250930,20250902,91232N207,19869,74.840000
20250930,20250911,91232N207,2613,74.710000
20250930,20250905,91232N207,3265,74.180000
20251015,20250925,91232N207,10142,76.390000
20251015,20250929,91232N207,67,77.020000
20251015,20250926,91232N207,44375,76.990000
20251015,20250930,91232N207,24196,74.590000
20251015,20250917,91232N207,2237,75.670000
20251015,20250915,91232N207,19244,73.310000
20251015,20250923,91232N207,13188,73.450000
20251015,20250918,91232N207,6555,74.970000
20251015,20250924,91232N207,7963,75.050000
20251015,20250919,91232N207,2203,74.690000
20251015,20250916,91232N207,10484,74.230000
20251031,20251001,91232N207,51520,73.750000
20251031,20251003,91232N207,138789,71.540000
20251031,20251006,91232N207,14812,71.710000
20251031,20251009,91232N207,26777,73.530000
20251031,20251002,91232N207,76056,73.140000
20251031,20251014,91232N207,66877,70.280000
20251031,20251007,91232N207,17476,72.870000
20251031,20251008,91232N207,169355,73.200000
20251031,20251010,91232N207,22,72.510000
20251115,20251017,91232N207,15568,67.810000
20251115,20251022,91232N207,13939,68.270000
20251115,20251031,91232N207,1689,71.710000
20251115,20251023,91232N207,278310,70.630000
20251115,20251024,91232N207,3031,73.290000
20251115,20251020,91232N207,131622,67.980000
20251115,20251021,91232N207,25300,67.830000
20251115,20251029,91232N207,49974,71.390000
20251115,20251030,91232N207,78,71.800000
20251115,20251027,91232N207,1196,73.180000
