20170715,20170626,06740Q252,473278,12.540000
20170715,20170619,06740Q252,1059913,12.990000
20170715,20170628,06740Q252,4762,12.670000
20170715,20170627,06740Q252,2531,12.270000
20170715,20170621,06740Q252,768239,12.910000
20170715,20170616,06740Q252,254403,13.090000
20170715,20170615,06740Q252,271345,12.920000
20170715,20170629,06740Q252,36092,12.330000
20170715,20170622,06740Q252,177836,12.790000
20170715,20170620,06740Q252,25839,12.580000
20170715,20170630,06740Q252,2162080,12.930000
20170715,20170623,06740Q252,204235,12.660000
20170731,20170706,06740Q252,366652,12.910000
20170731,20170710,06740Q252,40700,13.080000
20170731,20170703,06740Q252,147207,12.760000
20170731,20170711,06740Q252,182508,12.760000
20170731,20170714,06740Q252,25998,12.230000
20170731,20170712,06740Q252,13438,12.710000
20170731,20170707,06740Q252,10617,13.570000
20170731,20170705,06740Q252,293007,12.900000
20170731,20170713,06740Q252,244215,12.390000
20170815,20170731,06740Q252,388145,11.290000
20170815,20170720,06740Q252,91389,11.440000
20170815,20170724,06740Q252,3049922,11.200000
20170815,20170718,06740Q252,9903,11.700000
20170815,20170717,06740Q252,421944,12.010000
20170815,20170721,06740Q252,625038,11.340000
20170815,20170728,06740Q252,97613,11.170000
20170815,20170719,06740Q252,168831,11.540000
20170815,20170727,06740Q252,2451354,11.100000
20170815,20170725,06740Q252,41646,11.010000
20170831,20170807,06740Q252,214758,11.190000
20170831,20170804,06740Q252,248814,11.270000
20170831,20170808,06740Q252,72216,11.090000
20170831,20170802,06740Q252,1756944,11.050000
20170831,20170801,06740Q252,802141,11.230000
20170831,20170809,06740Q252,1410811,11.410000
20170831,20170814,06740Q252,304618,13.660000
20170831,20170810,06740Q252,10436,11.700000
20170831,20170803,06740Q252,2618275,11.130000
20170915,20170815,06740Q252,964322,11.920000
20170915,20170825,06746L422,185338,49.050000
20170915,20170818,06740Q252,2082478,13.660000
20170915,20170830,06746L422,16181,47.870000
20170915,20170828,06746L422,102723,47.680000
20170915,20170823,06740Q252,3639,11.840000
20170915,20170817,06740Q252,472897,11.750000
20170915,20170829,06746L422,6736,47.300000
20170915,20170816,06740Q252,57062,11.830000
20170915,20170824,06746L422,204127,47.740000
20170915,20170831,06746L422,34155,47.650000
20170915,20170822,06740Q252,110322,12.770000
20170915,20170821,06740Q252,173744,13.300000
20170930,20170908,06746L422,39032,47.360000
20170930,20170907,06746L422,34184,47.580000
20170930,20170905,06746L422,39120,46.170000
20170930,20170911,06746L422,1304,48.520000
20170930,20170914,06746L422,25265,43.010000
20170930,20170912,06746L422,195070,45.790000
20170930,20170901,06746L422,32424,46.320000
20170930,20170906,06746L422,1712,48.690000
20171015,20170925,06746L422,1018,41.250000
20171015,20170922,06746L422,41901,40.960000
20171015,20170920,06746L422,35305,40.910000
20171015,20170926,06746L422,96772,41.280000
20171015,20170919,06746L422,260747,41.000000
20171015,20170921,06746L422,231562,40.980000
20171015,20170918,06746L422,512119,42.800000
20171015,20170928,06746L422,9020,40.470000
20171015,20170927,06746L422,5985,40.770000
20171015,20170915,06746L422,7998,43.600000
20171015,20170929,06746L422,6976,39.910000
20171031,20171012,06746L422,47382,36.230000
20171031,20171013,06746L422,267247,35.970000
20171031,20171003,06746L422,16068,38.390000
20171031,20171005,06746L422,21446,38.320000
20171031,20171004,06746L422,275423,38.250000
20171031,20171010,06746L422,153551,37.890000
20171031,20171011,06746L422,43465,37.010000
20171031,20171006,06746L422,47227,37.070000
20171115,20171020,06746L422,70345,34.390000
20171115,20171018,06746L422,281673,34.820000
20171115,20171030,06746L422,152373,34.260000
20171115,20171017,06746L422,39781,34.700000
20171115,20171026,06746L422,3729,36.350000
20171115,20171016,06746L422,8652,35.340000
20171115,20171023,06746L422,13098,33.790000
20171115,20171027,06746L422,914566,36.260000
20171115,20171025,06746L422,789,35.280000
20171115,20171019,06746L422,23535,34.640000
20171115,20171031,06746L422,54777,34.480000
20171115,20171024,06746L422,2407,34.850000
20171130,20171109,06746L422,12699,33.530000
20171130,20171106,06746L422,69704,33.660000
20171130,20171102,06746L422,188436,34.090000
20171130,20171114,06746L422,54850,34.900000
20171130,20171103,06746L422,5788,33.710000
20171130,20171110,06746L422,183231,34.000000
20171130,20171108,06746L422,5920,33.520000
20171130,20171107,06746L422,16571,33.340000
20171130,20171101,06746L422,155370,33.890000
20171130,20171113,06746L422,822113,34.800000
20171215,20171122,06746L422,121174,32.100000
20171215,20171129,06746L422,23641,31.210000
20171215,20171120,06746L422,97963,34.450000
20171215,20171117,06746L422,175626,35.010000
20171215,20171127,06746L422,16169,31.640000
20171215,20171130,06746L422,45450,31.890000
20171215,20171124,06746L422,154137,31.790000
20171215,20171128,06746L422,1399863,31.630000
20171215,20171115,06746L422,24504,35.160000
20171215,20171116,06746L422,16624,36.510000
20171215,20171121,06746L422,68,33.360000
20171231,20171208,06746L422,25441,31.360000
20171231,20171213,06746L422,1899,29.380000
20171231,20171206,06746L422,62294,32.450000
20171231,20171207,06746L422,6800,32.410000
20171231,20171214,06746L422,106769,29.300000
20171231,20171205,06746L422,239955,32.590000
20171231,20171201,06746L422,54823,31.970000
20171231,20171204,06746L422,38000,32.830000
20171231,20171212,06746L422,42212,29.290000
20171231,20171211,06746L422,126791,30.330000
20180115,20171219,06746L422,228317,27.780000
20180115,20171227,06746L422,16728,27.780000
20180115,20171228,06746L422,75293,27.900000
20180115,20171220,06746L422,178582,27.880000
20180115,20171226,06746L422,178300,27.730000
20180115,20171229,06746L422,195666,27.470000
20180115,20171215,06746L422,436767,29.120000
20180115,20171222,06746L422,942373,27.600000
20180115,20171221,06746L422,235767,27.800000
20180115,20171218,06746L422,996072,28.190000
20180131,20180104,06746L422,133729,26.380000
20180131,20180109,06746L422,408498,25.980000
20180131,20180102,06746L422,20212,27.920000
20180131,20180111,06746L422,69957,25.990000
20180131,20180110,06746L422,17853,26.280000
20180131,20180105,06746L422,483,26.320000
20180131,20180112,06746L422,8439,25.840000
20180131,20180108,06746L422,208570,26.280000
20180131,20180103,06746L422,163429,26.950000
20180215,20180130,06746L422,41137,29.650000
20180215,20180122,06746L422,729949,26.820000
20180215,20180126,06746L422,35492,27.820000
20180215,20180124,06746L422,701414,26.690000
20180215,20180119,06746L422,11332,26.960000
20180215,20180117,06746L422,634700,27.440000
20180215,20180118,06746L422,10240,26.830000
20180215,20180125,06746L422,46924,27.370000
20180215,20180129,06746L422,19856,27.640000
20180215,20180123,06746L422,2740708,26.250000
20180215,20180116,06746L422,22409,25.850000
20180215,20180131,06746L422,29014,30.600000
20180228,20180208,06746L422,105078,44.570000
20180228,20180206,06746L422,2217804,43.940000
20180228,20180201,06746L422,98443,29.960000
20180228,20180214,06746L422,1139012,47.980000
20180228,20180213,06746L422,1314216,47.950000
20180228,20180212,06746L422,7639,50.030000
20180228,20180207,06746L422,211317,42.880000
20180228,20180209,06746L422,46573,55.240000
20180228,20180205,06746L422,137126,32.920000
20180228,20180202,06746L422,222200,29.010000
20180315,20180222,06746L422,3369,44.360000
20180315,20180220,06746L422,34787,42.150000
20180315,20180228,06746L422,2500,42.430000
20180315,20180227,06746L422,24752,38.750000
20180315,20180221,06746L422,165447,43.900000
20180315,20180215,06746L422,17834,42.340000
20180315,20180226,06746L422,80275,40.410000
20180315,20180223,06746L422,340817,43.820000
20180315,20180216,06746L422,500372,41.540000
20180331,20180305,06746L422,20500,44.990000
20180331,20180312,06746L422,15342,38.280000
20180331,20180313,06746L422,290615,39.880000
20180331,20180307,06746L422,28760,43.630000
20180331,20180302,06746L422,1109,47.280000
20180331,20180301,06746L422,6712,44.350000
20180331,20180306,06746L422,127252,43.320000
20180331,20180314,06746L422,307484,40.650000
20180331,20180309,06746L422,120083,41.500000
20180331,20180308,06746L422,157366,43.180000
20180415,20180328,06746L422,473143,49.860000
20180415,20180315,06746L422,137728,41.530000
20180415,20180321,06746L422,1747983,42.370000
20180415,20180320,06746L422,9446,43.350000
20180415,20180326,06746L422,416259,49.760000
20180415,20180319,06746L422,144101,39.500000
20180415,20180323,06746L422,225403,47.470000
20180415,20180327,06746L422,134475,46.130000
20180415,20180329,06746L422,42346,50.910000
20180415,20180322,06746L422,84206,41.950000
20180415,20180316,06746L422,63081,40.170000
20180430,20180404,06746L422,607175,49.590000
20180430,20180405,06746L422,701875,48.620000
20180430,20180412,06746L422,211418,49.010000
20180430,20180410,06746L422,87047,49.920000
20180430,20180411,06746L422,192110,48.620000
20180430,20180402,06746L422,113586,47.310000
20180430,20180403,06746L422,51065,51.840000
20180430,20180409,06746L422,121,49.760000
20180430,20180406,06746L422,491321,46.960000
20180430,20180413,06746L422,379998,47.010000
20180515,20180416,06746L422,411166,45.300000
20180515,20180430,06746L422,286567,41.480000
20180515,20180427,06746L422,460660,42.320000
20180515,20180425,06746L422,3385,44.110000
20180515,20180419,06746L422,1048053,40.540000
20180515,20180418,06746L422,34218,40.440000
20180515,20180426,06746L422,419596,44.490000
20180515,20180423,06746L422,175499,42.390000
20180515,20180420,06746L422,34603,41.190000
20180515,20180424,06746L422,279180,41.940000
20180531,20180508,06746L422,21446,39.900000
20180531,20180503,06746L422,13437,40.650000
20180531,20180509,06746L422,399103,39.810000
20180531,20180507,06746L422,222073,40.020000
20180531,20180514,06746L422,43275,35.750000
20180531,20180501,06746L422,729611,41.570000
20180531,20180504,06746L422,673400,41.480000
20180531,20180510,06746L422,5173,38.160000
20180531,20180511,06746L422,474702,36.440000
20180615,20180522,06746L422,183234,34.230000
20180615,20180517,06746L422,230290,35.810000
20180615,20180525,06746L422,503508,33.810000
20180615,20180529,06746L422,7597,34.250000
20180615,20180530,06746L422,47125,38.510000
20180615,20180524,06746L422,16213,34.030000
20180615,20180521,06746L422,881372,35.300000
20180615,20180516,06746L422,14137,37.130000
20180615,20180518,06746L422,401751,34.870000
20180615,20180523,06746L422,73028,34.640000
20180615,20180531,06746L422,779161,36.560000
20180615,20180515,06746L422,15167,34.690000
20180630,20180611,06746L422,84203,32.600000
20180630,20180605,06746L422,220039,34.000000
20180630,20180612,06746L422,805555,32.090000
20180630,20180606,06746L422,512433,33.600000
20180630,20180613,06746L422,224951,31.970000
20180630,20180607,06746L422,814993,32.220000
20180630,20180608,06746L422,7367,32.810000
20180630,20180601,06746L422,786857,36.790000
20180630,20180614,06746L422,47995,32.390000
20180630,20180604,06746L422,735404,35.290000
20180715,20180619,06746L422,3715308,31.240000
20180715,20180625,06746L422,234265,33.060000
20180715,20180618,06746L422,527292,31.670000
20180715,20180628,06746L422,107762,38.560000
20180715,20180626,06746L422,1849895,38.110000
20180715,20180622,06746L422,657190,34.150000
20180715,20180629,06746L422,1022865,38.030000
20180715,20180627,06746L422,180873,36.480000
20180715,20180620,06746L422,225533,32.790000
20180715,20180621,06746L422,272014,32.020000
20180715,20180615,06746L422,340182,31.330000
20180731,20180706,06746L422,13559,36.090000
20180731,20180709,06746L422,72009,34.230000
20180731,20180712,06746L422,22654,32.930000
20180731,20180713,06746L422,96653,31.690000
20180731,20180711,06746L422,149998,31.840000
20180731,20180710,06746L422,39657,32.480000
20180731,20180705,06746L422,30630,37.330000
20180731,20180703,06746L422,40401,37.080000
20180731,20180702,06746L422,982252,37.000000
20180815,20180719,06746L422,70153,30.630000
20180815,20180718,06746L422,3232,30.890000
20180815,20180724,06746L422,142996,31.180000
20180815,20180717,06746L422,2637,31.230000
20180815,20180731,06746L422,100,32.300000
20180815,20180716,06746L422,71,31.450000
20180815,20180723,06746L422,81340,31.330000
20180815,20180726,06746L422,45807,30.450000
20180815,20180727,06746L422,9409,30.550000
20180815,20180730,06746L422,35965,31.340000
20180815,20180725,06746L422,68413,30.580000
20180815,20180720,06746L422,36358,31.190000
20180831,20180801,06746L422,31798,31.400000
20180831,20180809,06746L422,20938,28.140000
20180831,20180808,06746L422,26413,28.660000
20180831,20180813,06746L422,14494,29.940000
20180831,20180802,06746L422,111854,31.100000
20180831,20180814,06746L422,108173,31.800000
20180831,20180810,06746L422,35774,28.550000
20180831,20180803,06746L422,1171,30.790000
20180831,20180807,06746L422,208482,29.260000
20180915,20180817,06746L422,1412995,30.270000
20180915,20180824,06746L422,18715,28.980000
20180915,20180823,06746L422,27249,29.210000
20180915,20180821,06746L422,313351,28.870000
20180915,20180829,06746L422,40871,28.890000
20180915,20180830,06746L422,83528,28.900000
20180915,20180828,06746L422,407,28.890000
20180915,20180827,06746L422,2635,28.800000
20180915,20180816,06746L422,1335927,32.030000
20180915,20180820,06746L422,22453,29.400000
20180915,20180831,06746L422,87621,29.530000
20180915,20180822,06746L422,13528,29.620000
20180915,20180815,06746L422,167871,30.100000
20180930,20180913,06746L422,87301,28.750000
20180930,20180912,06746L422,580,29.140000
20180930,20180910,06746L422,1400,30.860000
20180930,20180905,06746L422,25600,29.210000
20180930,20180914,06746L422,33094,27.870000
20180930,20180911,06746L422,18552,30.020000
20180930,20180907,06746L422,2683,30.350000
20180930,20180906,06746L422,6943,29.470000
20180930,20180904,06746L422,2819,29.070000
20181015,20180928,06746L422,19699,26.720000
20181015,20180919,06746L422,55076,28.070000
20181015,20180921,06746L422,4892,26.640000
20181015,20180925,06746L422,1654307,26.680000
20181015,20180927,06746L422,1291,27.230000
20181015,20180917,06746L422,23062,27.390000
20181015,20180926,06746L422,26871,26.930000
20181015,20180918,06746L422,165659,28.210000
20181015,20180920,06746L422,8987,27.110000
20181031,20181012,06746L422,304023,36.870000
20181031,20181005,06746L422,45017,27.800000
20181031,20181011,06746L422,129055,34.000000
20181031,20181009,06746L422,802949,28.660000
20181031,20181001,06746L422,2747,26.670000
20181031,20181002,06746L422,11487,26.370000
20181031,20181010,06746L422,617408,29.170000
20181115,20181017,06746L422,290245,31.980000
20181115,20181023,06746L422,24138,34.560000
20181115,20181018,06746L422,1000,32.470000
20181115,20181030,06746L422,83441,40.230000
20181115,20181015,06746L422,57637,34.020000
20181115,20181016,06746L422,796508,34.510000
20181115,20181031,06746L422,20237,38.870000
20181115,20181026,06746L422,613265,37.870000
20181115,20181029,06746L422,10141,39.990000
20181115,20181025,06746L422,122379,39.000000
20181115,20181022,06746L422,615778,34.050000
20181115,20181024,06746L422,42081,35.880000
20181115,20181019,06746L422,53124,34.650000
20181130,20181102,06746L422,43577,36.380000
20181130,20181108,06746L422,7751,32.570000
20181130,20181106,06746L422,7125,36.170000
20181130,20181114,06746L422,80709,36.350000
20181130,20181107,06746L422,497650,35.090000
20181130,20181105,06746L422,12861,36.680000
20181130,20181101,06746L422,129034,37.440000
20181130,20181113,06746L422,90282,36.020000
20181130,20181109,06746L422,130470,32.370000
20181215,20181129,06746L422,549138,34.790000
20181215,20181116,06746L422,35866,36.830000
20181215,20181121,06746L422,24381,39.340000
20181215,20181130,06746L422,121391,35.480000
20181215,20181123,06746L422,78802,38.420000
20181215,20181128,06746L422,120,35.850000
20181215,20181115,06746L422,36810,37.240000
20181215,20181127,06746L422,73576,36.500000
20181215,20181119,06746L422,43868,35.170000
20181215,20181126,06746L422,9603,38.600000
20181215,20181120,06746L422,25653,37.260000
20181231,20181213,06746L422,4527,39.670000
20181231,20181206,06746L422,57313,36.780000
20181231,20181210,06746L422,183566,40.300000
20181231,20181211,06746L422,84993,40.110000
20181231,20181207,06746L422,1749,37.580000
20181231,20181214,06746L422,2222,39.010000
20181231,20181212,06746L422,44103,39.980000
20181231,20181205,06746L422,1430,36.780000
20181231,20181203,06746L422,28566,34.490000
20181231,20181204,06746L422,27809,32.500000
20190115,20181224,06746L422,30767,47.160000
20190115,20181217,06746L422,34162,40.550000
20190115,20181228,06746L422,55317,48.770000
20190115,20181220,06746L422,10227,42.620000
20190115,20181221,06746L422,13889,44.750000
20190115,20181231,06746L422,21863,48.820000
20190115,20181219,06746L422,61023,42.840000
20190115,20181227,06746L422,218650,46.900000
20190115,20181226,06746L422,310782,49.350000
20190115,20181218,06746L422,58632,42.670000
20190131,20190107,06746L422,107631,43.940000
20190131,20190104,06746L422,621,47.710000
20190131,20190114,06746L422,2245,39.310000
20190131,20190102,06746L422,240050,46.880000
20190131,20190109,06746L422,44462,42.000000
20190131,20190108,06746L422,64055,42.940000
20190131,20190111,06746L422,9437,40.650000
20190215,20190117,06746L422,1638,38.320000
20190215,20190130,06746L422,8228251,38.690000
20190215,20190115,06746L422,1485,39.460000
20190215,20190123,06746L422,27122,40.600000
20190215,20190129,06746L422,184352,38.840000
20190215,20190125,06746L422,72468,38.720000
20190215,20190131,06746L422,123,38.690000
20190215,20190116,06746L422,19270,37.660000
20190215,20190124,06746L422,1057857,40.020000
20190215,20190122,06746L422,10088,37.080000
20190215,20190118,06746L422,1260,38.040000
20190215,20190128,06746L422,13178,37.280000
20190531,20190514,06746P621,190174,32.450000
20190531,20190507,06746P621,160615,26.860000
20190531,20190503,06746P621,43188,26.690000
20190531,20190510,06746P621,44161,30.550000
20190531,20190509,06746P621,2044,30.710000
20190531,20190513,06746P621,20668,28.190000
20190531,20190508,06746P621,87873,31.330000
20190531,20190506,06746P621,4226,25.420000
20190615,20190515,06746P621,1796878,30.650000
20190615,20190522,06746P621,18025,27.480000
20190615,20190523,06746P621,7979,27.220000
20190615,20190530,06746P621,4204,29.840000
20190615,20190520,06746P621,58352,28.520000
20190615,20190528,06746P621,759023,28.420000
20190615,20190516,06746P621,42603,29.360000
20190615,20190531,06746P621,136341,29.310000
20190615,20190524,06746P621,44243,29.020000
20190615,20190517,06746P621,11893,28.100000
20190615,20190521,06746P621,412802,28.940000
20190630,20190606,06746P621,2788,28.460000
20190630,20190603,06746P621,15621,30.420000
20190630,20190611,06746P621,16295,27.860000
20190630,20190613,06746P621,7300,27.780000
20190630,20190612,06746P621,7331,27.910000
20190630,20190604,06746P621,164526,30.730000
20190630,20190605,06746P621,13126,29.020000
20190630,20190610,06746P621,1640,28.060000
20190630,20190614,06746P621,32845,27.610000
20190630,20190607,06746P621,77589,27.850000
20190715,20190626,06746P621,1886,27.050000
20190715,20190619,06746P621,3827,26.820000
20190715,20190618,06746P621,193195,27.030000
20190715,20190617,06746P621,2500,27.320000
20190715,20190620,06746P621,1778069,25.930000
20190715,20190624,06746P621,333000,26.620000
20190715,20190628,06746P621,756050,26.420000
20190715,20190625,06746P621,85680,26.380000
20190715,20190621,06746P621,9240,26.010000
20190731,20190701,06746P621,103017,26.000000
20190731,20190712,06746P621,8403,23.170000
20190731,20190711,06746P621,27193,23.560000
20190731,20190703,06746P621,8315,23.650000
20190731,20190709,06746P621,38444,24.230000
20190731,20190708,06746P621,100,23.580000
20190731,20190710,06746P621,300743,24.300000
20190731,20190702,06746P621,107130,24.560000
20190731,20190705,06746P621,371079,23.510000
20190815,20190715,06746P621,6957,22.800000
20190815,20190729,06746P621,29196,21.640000
20190815,20190723,06746P621,100,22.910000
20190815,20190717,06746P621,57257,22.780000
20190815,20190722,06746P621,57871,23.380000
20190815,20190724,06746P621,332499,22.100000
20190815,20190716,06746P621,200590,22.710000
20190815,20190718,06746P621,1915643,23.360000
20190815,20190726,06746P621,54336,22.200000
20190831,20190801,06746P621,1060,23.590000
20190831,20190808,06746P621,23098,27.620000
20190831,20190802,06746P621,120727,25.450000
20190831,20190809,06746P621,29806,25.980000
20190831,20190807,06746P621,617431,27.480000
20190831,20190806,06746P621,390141,29.300000
20190831,20190805,06746P621,488574,25.660000
20190831,20190813,06746P621,54136,28.890000
20190831,20190814,06746P621,80728,26.760000
20190915,20190822,06746P621,42256,25.300000
20190915,20190820,06746P621,636510,25.980000
20190915,20190819,06746P621,152734,28.030000
20190915,20190830,06746P621,180,26.850000
20190915,20190816,06746P621,108062,29.670000
20190915,20190821,06746P621,34647,26.600000
20190915,20190823,06746P621,24370,25.750000
20190915,20190828,06746P621,89243,28.670000
20190915,20190827,06746P621,153959,28.100000
20190915,20190829,06746P621,51467,28.020000
20190915,20190826,06746P621,449874,28.960000
20190930,20190906,06746P621,186813,25.470000
20190930,20190910,06746P621,10192,24.480000
20190930,20190909,06746P621,154840,24.720000
20190930,20190904,06746P621,62338,28.190000
20190930,20190903,06746P621,6313,27.000000
20190930,20190905,06746P621,159355,26.450000
20190930,20190911,06746P621,18910,24.400000
20190930,20190913,06746P621,74336,23.450000
20190930,20190912,06746P621,10469,24.020000
20191015,20190916,06746P621,9545,23.080000
20191015,20190923,06746P621,21988,23.290000
20191015,20190924,06746P621,176869,23.090000
20191015,20190925,06746P621,142713,24.160000
20191015,20190918,06746P621,71766,23.310000
20191015,20190927,06746P621,28568,23.810000
20191015,20190926,06746P621,274267,23.610000
20191015,20190920,06746P621,30459,22.150000
20191015,20190930,06746P621,33150,24.460000
20191031,20191002,06746P621,136318,24.790000
20191031,20191008,06746P621,3585,24.270000
20191031,20191011,06746P621,5185,24.430000
20191031,20191007,06746P621,191198,24.090000
20191031,20191003,06746P621,3492,26.450000
20191031,20191001,06746P621,1454283,23.740000
20191031,20191010,06746P621,26662,25.360000
20191031,20191009,06746P621,173039,26.240000
20191031,20191004,06746P621,501762,25.440000
20191115,20191017,06746P621,186422,21.420000
20191115,20191022,06746P621,167669,20.680000
20191115,20191030,06746P621,232032,19.960000
20191115,20191021,06746P621,214198,21.240000
20191115,20191025,06746P621,117982,20.460000
20191115,20191018,06746P621,294573,21.290000
20191115,20191028,06746P621,534553,19.790000
20191115,20191016,06746P621,1124416,21.690000
20191115,20191023,06746P621,538529,21.010000
20191115,20191031,06746P621,14057,19.470000
20191115,20191029,06746P621,320872,19.980000
20191115,20191015,06746P621,275325,22.270000
20191115,20191024,06746P621,517840,20.750000
20191130,20191105,06746P621,100710,18.900000
20191130,20191113,06746P621,847191,18.350000
20191130,20191112,06746P621,220350,18.570000
20191130,20191106,06746P621,86884,19.290000
20191130,20191104,06746P621,113662,18.870000
20191130,20191108,06746P621,431250,19.040000
20191130,20191101,06746P621,634808,19.750000
20191130,20191114,06746P621,321913,18.480000
20191130,20191107,06746P621,13354,19.220000
20191215,20191119,06746P621,2804,17.380000
20191215,20191121,06746P621,29860,17.750000
20191215,20191129,06746P621,161736,16.210000
20191215,20191126,06746P621,27082,16.530000
20191215,20191120,06746P621,96734,17.570000
20191215,20191118,06746P621,250639,17.400000
20191215,20191127,06746P621,135251,16.290000
20191215,20191115,06746P621,35045,18.180000
20191215,20191125,06746P621,1,17.280000
20191231,20191210,06746P621,249457,17.600000
20191231,20191211,06746P621,223868,17.630000
20191231,20191202,06746P621,109755,16.540000
20191231,20191206,06746P621,213761,17.330000
20191231,20191213,06746P621,9888,16.200000
20191231,20191204,06746P621,203093,18.410000
20191231,20191212,06746P621,521,17.220000
20191231,20191203,06746P621,219494,17.400000
20191231,20191209,06746P621,1332,16.730000
20191231,20191205,06746P621,226604,17.560000
20200115,20191223,06746P621,1913,15.040000
20200115,20191220,06746P621,10167,14.860000
20200115,20191219,06746P621,100742,15.240000
20200115,20191230,06746P621,1632784,15.230000
20200115,20191218,06746P621,167245,15.090000
20200115,20191231,06746P621,2572653,15.760000
20200115,20191226,06746P621,165211,14.940000
20200115,20191227,06746P621,6957,14.920000
20200115,20191224,06746P621,3080779,15.090000
20200115,20191217,06746P621,1090168,15.200000
20200115,20191216,06746P621,2239986,15.530000
20200131,20200107,06746P621,70611,15.080000
20200131,20200113,06746P621,252209,14.120000
20200131,20200108,06746P621,275455,15.010000
20200131,20200114,06746P621,159970,13.760000
20200131,20200103,06746P621,216597,14.510000
20200131,20200106,06746P621,360469,15.290000
20200131,20200110,06746P621,288779,14.180000
20200131,20200102,06746P621,446536,15.120000
20200131,20200109,06746P621,82103,14.800000
20200215,20200128,06746P621,3232776,15.710000
20200215,20200130,06746P621,80181,14.850000
20200215,20200124,06746P621,51827,13.490000
20200215,20200127,06746P621,391246,14.240000
20200215,20200123,06746P621,578567,13.540000
20200215,20200129,06746P621,122513,14.830000
20200215,20200115,06746P621,36884,13.660000
20200215,20200117,06746P621,714378,13.290000
20200215,20200131,06746P621,393314,14.600000
20200215,20200121,06746P621,200642,13.320000
20200215,20200122,06746P621,2392246,13.430000
20200215,20200116,06746P621,271948,13.620000
20200531,20200512,06746P621,230174,32.620000
20200531,20200506,06746P621,27070,38.670000
20200531,20200511,06746P621,290720,34.950000
20200531,20200507,06746P621,111482,39.210000
20200531,20200504,06746P621,208037,41.190000
20200531,20200501,06746P621,213865,37.870000
20200531,20200508,06746P621,16518,37.470000
20200531,20200505,06746P621,485199,40.260000
20200531,20200514,06746P621,1343,39.650000
20200531,20200513,06746P621,202664,35.900000
20200615,20200520,06746P621,610670,36.030000
20200615,20200521,06746P621,322595,33.700000
20200615,20200522,06746P621,501202,34.680000
20200615,20200519,06746P621,634096,34.240000
20200615,20200528,06746P621,437609,33.150000
20200615,20200527,06746P621,405542,33.830000
20200615,20200529,06746P621,471639,34.480000
20200615,20200518,06746P621,20177,36.600000
20200615,20200515,06746P621,1174117,37.470000
20200615,20200526,06746P621,104,34.350000
20200630,20200612,06746P621,82267,41.610000
20200630,20200603,06746P621,10728,32.490000
20200630,20200611,06746P621,853340,31.130000
20200630,20200605,06746P621,53502,30.840000
20200630,20200608,06746P621,57305,29.170000
20200630,20200609,06746P621,456546,29.820000
20200630,20200610,06746P621,381531,31.270000
20200630,20200602,06746P621,7175,33.420000
20200630,20200604,06746P621,97974,31.090000
20200630,20200601,06746P621,72819,33.130000
20200715,20200617,06746P621,7600,36.870000
20200715,20200616,06746P621,701549,37.720000
20200715,20200625,06746P621,429788,36.720000
20200715,20200626,06746P621,886582,35.390000
20200715,20200622,06746P621,1461287,36.890000
20200715,20200618,06746P621,45774,36.980000
20200715,20200619,06746P621,92937,36.310000
20200715,20200624,06746P621,193106,34.450000
20200715,20200630,06746P621,193393,35.680000
20200715,20200623,06746P621,3202253,35.090000
20200715,20200629,06746P621,46914,37.500000
20200715,20200615,06746P621,196024,38.710000
20200731,20200713,06746P621,1005140,32.150000
20200731,20200714,06746P621,295,35.240000
20200731,20200702,06746P621,385034,32.890000
20200731,20200710,06746P621,6067,33.060000
20200731,20200708,06746P621,279505,33.390000
20200731,20200709,06746P621,23643,32.550000
20200731,20200707,06746P621,382147,32.280000
20200815,20200716,06746P621,80721,32.260000
20200815,20200723,06746P621,17105,29.160000
20200815,20200729,06746P621,12502,29.170000
20200815,20200722,06746P621,300,29.490000
20200815,20200715,06746P621,2125876,33.210000
20200815,20200727,06746P621,93549,30.170000
20200815,20200728,06746P621,122598,29.340000
20200815,20200731,06746P621,29202,29.200000
20200815,20200730,06746P621,56588,28.570000
20200815,20200721,06746P621,554856,29.230000
20200815,20200724,06746P621,777211,30.070000
20200815,20200720,06746P621,2800,30.620000
20200815,20200717,06746P621,49606,31.760000
20200831,20200803,06746P621,37904,28.520000
20200831,20200804,06746P621,273344,28.460000
20200831,20200810,06746P621,117008,26.530000
20200831,20200812,06746P621,72413,26.950000
20200831,20200814,06746P621,133938,25.510000
20200831,20200811,06746P621,10886,25.750000
20200831,20200813,06746P621,319332,25.530000
20200831,20200806,06746P621,110596,27.040000
20200831,20200807,06746P621,218847,26.740000
20200831,20200805,06746P621,99843,27.620000
20200915,20200824,06746P621,162068,24.630000
20200915,20200827,06746P621,44935,24.930000
20200915,20200821,06746P621,1261092,24.500000
20200915,20200817,06746P621,156470,25.440000
20200915,20200828,06746P621,945081,25.720000
20200915,20200825,06746P621,315852,24.520000
20200915,20200826,06746P621,165005,24.390000
20200915,20200831,06746P621,162283,25.580000
20200915,20200819,06746P621,26899,24.330000
20200915,20200820,06746P621,52819,24.770000
20200930,20200911,06746P621,186774,27.130000
20200930,20200910,06746P621,116795,26.830000
20200930,20200908,06746P621,235174,28.920000
20200930,20200903,06746P621,648132,27.940000
20200930,20200914,06746P621,65460,25.520000
20200930,20200902,06746P621,516626,27.270000
20200930,20200909,06746P621,995706,28.280000
20200930,20200904,06746P621,225378,31.710000
20200930,20200901,06746P621,22582,26.850000
20201015,20200928,06746P621,115174,25.540000
20201015,20200924,06746P621,462469,26.700000
20201015,20200922,06746P621,108185,25.160000
20201015,20200929,06746P621,17035,25.360000
20201015,20200918,06746P621,36089,24.390000
20201015,20200930,06746P621,113784,24.940000
20201015,20200916,06746P621,98985,25.030000
20201015,20200917,06746P621,53375,24.960000
20201015,20200915,06746P621,142609,25.070000
20201015,20200921,06746P621,28024,24.370000
20201015,20200925,06746P621,130250,26.190000
20201015,20200923,06746P621,407753,25.360000
20201031,20201002,06746P621,3954,25.010000
20201031,20201014,06746P621,690719,22.150000
20201031,20201005,06746P621,73579,25.780000
20201031,20201009,06746P621,183608,23.510000
20201031,20201006,06746P621,32859,24.970000
20201031,20201008,06746P621,25070,24.490000
20201031,20201001,06746P621,6279,24.900000
20201031,20201007,06746P621,209410,25.320000
20201115,20201027,06746P621,12858,24.170000
20201115,20201016,06746P621,79872,22.110000
20201115,20201029,06746P621,212640,27.730000
20201115,20201015,06746P621,183789,21.920000
20201115,20201019,06746P621,32082,22.270000
20201115,20201021,06746P621,69619,23.230000
20201115,20201022,06746P621,157258,22.680000
20201115,20201023,06746P621,271757,22.150000
20201115,20201020,06746P621,334931,23.240000
20201115,20201028,06746P621,62243,24.270000
20201115,20201026,06746P621,114596,22.170000
20201130,20201102,06746P621,35249,26.530000
20201130,20201105,06746P621,2150644,22.350000
20201130,20201104,06746P621,273082,24.510000
20201130,20201113,06746P621,898472,20.330000
20201130,20201106,06746P621,184820,21.980000
20201130,20201103,06746P621,16196,25.940000
20201130,20201112,06746P621,743,18.990000
20201215,20201125,06746P621,65896,18.050000
20201215,20201124,06746P621,6,18.360000
20201215,20201117,06746P621,123671,18.540000
20201215,20201118,06746P621,234881,18.300000
20201215,20201120,06746P621,33349,18.640000
20201215,20201123,06746P621,39639,18.600000
20201215,20201119,06746P621,91601,18.840000
20201215,20201130,06746P621,49350,17.510000
20201215,20201127,06746P621,153302,17.390000
20201215,20201116,06746P621,44562,19.080000
20201231,20201209,06746P621,157990,16.590000
20201231,20201202,06746P621,1713,17.350000
20201231,20201207,06746P621,132690,17.110000
20201231,20201211,06746P621,81672,17.360000
20201231,20201214,06746P621,17294,18.000000
20201231,20201210,06746P621,19051,17.200000
20201231,20201208,06746P621,621076,17.210000
20201231,20201201,06746P621,160809,17.180000
20201231,20201203,06746P621,137565,17.260000
20201231,20201204,06746P621,272779,17.420000
20210115,20201221,06746P621,26239,17.080000
20210115,20201216,06746P621,2274,17.560000
20210115,20201230,06746P621,94530,17.430000
20210115,20201215,06746P621,2507,18.410000
20210115,20201228,06746P621,48210,16.880000
20210115,20201223,06746P621,192953,18.110000
20210115,20201218,06746P621,189946,16.750000
20210115,20201224,06746P621,56407,17.380000
20210115,20201222,06746P621,309200,18.440000
20210115,20201217,06746P621,165,16.990000
20210115,20201231,06746P621,56664,16.800000
20210115,20201229,06746P621,87651,16.820000
20210131,20210106,06746P621,128388,17.640000
20210131,20210104,06746P621,10074,16.790000
20210131,20210111,06746P621,615868,16.350000
20210131,20210113,06746P621,193671,16.750000
20210131,20210105,06746P621,5321,18.250000
20210131,20210112,06746P621,383117,17.340000
20210131,20210108,06746P621,588427,16.500000
20210131,20210107,06746P621,897,17.550000
20210131,20210114,06746P621,18041,16.490000
20210215,20210119,06746P621,1,17.110000
20210215,20210126,06746P621,5485,17.060000
20210215,20210127,06746P621,669690,17.200000
20210215,20210122,06746P621,114697,16.180000
20210215,20210121,06746P621,804432,16.310000
20210215,20210115,06746P621,2969,16.680000
20210215,20210120,06746P621,907196,16.630000
20210215,20210125,06746P621,58553,16.400000
20210215,20210128,06746P621,830561,20.250000
20210215,20210129,06746P621,78882,19.790000
20210228,20210208,06746P621,283789,16.470000
20210228,20210209,06746P621,102153,16.330000
20210228,20210201,06746P621,9583,21.080000
20210228,20210204,06746P621,5365,17.250000
20210228,20210205,06746P621,118174,16.500000
20210228,20210210,06746P621,324838,16.400000
20210228,20210202,06746P621,47400,19.880000
20210228,20210203,06746P621,25642,18.190000
20210228,20210211,06746P621,625987,16.670000
20210315,20210217,06746P621,426895,15.910000
20210315,20210216,06746P621,224408,15.740000
20210315,20210218,06746P621,722469,15.580000
20210315,20210226,06746P621,1666405,16.790000
20210315,20210222,06746P621,12323,15.100000
20210315,20210219,06746P621,217541,15.660000
20210315,20210225,06746P621,934167,14.480000
20210315,20210224,06746P621,68695,15.080000
20210315,20210223,06746P621,132822,15.730000
20210331,20210312,06746P621,28674,14.220000
20210331,20210309,06746P621,117627,15.390000
20210331,20210304,06746P621,121538,15.610000
20210331,20210303,06746P621,44838,14.970000
20210331,20210310,06746P621,243435,14.770000
20210331,20210305,06746P621,750,16.270000
20210331,20210301,06746P621,11336,16.030000
20210331,20210302,06746P621,20000,14.840000
20210331,20210308,06746P621,5100,15.120000
20210415,20210331,06746P621,268423,11.490000
20210415,20210318,06746P621,222745,12.590000
20210415,20210323,06746P621,1205459,11.940000
20210415,20210316,06746P621,39714,13.160000
20210415,20210319,06746P621,119105,13.290000
20210415,20210326,06746P621,284731,12.230000
20210415,20210325,06746P621,1126,12.610000
20210415,20210329,06746P621,14526,11.740000
20210415,20210315,06746P621,386750,13.950000
20210415,20210322,06746P621,127586,12.770000
20210415,20210330,06746P621,264581,12.010000
20210415,20210324,06746P621,203336,12.500000
20210430,20210414,06746P621,484098,10.090000
20210430,20210408,06746P621,266560,10.490000
20210430,20210405,06746P621,447663,11.050000
20210430,20210401,06746P621,196540,11.400000
20210430,20210413,06746P621,317607,10.160000
20210430,20210406,06746P621,173175,10.770000
20210430,20210412,06746P621,19724,10.310000
20210430,20210409,06746P621,1240300,10.330000
20210430,20210407,06746P621,433603,10.770000
20210515,20210427,06747R477,35023,39.820000
20210515,20210419,06746P621,829683,9.810000
20210515,20210415,06746P621,32363,10.310000
20210515,20210420,06746P621,6549051,10.170000
20210515,20210421,06746P621,2574636,10.400000
20210515,20210416,06746P621,2574,9.970000
20210515,20210422,06746P621,928195,9.840000
20210515,20210430,06747R477,714,38.570000
20210515,20210428,06747R477,534929,39.010000
20210515,20210426,06747R477,91362,40.170000
20210515,20210429,06747R477,37084,38.870000
20210515,20210423,06746P621,7706,10.450000
20210531,20210505,06747R477,205675,40.210000
20210531,20210513,06747R477,322024,48.400000
20210531,20210511,06747R477,99863,38.350000
20210531,20210503,06747R477,90782,40.160000
20210531,20210514,06747R477,498380,43.750000
20210531,20210512,06747R477,225911,41.210000
20210531,20210510,06747R477,344,36.740000
20210531,20210506,06747R477,1213897,39.190000
20210531,20210507,06747R477,5049,38.950000
20210531,20210504,06747R477,14627,38.750000
20210615,20210527,06747R477,70515,35.900000
20210615,20210526,06747R477,85788,37.700000
20210615,20210528,06747R477,74513,34.160000
20210615,20210521,06747R477,978054,39.990000
20210615,20210524,06747R477,317907,39.480000
20210615,20210519,06747R477,479566,40.450000
20210615,20210518,06747R477,83285,39.870000
20210615,20210520,06747R477,63773,42.350000
20210615,20210517,06747R477,4617,38.610000
20210615,20210525,06747R477,98169,37.730000
20210630,20210614,06747R477,20993,30.820000
20210630,20210607,06747R477,543317,33.390000
20210630,20210601,06747R477,189707,34.700000
20210630,20210608,06747R477,215,32.790000
20210630,20210604,06747R477,32420,35.250000
20210630,20210610,06747R477,4715,33.680000
20210630,20210611,06747R477,669263,31.730000
20210630,20210603,06747R477,29353,34.610000
20210630,20210609,06747R477,1379,33.140000
20210630,20210602,06747R477,25664,35.530000
20210715,20210625,06747R477,134241,29.700000
20210715,20210616,06747R477,437529,31.790000
20210715,20210622,06747R477,2166320,32.540000
20210715,20210623,06747R477,237909,30.870000
20210715,20210621,06747R477,28727,34.690000
20210715,20210624,06747R477,44618,30.290000
20210715,20210618,06747R477,141840,31.890000
20210715,20210629,06747R477,327690,29.150000
20210715,20210615,06747R477,148519,31.110000
20210715,20210628,06747R477,9550,29.150000
20210715,20210630,06747R477,52541,29.770000
20210715,20210617,06747R477,849019,32.070000
20210731,20210701,06747R477,140062,29.460000
20210731,20210709,06747R477,135155,31.550000
20210731,20210713,06747R477,347516,29.240000
20210731,20210707,06747R477,130006,29.570000
20210731,20210712,06747R477,557251,29.430000
20210731,20210702,06747R477,397818,28.980000
20210731,20210706,06747R477,57615,28.910000
20210731,20210714,06747R477,66833,29.590000
20210731,20210708,06747R477,86025,29.630000
20210815,20210715,06747R477,212579,28.910000
20210815,20210728,06747R477,283572,30.860000
20210815,20210722,06747R477,381185,29.940000
20210815,20210727,06747R477,432502,29.850000
20210815,20210719,06747R477,269005,30.550000
20210815,20210720,06747R477,854198,34.910000
20210815,20210729,06747R477,765938,29.990000
20210815,20210723,06747R477,322992,30.470000
20210815,20210716,06747R477,982,29.330000
20210815,20210726,06747R477,174477,30.330000
20210815,20210730,06747R477,29216,29.490000
20210815,20210721,06747R477,1215685,31.970000
20210831,20210810,06747R477,174546,28.010000
20210831,20210811,06747R477,134126,27.530000
20210831,20210802,06747R477,81403,30.210000
20210831,20210805,06747R477,217570,29.770000
20210831,20210813,06747R477,110261,26.240000
20210831,20210804,06747R477,19183,29.810000
20210831,20210809,06747R477,2061102,28.300000
20210831,20210806,06747R477,549912,29.050000
20210831,20210812,06747R477,7654,26.780000
20210831,20210803,06747R477,22414,31.380000
20210915,20210825,06747R477,2670191,26.710000
20210915,20210816,06747R477,103451,26.280000
20210915,20210827,06747R477,187625,27.250000
20210915,20210818,06747R477,106164,27.200000
20210915,20210817,06747R477,196508,26.320000
20210915,20210823,06747R477,72797,27.760000
20210915,20210831,06747R477,156686,25.590000
20210915,20210826,06747R477,495860,26.130000
20210915,20210820,06747R477,34838,30.020000
20210915,20210830,06747R477,1368750,25.850000
20210915,20210819,06747R477,1094195,29.070000
20210915,20210824,06747R477,2752018,26.810000
20210930,20210910,06747R477,216656,26.050000
20210930,20210907,06747R477,1372066,24.940000
20210930,20210914,06747R477,12231,26.090000
20210930,20210909,06747R477,1000894,25.510000
20210930,20210902,06747R477,376311,24.820000
20210930,20210903,06747R477,318215,24.770000
20210930,20210913,06747R477,181102,27.060000
20210930,20210908,06747R477,16836,25.550000
20211015,20210922,06747R477,471143,28.860000
20211015,20210916,06747R477,1505469,25.430000
20211015,20210917,06747R477,7366,25.180000
20211015,20210924,06747R477,194671,25.360000
20211015,20210923,06747R477,204962,27.070000
20211015,20210929,06747R477,196460,27.410000
20211015,20210920,06747R477,678615,26.810000
20211015,20210928,06747R477,341281,24.820000
20211015,20210927,06747R477,43902,24.580000
20211015,20210921,06747R477,332514,29.740000
20211015,20210930,06747R477,289309,27.810000
20211015,20210915,06747R477,7014,26.460000
20211031,20211013,06747R477,148895,24.610000
20211031,20211004,06747R477,58111,26.820000
20211031,20211014,06747R477,22959,24.140000
20211031,20211005,06747R477,89854,27.570000
20211031,20211006,06747R477,49810,26.550000
20211031,20211007,06747R477,10699,26.210000
20211031,20211008,06747R477,918686,25.260000
20211031,20211012,06747R477,312638,25.120000
20211031,20211001,06747R477,172661,27.830000
20211115,20211026,06747R477,941021,21.060000
20211115,20211029,06747R477,121874,21.270000
20211115,20211020,06747R477,134533,22.150000
20211115,20211021,06747R477,1293278,21.950000
20211115,20211028,06747R477,3774,21.950000
20211115,20211018,06747R477,373543,22.790000
20211115,20211015,06747R477,366940,22.810000
20211115,20211019,06747R477,521028,22.370000
20211115,20211022,06747R477,923707,21.220000
20211115,20211025,06747R477,190602,21.700000
20211115,20211027,06747R477,161875,21.470000
20211130,20211108,06747R477,76986,20.830000
20211130,20211109,06747R477,605834,20.860000
20211130,20211103,06747R477,247209,20.530000
20211130,20211102,06747R477,90722,21.100000
20211130,20211110,06747R477,912170,21.210000
20211130,20211101,06747R477,179418,21.440000
20211130,20211112,06747R477,97326,21.140000
20211130,20211105,06747R477,15831,20.050000
20211130,20211104,06747R477,502343,19.820000
20211215,20211119,06747R477,1125437,20.710000
20211215,20211123,06747R477,127902,21.330000
20211215,20211116,06747R477,46867,20.120000
20211215,20211115,06747R477,93908,20.360000
20211215,20211129,06747R477,69768,26.160000
20211215,20211118,06747R477,1581999,20.520000
20211215,20211126,06747R477,68613,20.550000
20211215,20211122,06747R477,102839,20.960000
20211215,20211130,06747R477,232426,22.050000
20211215,20211117,06747R477,34100,20.190000
20211215,20211124,06747R477,655423,20.850000
20211231,20211201,06747R477,78040,25.460000
20211231,20211213,06747R477,98945,20.780000
20211231,20211202,06747R477,191578,27.300000
20211231,20211210,06747R477,342211,22.200000
20211231,20211208,06747R477,36153,22.900000
20211231,20211203,06747R477,185843,25.720000
20211231,20211207,06747R477,175452,25.780000
20211231,20211209,06747R477,3157,21.520000
20211231,20211214,06747R477,729380,21.640000
20211231,20211206,06747R477,18074,27.960000
20220115,20211229,06747R477,281075,19.210000
20220115,20211223,06747R477,1473589,20.410000
20220115,20211216,06747R477,41214,20.430000
20220115,20211228,06747R477,501619,19.700000
20220115,20211227,06747R477,1062445,20.180000
20220115,20211230,06747R477,299880,18.710000
20220115,20211222,06747R477,1130783,21.660000
20220115,20211220,06747R477,801127,21.970000
20220115,20211221,06747R477,587974,22.780000
20220115,20211215,06747R477,273197,21.930000
20220115,20211217,06747R477,128996,21.290000
20220115,20211231,06747R477,562693,18.710000
20220131,20220112,06747R477,34898,17.820000
20220131,20220105,06747R477,320557,17.880000
20220131,20220103,06747R477,7872,18.530000
20220131,20220107,06747R477,63096,19.380000
20220131,20220114,06747R477,224068,18.740000
20220131,20220104,06747R477,237807,17.900000
20220131,20220113,06747R477,216939,17.630000
20220131,20220106,06747R477,1012706,19.290000
20220131,20220111,06747R477,54552,18.470000
20220131,20220110,06747R477,66507,18.820000
20220215,20220131,06747R477,411190,22.950000
20220215,20220119,06747R477,112206,19.890000
20220215,20220121,06747R477,660716,21.240000
20220215,20220120,06747R477,425178,20.360000
20220215,20220128,06747R477,113062,24.490000
20220215,20220126,06747R477,187180,23.860000
20220215,20220125,06747R477,434371,23.720000
20220215,20220124,06747R477,48804,23.200000
20220215,20220118,06747R477,37180,18.450000
20220215,20220127,06747R477,91769,24.320000
20220228,20220211,06747R477,281032,20.460000
20220228,20220202,06747R477,304727,19.840000
20220228,20220201,06747R477,129787,21.410000
20220228,20220207,06747R477,401806,21.000000
20220228,20220203,06747R477,4406,19.420000
20220228,20220210,06747R477,130203,18.710000
20220228,20220209,06747R477,1300,19.500000
20220228,20220208,06747R477,194134,20.420000
20220228,20220204,06747R477,268112,21.780000
20220228,20220214,06747R477,2141991,23.240000
20220315,20220225,06747R477,28623,23.930000
20220315,20220215,06747R477,1523563,23.310000
20220315,20220228,06747R477,1291736,22.950000
20220315,20220223,06747R477,391740,23.360000
20220315,20220216,06747R477,409606,21.390000
20220315,20220218,06747R477,145586,22.960000
20220315,20220224,06747R477,571342,24.700000
20220315,20220217,06747R477,300,20.530000
20220315,20220222,06747R477,1013174,23.450000
20220331,20220303,06747R477,1284971,24.960000
20220331,20220311,06747R477,2954634,25.830000
20220331,20220314,06747R477,1180008,26.340000
20220331,20220308,06747R477,412446,28.490000
20220331,20220309,06747R477,228690,28.150000
20220331,20220301,06747R477,3513465,24.000000
20220331,20220304,06747R477,1310486,25.110000
20220331,20220307,06747R477,235970,26.200000
20220331,20220310,06747R477,234906,27.030000
20220331,20220302,06747R477,113605,26.670000
20220415,20220324,06747R477,108804,25.490000
20220415,20220331,06747R477,55846,25.000000
20220415,20220317,06747R477,641049,25.950000
20220415,20220318,06747R477,578692,26.150000
20220415,20220322,06747R477,600953,26.010000
20220415,20220328,06747R477,42990,25.200000
20220415,20220325,06747R477,56753,25.200000
20220415,20220315,06747R477,4435746,28.810000
20220415,20220330,06747R477,89819,24.850000
20220415,20220329,06747R477,35799,25.730000
20220415,20220321,06747R477,644440,25.000000
20220415,20220316,06747R477,3036346,28.700000
20220415,20220323,06747R477,470628,25.450000
20220430,20220411,06747R477,162590,24.670000
20220430,20220414,06747R477,175080,24.590000
20220430,20220413,06747R477,80722,25.740000
20220430,20220401,06747R477,102849,25.700000
20220430,20220406,06747R477,89939,24.810000
20220430,20220405,06747R477,62667,24.430000
20220430,20220412,06747R477,30734,26.100000
20220430,20220404,06747R477,97837,25.030000
20220430,20220407,06747R477,288099,24.380000
20220430,20220408,06747R477,462916,24.050000
20220515,20220425,06747R477,112849,26.150000
20220515,20220422,06747R477,163252,24.860000
20220515,20220418,06747R477,105800,24.990000
20220515,20220421,06747R477,323160,24.390000
20220515,20220428,06747R477,128386,27.200000
20220515,20220426,06747R477,185974,24.800000
20220515,20220429,06747R477,205881,26.040000
20220515,20220427,06747R477,74813,26.350000
20220515,20220420,06747R477,281867,24.730000
20220515,20220419,06747R477,412960,25.310000
20220531,20220511,06747R477,105599,27.060000
20220531,20220509,06747R477,231219,27.070000
20220531,20220505,06747R477,160384,24.850000
20220531,20220504,06747R477,85891,27.050000
20220531,20220502,06747R477,180636,27.710000
20220531,20220510,06747R477,23696,28.010000
20220531,20220506,06747R477,172962,27.000000
20220531,20220503,06747R477,15166,27.500000
20220531,20220513,06747R477,181037,26.930000
20220531,20220512,06747R477,138520,27.280000
20220615,20220517,06747R477,4600,24.690000
20220615,20220519,06747R477,126770,26.090000
20220615,20220525,06747R477,219883,24.030000
20220615,20220518,06747R477,90450,24.790000
20220615,20220520,06747R477,153151,25.360000
20220615,20220526,06747R477,56397,23.650000
20220615,20220523,06747R477,100490,25.050000
20220615,20220527,06747R477,57163,23.260000
20220615,20220531,06747R477,52263,22.460000
20220615,20220524,06747R477,29060,24.060000
20220615,20220516,06747R477,222421,25.970000
20220630,20220613,06747R477,298399,23.330000
20220630,20220603,06747R477,145004,21.700000
20220630,20220610,06747R477,202253,23.130000
20220630,20220602,06747R477,122097,22.260000
20220630,20220608,06747R477,452570,21.670000
20220630,20220607,06747R477,549148,22.030000
20220630,20220609,06747R477,294132,21.800000
20220630,20220606,06747R477,105789,21.890000
20220630,20220614,06747R477,32923,25.840000
20220630,20220601,06747R477,34394,22.560000
20220715,20220627,06747R477,17313,23.120000
20220715,20220616,06747R477,64080,23.970000
20220715,20220629,06747R477,77616,22.780000
20220715,20220623,06747R477,59082,23.840000
20220715,20220622,06747R477,197988,24.500000
20220715,20220621,06747R477,114636,24.660000
20220715,20220630,06747R477,33429,22.840000
20220715,20220615,06747R477,276363,25.330000
20220715,20220624,06747R477,48899,23.400000
20220715,20220617,06747R477,68048,25.400000
20220731,20220705,06747R477,33863,22.540000
20220731,20220711,06747R477,56847,21.990000
20220731,20220707,06747R477,54353,22.160000
20220731,20220714,06747R477,22979,22.410000
20220731,20220712,06747R477,14108,22.210000
20220731,20220713,06747R477,50203,22.480000
20220731,20220701,06747R477,31330,23.080000
20220731,20220706,06747R477,16326,22.550000
20220731,20220708,06747R477,72382,22.330000
20220815,20220722,06747R477,661,21.200000
20220815,20220728,06747R477,556465,21.310000
20220815,20220726,06747R477,254008,21.150000
20220815,20220719,06747R477,40754,21.910000
20220815,20220715,06747R477,69939,22.320000
20220815,20220729,06747R477,446044,20.820000
20220815,20220727,06747R477,925150,21.670000
20220815,20220725,06747R477,91560,21.400000
20220815,20220720,06747R477,69765,21.850000
20220815,20220718,06747R477,148472,21.540000
20220815,20220721,06747R477,13213,21.570000
20220831,20220802,06747R477,350553,21.800000
20220831,20220803,06747R477,815419,21.650000
20220831,20220811,06747R477,472379,21.440000
20220831,20220801,06747R477,217305,20.940000
20220831,20220805,06747R477,472746,21.320000
20220831,20220810,06747R477,404125,21.940000
20220831,20220809,06747R477,660206,22.070000
20220831,20220804,06747R477,671406,21.950000
20220831,20220808,06747R477,484195,21.500000
20220831,20220812,06747R477,289320,21.690000
20220915,20220817,06747R477,89708,21.290000
20220915,20220816,06747R477,78005,21.490000
20220915,20220815,06747R477,265697,22.050000
20220915,20220819,06747R477,206046,21.140000
20220915,20220830,06747R477,510940,19.710000
20220915,20220825,06747R477,632349,19.800000
20220915,20220824,06747R477,474232,20.140000
20220915,20220823,06747R477,376388,21.220000
20220915,20220831,06747R477,377946,19.480000
20220915,20220818,06747R477,183682,21.100000
20220915,20220822,06747R477,245936,21.160000
20220915,20220826,06747R477,309591,19.700000
20220915,20220829,06747R477,261050,20.150000
20220930,20220901,06747R477,133247,19.240000
20220930,20220907,06747R477,314950,19.250000
20220930,20220906,06747R477,150956,19.090000
20220930,20220908,06747R477,47866,18.550000
20220930,20220902,06747R477,101386,19.440000
20221015,20220921,06747R477,1296091,18.410000
20221015,20220928,06747R477,121335,20.950000
20221015,20220920,06747R477,781665,17.990000
20221015,20220922,06747R477,1039731,18.860000
20221015,20220929,06747R477,594,20.070000
20221015,20220916,06747R477,227157,19.150000
20221015,20220915,06747R477,148788,19.090000
20221015,20220923,06747R477,574800,18.910000
20221015,20220926,06747R477,73933,19.820000
20221015,20220930,06747R477,440,20.620000
20221015,20220927,06747R477,311090,20.560000
20221015,20220919,06747R477,215331,19.810000
20221031,20221007,06747R477,434774,20.090000
20221031,20221005,06747R477,700,19.390000
20221031,20221011,06747R477,25480,21.430000
20221031,20221006,06747R477,480,19.520000
20221031,20221013,06747R477,342,21.540000
20221031,20221004,06747R477,26540,20.150000
20221031,20221003,06747R477,316,21.210000
20221031,20221012,06747R477,500,21.760000
20221031,20221014,06747R477,348,20.980000
20221115,20221026,06747R477,3175,19.170000
20221115,20221027,06747R477,55192,18.730000
20221115,20221020,06747R477,86,20.600000
20221115,20221028,06747R477,15289,18.360000
20221115,20221021,06747R477,339454,20.330000
20221115,20221018,06747R477,23227,20.840000
20221115,20221019,06747R477,99,20.440000
20221115,20221024,06747R477,335091,20.250000
20221115,20221017,06747R477,97208,21.450000
20221115,20221031,06747R477,93320,17.930000
20221130,20221110,06747R477,53138,18.210000
20221130,20221109,06747R477,111692,17.660000
20221130,20221102,06747R477,2202,17.490000
20221130,20221108,06747R477,3740,17.160000
20221130,20221101,06747R477,127616,17.660000
20221130,20221107,06747R477,7534,17.350000
20221130,20221114,06747R477,1,16.980000
20221130,20221104,06747R477,130301,17.570000
20221130,20221103,06747R477,2197,17.940000
20221215,20221117,06747R477,245146,16.740000
20221215,20221115,06747R477,609,16.980000
20221215,20221122,06747R477,3132,15.970000
20221215,20221123,06747R477,6346,15.420000
20221215,20221116,06747R477,9650,17.200000
20221215,20221129,06747R477,82858,15.720000
20221215,20221130,06747R477,13620,15.490000
20221215,20221128,06747R477,329897,15.160000
20221215,20221125,06747R477,84947,15.080000
20221231,20221212,06747R477,493,15.300000
20221231,20221205,06747R477,289,14.380000
20221231,20221207,06747R477,2279,15.070000
20221231,20221213,06747R477,3446,15.210000
20221231,20221201,06747R477,492146,14.920000
20221231,20221202,06747R477,168255,14.640000
20221231,20221208,06747R477,48609,15.290000
20221231,20221214,06747R477,106300,14.580000
20221231,20221209,06747R477,70559,14.980000
20221231,20221206,06747R477,446867,14.630000
20230115,20221220,06747R477,266,14.650000
20230115,20221215,06747R477,100,14.080000
20230115,20221227,06747R477,5867,14.350000
20230115,20221230,06747R477,282,14.130000
20230115,20221222,06747R477,92,13.990000
20230115,20221221,06747R477,8970,14.540000
20230115,20221223,06747R477,1961,14.750000
20230115,20221216,06747R477,273494,14.960000
20230115,20221219,06747R477,3745,15.010000
20230115,20221228,06747R477,8462,14.340000
20230131,20230105,06747R477,50865,13.610000
20230131,20230110,06747R477,60543,13.470000
20230131,20230106,06747R477,8046,13.720000
20230131,20230111,06747R477,89,12.910000
20230131,20230103,06747R477,98847,14.120000
20230215,20230127,06747R477,13566,11.450000
20230215,20230123,06747R477,2638,12.170000
20230215,20230126,06747R477,141835,11.630000
20230215,20230117,06747R477,41919,12.020000
20230215,20230120,06747R477,5216,12.620000
20230215,20230119,06747R477,4175,12.550000
20230215,20230118,06747R477,5125,12.120000
20230215,20230130,06747R477,145947,11.300000
20230215,20230131,06747R477,334047,11.580000
20230215,20230125,06747R477,37562,11.610000
20230228,20230209,06747R477,70078,11.660000
20230228,20230210,06747R477,10775,12.030000
20230228,20230208,06747R477,42273,11.240000
20230228,20230207,06747R477,30619,11.600000
20230228,20230201,06747R477,34827,11.320000
20230228,20230206,06747R477,9419,11.320000
20230228,20230213,06747R477,23223,12.170000
20230228,20230202,06747R477,67144,10.980000
20230228,20230214,06747R477,5724,11.690000
20230315,20230224,06747R477,24590,11.790000
20230315,20230215,06747R477,465436,11.300000
20230315,20230221,06747R477,346,11.670000
20230315,20230228,06747R477,27710,11.780000
20230315,20230222,06747R477,577,12.580000
20230331,20230301,06747R477,245,11.540000
20230331,20230313,06748F324,73612,52.930000
20230331,20230309,06748F324,305210,43.050000
20230331,20230302,06747R477,28886,11.650000
20230331,20230310,06748F324,48562,47.510000
20230331,20230314,06748F324,56265,54.540000
20230331,20230303,06747R477,87456,11.220000
20230331,20230307,06747R477,166854,10.710000
20230415,20230331,06748F324,18572,45.110000
20230415,20230315,06748F324,2124,51.660000
20230415,20230322,06748F324,58899,48.460000
20230415,20230328,06748F324,40350,47.970000
20230415,20230327,06748F324,62585,49.740000
20230415,20230320,06748F324,181020,55.960000
20230415,20230323,06748F324,104401,50.540000
20230415,20230316,06748F324,703,54.960000
20230415,20230330,06748F324,4452,45.110000
20230415,20230321,06748F324,85397,53.100000
20230415,20230317,06748F324,378,50.460000
20230415,20230324,06748F324,91055,51.890000
20230430,20230405,06748F324,17846,44.670000
20230430,20230413,06748F324,4,42.900000
20230430,20230404,06748F324,64480,43.910000
20230430,20230414,06748F324,23857,41.340000
20230430,20230412,06748F324,3658,42.640000
20230430,20230403,06748F324,92511,44.910000
20230430,20230406,06748F324,192790,44.260000
20230430,20230411,06748F324,1060,43.060000
20230515,20230424,06748F324,18176,39.200000
20230515,20230425,06748F324,74791,38.990000
20230515,20230419,06748F324,14610,39.240000
20230515,20230420,06748F324,80650,39.090000
20230515,20230428,06748F324,86336,39.430000
20230515,20230426,06748F324,143012,42.290000
20230515,20230421,06748F324,132802,39.950000
20230515,20230427,06748F324,76610,41.220000
20230515,20230417,06748F324,71405,40.610000
20230515,20230418,06748F324,10143,39.500000
20230531,20230508,06748F324,8590,38.750000
20230531,20230510,06748F324,416,39.030000
20230531,20230502,06748F324,103503,37.240000
20230531,20230505,06748F324,102,42.060000
20230531,20230501,06748F324,108410,37.860000
20230531,20230511,06748F324,616,37.840000
20230531,20230512,06748F324,30045,37.470000
20230531,20230509,06748F324,9907,38.110000
20230615,20230519,06748F324,88977,34.900000
20230615,20230531,06748F324,18454,34.730000
20230615,20230526,06748F324,21933,37.070000
20230615,20230524,06748F324,22389,36.490000
20230615,20230515,06748F324,23177,37.510000
20230615,20230518,06748F324,74687,36.360000
20230615,20230516,06748F324,543,36.500000
20230615,20230517,06748F324,14154,37.610000
20230615,20230523,06748F324,2482,35.810000
20230615,20230522,06748F324,31097,35.770000
20230615,20230530,06748F324,22080,35.650000
20230630,20230608,06748F324,478174,28.910000
20230630,20230612,06748F324,282606,28.360000
20230630,20230613,06748F324,955015,28.490000
20230630,20230605,06748F324,82043,31.180000
20230630,20230614,06748F324,168045,28.420000
20230630,20230601,06748F324,31336,34.460000
20230630,20230606,06748F324,15467,30.610000
20230630,20230609,06748F324,392625,28.210000
20230630,20230607,06748F324,81281,28.780000
20230715,20230628,06748F324,398,25.770000
20230715,20230616,06748F324,405108,28.300000
20230715,20230630,06748F324,78532,25.370000
20230715,20230629,06748F324,66070,24.830000
20230715,20230626,06748F324,311021,26.480000
20230715,20230622,06748F324,363103,26.790000
20230715,20230615,06748F324,308225,27.570000
20230715,20230623,06748F324,218738,26.150000
20230715,20230621,06748F324,458185,27.350000
20230715,20230620,06748F324,282183,27.300000
20230731,20230711,06748F324,9058,25.660000
20230731,20230707,06748F324,134655,26.510000
20230731,20230712,06748F324,1168,25.470000
20230731,20230713,06748F324,163127,24.070000
20230731,20230714,06748F324,180441,24.210000
20230731,20230703,06748F324,191,25.000000
20230731,20230706,06748F324,7885,25.070000
20230731,20230710,06748F324,685,25.830000
20230731,20230705,06748F324,5970,24.740000
20230815,20230731,06748F324,100,22.900000
20230815,20230717,06748F324,319549,23.920000
20230815,20230725,06748F324,73563,23.300000
20230815,20230726,06748F324,36176,23.290000
20230815,20230721,06748F324,362948,23.990000
20230815,20230727,06748F324,244214,22.670000
20230815,20230718,06748F324,110277,23.870000
20230815,20230719,06748F324,193222,23.480000
20230815,20230728,06748F324,111943,23.800000
20230815,20230720,06748F324,335441,23.900000
20230831,20230807,06748F324,1649,25.830000
20230831,20230808,06748F324,9402,24.480000
20230831,20230804,06748F324,1172,24.940000
20230831,20230814,06748F324,1866,23.830000
20230831,20230803,06748F324,5980,25.020000
20230831,20230801,06748F324,611,22.600000
20230831,20230810,06748F324,4488,24.690000
20230915,20230830,06748F324,96058,22.670000
20230915,20230829,06748F324,35706,23.250000
20230915,20230818,06748F324,5011,26.380000
20230915,20230828,06748F324,25470,24.200000
20230915,20230816,06748F324,100,24.770000
20230915,20230825,06748F324,239610,25.300000
20230915,20230824,06748F324,209030,24.310000
20230915,20230815,06748F324,366,23.420000
20230915,20230822,06748F324,8943,25.030000
20230915,20230821,06748F324,658,25.710000
20230915,20230823,06748F324,93831,25.140000
20230915,20230831,06748F324,539242,21.990000
20230930,20230905,06748F324,6912,21.210000
20230930,20230901,06748F324,11667,21.500000
20230930,20230908,06748F324,43233,21.710000
20230930,20230911,06748F324,2800,21.280000
20231015,20230915,06748F324,404894,19.910000
20231015,20230919,06748F324,24204,20.510000
20231015,20230918,06748F324,401960,20.680000
20231015,20230929,06748F324,2180,22.870000
20231015,20230922,06748F324,40694,22.810000
20231015,20230927,06748F324,369,25.040000
20231015,20230920,06748F324,62,20.410000
20231015,20230926,06748F324,25099,22.900000
20231015,20230928,06748F324,27187,23.970000
20231031,20231003,06748F324,19200,23.360000
20231031,20231005,06748F324,44759,24.280000
20231031,20231010,06748F324,1294,23.310000
20231031,20231012,06748F324,315979,22.120000
20231031,20231011,06748F324,13007,22.530000
20231031,20231002,06748F324,3871,23.320000
20231031,20231004,06748F324,9535,25.560000
20231031,20231006,06748F324,48545,23.940000
20231115,20231031,06748F324,147893,25.060000
20231115,20231017,06748F324,7093,22.910000
20231115,20231026,06748F324,64682,25.980000
20231115,20231027,06748F324,49238,26.210000
20231115,20231025,06748F324,13527,24.390000
20231115,20231023,06748F324,4194,26.460000
20231115,20231020,06748F324,13123,26.300000
20231115,20231024,06748F324,55835,25.550000
20231115,20231030,06748F324,94361,27.080000
20231130,20231102,06748F324,108560,22.460000
20231130,20231101,06748F324,1690,23.450000
20231130,20231103,06748F324,483,21.690000
20231130,20231114,06748F324,2406,19.710000
20231130,20231107,06748F324,26399,20.480000
20231130,20231106,06748F324,552542,21.180000
20231130,20231113,06748F324,17368,19.930000
20231130,20231108,06748F324,66,20.380000
20231215,20231120,06748F324,2485,18.560000
20231215,20231115,06748F324,1209,19.560000
20231215,20231122,06748F324,1510,18.060000
20231215,20231121,06748F324,115356,18.420000
20231215,20231130,06748F324,30545,17.560000
20231215,20231128,06748F324,168,17.540000
20231215,20231116,06748F324,47861,19.150000
20231215,20231127,06748F324,116899,17.420000
20231231,20231206,06748F324,27876,17.160000
20231231,20231213,06748F324,50979,15.900000
20231231,20231208,06748F324,4441,17.250000
20231231,20231214,06748F324,153009,15.710000
20231231,20231201,06748F324,2328,17.290000
20231231,20231211,06748F324,19323,16.750000
20231231,20231204,06748F324,1199,17.230000
20231231,20231207,06748F324,22152,17.240000
20240115,20231222,06748F324,21029,17.060000
20240115,20231229,06748F324,47338,15.480000
20240115,20231227,06748F324,9392,16.220000
20240115,20231221,06748F324,10831,17.420000
20240115,20231220,06748F324,12168,16.420000
20240115,20231219,06748F324,72498,16.180000
20240115,20231218,06748F324,545,16.140000
20240115,20231228,06748F324,11986,15.520000
20240131,20240103,06748F324,52943,15.520000
20240131,20240102,06748F324,3043,15.520000
20240131,20240110,06748F324,199,14.840000
20240131,20240104,06748F324,39222,16.100000
20240131,20240108,06748F324,592,15.550000
20240131,20240105,06748F324,5606,16.080000
20240215,20240116,06748F324,472428,14.840000
20240215,20240125,06748F324,701,14.450000
20240215,20240129,06748F324,65,14.530000
20240215,20240126,06748F324,9,14.610000
20240215,20240119,06748F324,380786,15.390000
20240215,20240122,06748F324,4524,15.000000
20240215,20240123,06748F324,137078,14.500000
20240215,20240124,06748F324,364,14.080000
20240215,20240130,06748F324,104268,14.590000
20240215,20240118,06748F324,270858,15.940000
20240215,20240117,06748F324,191632,15.360000
20240229,20240214,06748F324,21459,15.330000
20240229,20240212,06748F324,26378,14.020000
20240229,20240205,06748F324,134561,14.990000
20240229,20240202,06748F324,35735,15.010000
20240229,20240206,06748F324,10599,14.400000
20240229,20240201,06748F324,151304,15.130000
20240315,20240215,06748F324,7700,14.570000
20240315,20240229,06748F324,47070,13.750000
20240315,20240223,06748F324,3355,14.460000
20240315,20240228,06748F324,50030,13.530000
20240315,20240227,06748F324,20577,13.790000
20240315,20240222,06748F324,338995,14.740000
20240315,20240221,06748F324,7410,14.870000
20240315,20240220,06748F324,108010,14.400000
20240331,20240307,06748F324,51042,14.180000
20240331,20240305,06748F324,50775,13.570000
20240331,20240314,06748F324,13092,13.560000
20240331,20240306,06748F324,50741,14.130000
20240331,20240301,06748F324,39248,13.560000
20240331,20240313,06748F324,50395,13.630000
20240331,20240312,06748F324,60772,14.330000
20240331,20240311,06748F324,58460,14.480000
20240331,20240304,06748F324,56289,13.600000
20240415,20240315,06748F324,325145,13.910000
20240415,20240325,06748F324,10673,13.130000
20240415,20240327,06748F324,2484,13.010000
20240415,20240326,06748F324,24183,13.080000
20240415,20240328,06748F324,15664,12.770000
20240430,20240410,06748F324,113587,13.600000
20240430,20240403,06748F324,240366,13.450000
20240430,20240411,06748F324,5534,13.860000
20240430,20240404,06748F324,4426,13.360000
20240430,20240409,06748F324,71179,13.700000
20240430,20240402,06748F324,7149,13.140000
20240430,20240401,06748F324,28988,12.970000
20240430,20240412,06748F324,15379,13.590000
20240430,20240408,06748F324,18219,14.260000
20240515,20240415,06748F324,1048,14.790000
20240515,20240417,06748F324,108360,15.080000
20240515,20240416,06748F324,18526,15.610000
20240515,20240425,06748F324,225586,13.570000
20240515,20240422,06748F324,7433,15.460000
20240515,20240418,06748F324,11152,14.930000
20240515,20240423,06748F324,21689,14.270000
20240515,20240424,06748F324,4215,13.710000
20240515,20240419,06748F324,33504,14.970000
20240515,20240429,06748F324,6027,13.430000
20240515,20240426,06748F324,99472,13.880000
20240531,20240507,06748F324,50871,12.410000
20240531,20240503,06748F324,269,13.240000
20240531,20240509,06748F324,25,12.280000
20240531,20240510,06748F324,45,12.230000
20240531,20240506,06748F324,539,12.790000
20240531,20240501,06748F324,16285,13.610000
20240531,20240502,06748F324,15019,13.690000
20240615,20240531,06748F324,88308,11.890000
20240615,20240524,06748F324,1280948,11.590000
20240615,20240520,06748F324,1430786,11.360000
20240615,20240529,06748F324,189,11.490000
20240615,20240516,06748F324,51797,11.520000
20240615,20240517,06748F324,185652,11.510000
20240615,20240523,06748F324,8113,11.430000
20240615,20240528,06748F324,56054,11.250000
20240615,20240530,06748F324,77721,11.930000
20240615,20240522,06748F324,529171,11.190000
20240615,20240521,06748F324,13445,11.380000
20240630,20240603,06748F324,19458,11.530000
20240630,20240607,06748F324,42194,11.250000
20240630,20240605,06748F324,2706481,11.520000
20240630,20240612,06748F324,46536,11.110000
20240630,20240604,06748F324,40403,11.460000
20240630,20240611,06748F324,8396,11.100000
20240630,20240614,06748F324,848,10.860000
20240630,20240613,06748F324,795422,10.890000
20240630,20240606,06748F324,14601,11.310000
20240630,20240610,06748F324,16490,11.130000
20240715,20240620,06748F324,34247,11.130000
20240715,20240624,06748F324,110454,11.290000
20240715,20240617,06748F324,364343,11.210000
20240715,20240618,06748F324,1268878,11.190000
20240715,20240626,06748F324,75,11.000000
20240715,20240627,06748F324,7654,10.880000
20240715,20240628,06748F324,2786,10.810000
20240715,20240625,06748F324,33259,11.200000
20240731,20240703,06748F324,2641,10.370000
20240731,20240705,06748F324,4742,10.420000
20240731,20240701,06748F324,408430,10.920000
20240731,20240709,06748F324,23457,10.270000
20240731,20240710,06748F324,103356,10.300000
20240731,20240702,06748F324,36745,10.490000
20240731,20240708,06748F324,18386,10.460000
20240731,20240711,06748F324,201034,10.280000
20240731,20240712,06748F324,4724,10.340000
20240815,20240725,06748M196,60767,49.190000
20240815,20240718,06748F324,126190,10.750000
20240815,20240717,06748F324,21628,10.410000
20240815,20240716,06748F324,29344,10.310000
20240815,20240723,06748F324,48075,10.920000
20240815,20240729,06748M196,13892,46.780000
20240815,20240726,06748M196,4879,49.590000
20240815,20240722,06748F324,685547,11.530000
20240815,20240724,06748F324,200,10.830000
20240815,20240719,06748F324,70811,11.060000
20240815,20240730,06748M196,9052,45.910000
20240831,20240814,06748M196,1947,50.420000
20240831,20240808,06748M196,47177,68.960000
20240831,20240802,06748M196,28186,50.510000
20240831,20240801,06748M196,676,46.250000
20240831,20240807,06748M196,137207,70.470000
20240831,20240813,06748M196,1749,54.760000
20240831,20240809,06748M196,64587,63.470000
20240831,20240812,06748M196,222,55.780000
20240831,20240805,06748M196,559391,62.680000
20240831,20240806,06748M196,42599,87.260000
20240915,20240829,06748M196,17131,47.580000
20240915,20240823,06748M196,382,48.870000
20240915,20240822,06748M196,49,46.890000
20240915,20240816,06748M196,204737,45.340000
20240915,20240828,06748M196,778,44.990000
20240915,20240821,06748M196,8663,46.170000
20240915,20240827,06748M196,6294,45.900000
20240915,20240826,06748M196,13540,45.940000
20240930,20240906,06748M196,683,52.240000
20240930,20240913,06748M196,3384,48.940000
20240930,20240910,06748M196,5700,52.450000
20240930,20240905,06748M196,2923,54.970000
20240930,20240904,06748M196,43242,53.540000
20240930,20240912,06748M196,73028,49.330000
20240930,20240903,06748M196,7700,44.500000
20240930,20240909,06748M196,36423,56.110000
20240930,20240911,06748M196,86261,51.520000
20241015,20240920,06748M196,84,47.720000
20241015,20240927,06748M196,2401,48.480000
20241015,20240926,06748M196,400,48.410000
20241015,20240916,06748M196,22,48.790000
20241015,20240930,06748M196,1715,50.730000
20241015,20240917,06748M196,1457,49.240000
20241015,20240925,06748M196,5174,47.760000
20241015,20240919,06748M196,89623,49.880000
20241015,20240924,06748M196,2616,47.730000
20241015,20240923,06748M196,280,47.430000
20241015,20240918,06748M196,624,50.300000
20241031,20241011,06748M196,231,54.710000
20241031,20241009,06748M196,2012,55.390000
20241031,20241007,06748M196,94471,53.000000
20241031,20241008,06748M196,32151,57.720000
20241031,20241001,06748M196,2834,49.600000
20241031,20241002,06748M196,1471,53.430000
20241031,20241004,06748M196,55637,55.090000
20241031,20241010,06748M196,2081,54.030000
20241031,20241003,06748M196,6409,52.710000
20241115,20241030,06748M196,9131,52.480000
20241115,20241018,06748M196,128700,52.450000
20241115,20241028,06748M196,896,55.290000
20241115,20241024,06748M196,26206,53.720000
20241115,20241021,06748M196,182,51.210000
20241115,20241029,06748M196,10084,52.710000
20241115,20241025,06748M196,14990,52.810000
20241115,20241023,06748M196,1119,51.150000
20241115,20241031,06748M196,301,53.760000
20241115,20241016,06748M196,72498,53.850000
20241115,20241015,06748M196,30554,52.150000
20241115,20241017,06748M196,332,53.330000
20241130,20241108,06748M196,185376,45.090000
20241130,20241101,06748M196,40963,57.870000
20241130,20241104,06748M196,13244,56.850000
20241130,20241114,06748M196,12,43.540000
20241130,20241106,06748M196,15581,51.550000
20241130,20241113,06748M196,8335,44.520000
20241130,20241107,06748M196,5398,46.740000
20241130,20241105,06748M196,191474,54.470000
20241215,20241115,06748M196,1047,43.480000
20241215,20241129,06748M196,50,43.450000
20241215,20241121,06748M196,1543,48.030000
20241215,20241120,06748M196,8936,46.380000
20241215,20241125,06748M196,183,45.760000
20241215,20241118,06748M196,23355,46.590000
20241215,20241127,06748M196,1051,43.610000
20241215,20241122,06748M196,10662,47.650000
20241215,20241126,06748M196,4686,43.880000
20241215,20241119,06748M196,9230,44.890000
20241231,20241205,06748M196,85805,42.330000
20241231,20241210,06748M196,30651,42.890000
20241231,20241213,06748M196,12776,42.470000
20241231,20241212,06748M196,34316,42.130000
20241231,20241204,06748M196,54996,42.070000
20241231,20241203,06748M196,1248,42.300000
20241231,20241206,06748M196,143242,42.420000
20250115,20241224,06748M196,6941,44.380000
20250115,20241217,06748M196,23181,43.220000
20250115,20241230,06748M196,23010,44.430000
20250115,20241220,06748M196,709893,56.140000
20250115,20241226,06748M196,7085,42.280000
20250115,20241231,06748M196,7807,45.530000
20250115,20241219,06748M196,75891,51.720000
20250115,20241218,06748M196,3923,44.290000
20250115,20241227,06748M196,42339,42.550000
20250115,20241223,06748M196,32438,48.080000
20250131,20250108,06748M196,24649,46.410000
20250131,20250103,06748M196,4792,46.840000
20250131,20250114,06748M196,1929,48.520000
20250131,20250113,06748M196,10400,49.450000
20250131,20250109,06748M196,522,46.340000
20250131,20250102,06748M196,63331,45.800000
20250131,20250110,06748M196,537,46.340000
20250215,20250128,06748M196,100761,44.490000
20250215,20250121,06748M196,36108,43.960000
20250215,20250130,06748M196,6728,42.910000
20250215,20250123,06748M196,17891,42.750000
20250215,20250127,06748M196,60654,41.740000
20250215,20250122,06748M196,14528,42.110000
20250215,20250115,06748M196,54018,47.420000
20250215,20250129,06748M196,207,43.020000
20250228,20250210,06748M196,11782,43.960000
20250228,20250211,06748M196,65106,42.850000
20250228,20250205,06748M196,43,43.690000
20250228,20250213,06748M196,550,42.870000
20250228,20250203,06748M196,7932,44.120000
20250228,20250207,06748M196,48987,42.530000
20250228,20250204,06748M196,5794,45.070000
20250315,20250224,06748M196,98141,44.330000
20250315,20250226,06748M196,13656,45.140000
20250315,20250218,06748M196,167,42.000000
20250315,20250227,06748M196,141,44.100000
20250315,20250228,06748M196,278874,46.570000
20250315,20250220,06748M196,233612,41.270000
20250315,20250219,06748M196,58589,41.800000
20250315,20250225,06748M196,449,44.700000
20250331,20250303,06748M196,6809,45.830000
20250331,20250310,06748M196,73120,51.230000
20250331,20250304,06748M196,1800,49.290000
20250331,20250314,06748M196,19300,56.280000
20250331,20250306,06748M196,49145,48.450000
20250331,20250311,06748M196,70489,56.480000
20250331,20250307,06748M196,109834,53.730000
20250331,20250313,06748M196,26978,53.970000
20250331,20250312,06748M196,16139,56.940000
20250331,20250305,06748M196,90308,50.590000
20250415,20250317,06748M196,3368,51.530000
20250415,20250327,06748M196,964,46.940000
20250415,20250319,06748M196,1977,50.800000
20250415,20250324,06748M196,15294,48.100000
20250415,20250320,06748M196,485,49.180000
20250415,20250321,06748M196,885997,48.330000
20250415,20250328,06748M196,123073,47.180000
20250415,20250326,06748M196,6546,45.800000
20250415,20250318,06748M196,54469,49.510000
20250415,20250331,06748M196,19764,51.420000
20250430,20250410,06748M196,95421,67.790000
20250430,20250409,06748M196,34689,85.420000
20250430,20250403,06748M196,1398,50.090000
20250430,20250401,06748M196,575,51.470000
20250430,20250408,06748M196,14743,74.350000
20250430,20250411,06748M196,70797,79.200000
20250430,20250414,06748M196,142656,77.120000
20250430,20250407,06748M196,92526,74.850000
20250430,20250404,06748M196,489909,62.490000
20250430,20250402,06748M196,4055,51.480000
20250515,20250429,06748M196,18504,63.680000
20250515,20250423,06748M196,5378,70.940000
20250515,20250415,06748M196,20476,68.030000
20250515,20250417,06748M196,108522,73.360000
20250515,20250424,06748M196,18141,68.380000
20250515,20250416,06748M196,4418,68.320000
20250515,20250422,06748M196,371335,76.520000
20250515,20250430,06748M196,9831,63.020000
20250515,20250421,06748M196,10009,71.340000
20250515,20250425,06748M196,7610,65.860000
20250515,20250428,06748M196,1819,63.340000
20250531,20250501,06748M196,21194,64.640000
20250531,20250509,06748M196,6401,60.440000
20250531,20250513,06748M196,21539,52.170000
20250531,20250514,06748M196,4015,51.820000
20250531,20250506,06748M196,87,62.130000
20250531,20250502,06748M196,6181,63.420000
20250531,20250505,06748M196,1988,61.010000
20250531,20250512,06748M196,298075,59.950000
20250531,20250508,06748M196,39413,62.830000
20250531,20250507,06748M196,965,64.550000
20250615,20250520,06748M196,3241,52.470000
20250615,20250515,06748M196,115,52.940000
20250615,20250530,06748M196,11006,53.550000
20250615,20250516,06748M196,11174,52.070000
20250615,20250521,06748M196,35674,52.090000
20250615,20250528,06748M196,727,52.880000
20250615,20250519,06748M196,19231,51.830000
20250615,20250523,06748M196,307,55.100000
20250615,20250527,06748M196,31447,58.790000
20250615,20250522,06748M196,289216,55.660000
20250615,20250529,06748M196,13804,53.490000
20250630,20250604,06748M196,763,52.110000
20250630,20250613,06748M196,11774,51.160000
20250630,20250602,06748M196,709,53.830000
20250630,20250611,06748M196,2199,50.080000
20250630,20250603,06748M196,1891,53.280000
20250630,20250605,06748M196,32281,52.020000
20250630,20250606,06748M196,12943,53.020000
20250630,20250609,06748M196,29720,50.810000
20250630,20250612,06748M196,65033,50.510000
20250715,20250618,06748M196,10361,54.220000
20250715,20250616,06748M196,3760,55.150000
20250715,20250624,06748M196,9266,52.790000
20250715,20250617,06748M196,164566,51.290000
20250715,20250630,06748M196,345485,48.270000
20250715,20250620,06748M196,274,52.900000
20250715,20250623,06748M196,39702,53.460000
20250715,20250625,06748M196,34027,49.150000
20250715,20250627,06748M196,1771,48.410000
20250731,20250709,06748M196,22673,46.850000
20250731,20250703,06748M196,724,47.910000
20250731,20250707,06748M196,362589,47.570000
20250731,20250711,06748M196,229265,44.950000
20250731,20250708,06748M196,87181,48.140000
20250731,20250702,06748M196,105351,48.040000
20250815,20250730,06748M196,93381,42.100000
20250815,20250717,06748M196,114509,45.910000
20250815,20250722,06748M196,9755,44.860000
20250815,20250715,06748M196,1369,45.870000
20250815,20250725,06748M196,6345,42.680000
20250815,20250716,06748M196,83,45.610000
20250815,20250731,06748M196,4837,42.390000
20250831,20250807,06748M196,452529,41.930000
20250831,20250814,06748M196,6430,39.020000
20250831,20250804,06748M196,51097,45.910000
20250831,20250805,06748M196,74553,42.920000
20250831,20250808,06748M196,22781,42.210000
20250831,20250813,06748M196,267359,39.300000
20250831,20250806,06748M196,78663,43.250000
20250831,20250801,06748M196,265531,42.460000
20250915,20250829,06748M196,2209,35.450000
20250915,20250825,06748M196,1686,35.980000
20250915,20250828,06748M196,6980,36.010000
20250915,20250818,06748M196,8001,39.040000
20250915,20250826,06748M196,7177,36.140000
20250915,20250827,06748M196,11665,35.860000
20250915,20250815,06748M196,40297,39.180000
20250915,20250820,06748M196,6948,38.820000
20250915,20250821,06748M196,63,38.670000
20250915,20250822,06748M196,12979,39.270000
20250930,20250911,06748M196,1010,34.440000
20250930,20250912,06748M196,82059,33.680000
20250930,20250904,06748M196,1435,36.460000
20250930,20250905,06748M196,20121,35.380000
20250930,20250902,06748M196,135647,36.270000
20250930,20250903,06748M196,10264,37.390000
20251015,20250924,06748M196,131225,34.200000
20251015,20250923,06748M196,12237,33.800000
20251015,20250930,06748M196,58,33.270000
20251015,20250919,06748M196,2173,33.170000
20251015,20250926,06748M196,112260,34.300000
20251015,20250922,06748M196,241751,33.180000
20251015,20250929,06748M196,2176,32.840000
20251015,20250918,06748M196,131,33.320000
20251031,20251006,06748M196,524,33.250000
20251031,20251009,06748M196,130743,33.240000
20251031,20251001,06748M196,11,33.160000
20251031,20251002,06748M196,17487,32.970000
20251031,20251007,06748M196,4367,33.050000
20251031,20251014,06748M196,58453,34.620000
20251115,20251016,06748M196,3947,36.580000
20251115,20251023,06748M196,22050,34.250000
20251115,20251031,06748M196,71459,33.830000
20251115,20251022,06748M196,10070,33.720000
20251115,20251030,06748M196,87,33.570000
20251115,20251021,06748M196,3316,33.990000
20251115,20251020,06748M196,3784,36.950000
20251115,20251027,06748M196,2840,33.080000
20251115,20251015,06748M196,34406,36.150000
20251115,20251017,06748M196,51658,39.970000
20251115,20251028,06748M196,2273,32.000000
