20170715,20170623,94106L109,679,73.360000
20170715,20170626,94106L109,3697,73.430000
20170715,20170627,94106L109,690,73.460000
20170715,20170619,94106L109,449,74.140000
20170715,20170622,94106L109,409,73.400000
20170715,20170621,94106L109,217,73.770000
20170731,20170703,94106L109,198,73.350000
20170731,20170705,94106L109,191,73.400000
20170731,20170710,94106L109,2661,73.990000
20170731,20170712,94106L109,775,73.860000
20170731,20170711,94106L109,620,73.980000
20170815,20170721,94106L109,150,75.000000
20170815,20170726,94106L109,26000,75.640000
20170815,20170725,94106L109,32515,75.090000
20170831,20170809,94106L109,117,75.340000
20170831,20170801,94106L109,5113,75.150000
20170915,20170829,94106L109,114,76.260000
20170915,20170824,94106L109,203,76.030000
20170915,20170817,94106L109,39,76.000000
20170930,20170914,94106L109,333,77.810000
20170930,20170911,94106L109,43434,77.120000
20170930,20170905,94106L109,15,77.190000
20170930,20170913,94106L109,6,78.320000
20170930,20170906,94106L109,75,75.940000
20171015,20170927,94106L109,19917,78.620000
20171015,20170928,94106L109,56,78.320000
20171015,20170920,94106L109,33113,78.260000
20171015,20170926,94106L109,20370,78.600000
20171031,20171012,94106L109,29,77.080000
20171031,20171005,94106L109,3992,76.330000
20171031,20171013,94106L109,13,76.920000
20171031,20171010,94106L109,185,76.790000
20171130,20171103,94106L109,6471,81.650000
20171130,20171108,94106L109,885,81.630000
20171130,20171102,94106L109,34,81.100000
20171130,20171109,94106L109,530,81.840000
20171130,20171107,94106L109,297,81.240000
20171130,20171113,94106L109,24,81.320000
20171215,20171115,94106L109,9545,82.380000
20171215,20171116,94106L109,1183,81.730000
20171215,20171122,94106L109,647,80.870000
20171231,20171201,94106L109,26968,82.250000
20171231,20171211,94106L109,1999,84.570000
20171231,20171206,94106L109,4659,83.320000
20180115,20171220,94106L109,1261,85.650000
20180115,20171219,94106L109,253,86.120000
20180115,20171215,94106L109,509,84.660000
20180115,20171229,94106L109,2762,86.290000
20180115,20171226,94106L109,500,85.910000
20180131,20180111,94106L109,19,87.270000
20180131,20180110,94106L109,32428,87.690000
20180131,20180103,94106L109,7,86.100000
20180131,20180112,94106L109,42,88.180000
20180215,20180124,94106L109,202742,88.600000
20180215,20180126,94106L109,8678,88.560000
20180215,20180130,94106L109,20,88.220000
20180215,20180129,94106L109,639,89.710000
20180215,20180119,94106L109,40,87.960000
20180215,20180125,94106L109,25678,88.500000
20180215,20180117,94106L109,100,88.160000
20180228,20180202,94106L109,1579,87.850000
20180228,20180214,94106L109,2106,80.790000
20180315,20180226,94106L109,241198,85.490000
20180331,20180308,94106L109,41,85.300000
20180331,20180302,94106L109,2099,85.350000
20180331,20180313,94106L109,775,86.670000
20180331,20180314,94106L109,500,86.660000
20180415,20180328,94106L109,177,83.290000
20180415,20180320,94106L109,57918,85.800000
20180415,20180323,94106L109,150,84.240000
20180430,20180404,94106L109,1124,84.920000
20180430,20180413,94106L109,181,83.020000
20180430,20180405,94106L109,301,85.480000
20180430,20180410,94106L109,1104,83.590000
20180430,20180403,94106L109,2581,83.580000
20180430,20180406,94106L109,100,86.020000
20180430,20180409,94106L109,799,84.210000
20180515,20180424,94106L109,27638,82.500000
20180515,20180420,94106L109,182,82.620000
20180531,20180501,94106L109,788,81.290000
20180531,20180510,94106L109,143,83.010000
20180531,20180514,94106L109,72,82.970000
20180531,20180508,94106L109,24,83.220000
20180615,20180531,94106L109,207130,83.850000
20180615,20180524,94106L109,3,82.830000
20180630,20180612,94106L109,143,83.560000
20180630,20180613,94106L109,222,83.900000
20180630,20180607,94106L109,23309,83.780000
20180630,20180601,94106L109,200900,82.710000
20180630,20180608,94106L109,156,83.320000
20180630,20180614,94106L109,751,83.120000
20180715,20180627,94106L109,441,81.590000
20180715,20180615,94106L109,230,83.570000
20180715,20180622,94106L109,61,81.270000
20180715,20180629,94106L109,253,80.770000
20180715,20180618,94106L109,131,84.330000
20180731,20180711,94106L109,17,83.410000
20180731,20180710,94106L109,18,82.450000
20180731,20180702,94106L109,28,81.340000
20180731,20180709,94106L109,274,82.290000
20180731,20180703,94106L109,223,81.860000
20180731,20180705,94106L109,142,81.590000
20180731,20180706,94106L109,187,82.290000
20180815,20180730,94106L109,469,89.650000
20180815,20180716,94106L109,170,84.370000
20180815,20180720,94106L109,1562,82.650000
20180815,20180727,94106L109,203,88.520000
20180815,20180724,94106L109,244,82.240000
20180831,20180802,94106L109,367,89.870000
20180831,20180813,94106L109,157,89.940000
20180831,20180803,94106L109,28,90.110000
20180831,20180808,94106L109,227,89.910000
20180831,20180801,94106L109,161429,90.000000
20180831,20180810,94106L109,221,90.140000
20180831,20180806,94106L109,591,89.560000
20180915,20180827,94106L109,1294,90.700000
20180915,20180816,94106L109,453,90.660000
20180915,20180821,94106L109,10823,91.170000
20180915,20180823,94106L109,2005,90.600000
20180915,20180822,94106L109,49542,90.880000
20180915,20180830,94106L109,2,90.630000
20180930,20180904,94106L109,1178,90.900000
20180930,20180910,94106L109,834,91.810000
20180930,20180913,94106L109,1827,91.750000
20180930,20180907,94106L109,1349,91.880000
20181015,20180926,94106L109,56,90.380000
20181015,20180917,94106L109,76,92.030000
20181031,20181010,94106L109,1984,91.270000
20181031,20181011,94106L109,438,90.300000
20181031,20181009,94106L109,60,90.880000
20181031,20181012,94106L109,293,88.040000
20181031,20181004,94106L109,3716,89.510000
20181115,20181017,94106L109,8187,90.250000
20181115,20181025,94106L109,8345,87.220000
20181115,20181030,94106L109,5800,86.410000
20181115,20181026,94106L109,201,84.840000
20181115,20181015,94106L109,293,88.550000
20181115,20181018,94106L109,2832,90.140000
20181115,20181019,94106L109,380,90.110000
20181115,20181023,94106L109,14387,89.920000
20181115,20181031,94106L109,788,88.820000
20181115,20181029,94106L109,15732,84.930000
20181115,20181016,94106L109,6981,88.430000
20181115,20181022,94106L109,475,90.440000
20181130,20181101,94106L109,2203,89.470000
20181130,20181114,94106L109,13087,90.780000
20181130,20181102,94106L109,804,88.090000
20181130,20181113,94106L109,10726,90.860000
20181130,20181107,94106L109,949,87.830000
20181215,20181119,94106L109,13,92.620000
20181215,20181123,94106L109,8,91.110000
20181215,20181121,94106L109,5590,91.450000
20181215,20181129,94106L109,124,92.810000
20181215,20181116,94106L109,99554,91.980000
20181215,20181127,94106L109,430,91.440000
20181215,20181120,94106L109,14005,92.650000
20181215,20181130,94106L109,211126,92.720000
20181231,20181204,94106L109,29077,93.080000
20181231,20181206,94106L109,143,92.620000
20181231,20181212,94106L109,534,91.470000
20181231,20181207,94106L109,143,92.860000
20190115,20181228,94106L109,1979,88.100000
20190115,20181227,94106L109,339,86.940000
20190115,20181220,94106L109,680,87.920000
20190115,20181221,94106L109,147,87.950000
20190115,20181218,94106L109,121,89.050000
20190131,20190109,94106L109,92109,92.340000
20190131,20190110,94106L109,157,91.870000
20190131,20190114,94106L109,2,93.650000
20190131,20190108,94106L109,92641,91.050000
20190131,20190102,94106L109,5,88.990000
20190131,20190107,94106L109,158026,90.830000
20190131,20190103,94106L109,78,88.720000
20190215,20190117,94106L109,1508,92.700000
20190215,20190125,94106L109,5,94.410000
20190215,20190115,94106L109,124,93.110000
20190215,20190131,94106L109,214,94.940000
20190215,20190123,94106L109,12837,94.880000
20190215,20190122,94106L109,15728,94.470000
20190228,20190205,94106L109,1069,96.000000
20190228,20190204,94106L109,2402,95.470000
20190228,20190207,94106L109,502,96.660000
20190228,20190214,94106L109,69,98.560000
20190228,20190212,94106L109,18,97.370000
20190228,20190211,94106L109,146,97.420000
20190315,20190225,94106L109,261,99.730000
20190315,20190221,94106L109,97,99.180000
20190315,20190228,94106L109,57,100.240000
20190315,20190220,94106L109,100,99.080000
20190331,20190311,94106L109,11,98.950000
20190331,20190307,94106L109,84,99.810000
20190331,20190301,94106L109,55,101.250000
20190331,20190314,94106L109,45,101.080000
20190331,20190308,94106L109,84,99.700000
20190331,20190304,94106L109,504,101.000000
20190331,20190306,94106L109,84,99.710000
20190415,20190328,94106L109,313,102.950000
20190415,20190327,94106L109,367,103.490000
20190415,20190318,94106L109,382,100.970000
20190415,20190315,94106L109,607,101.160000
20190415,20190325,94106L109,4529,101.900000
20190430,20190401,94106L109,73,103.910000
20190430,20190402,94106L109,10,104.020000
20190430,20190408,94106L109,139,102.200000
20190430,20190411,94106L109,398,102.930000
20190515,20190418,94106L109,226,105.150000
20190515,20190424,94106L109,282,106.220000
20190515,20190415,94106L109,5,101.790000
20190515,20190416,94106L109,161,104.260000
20190515,20190423,94106L109,9400,105.750000
20190515,20190422,94106L109,4042,105.780000
20190531,20190510,94106L109,559,105.220000
20190531,20190509,94106L109,114,104.820000
20190531,20190508,94106L109,16,104.720000
20190531,20190514,94106L109,327,106.500000
20190531,20190502,94106L109,374,106.050000
20190531,20190507,94106L109,11,105.890000
20190615,20190521,94106L109,1047,108.400000
20190630,20190603,94106L109,8822,109.350000
20190630,20190610,94106L109,1,114.360000
20190715,20190625,94106L109,130,116.970000
20190715,20190618,94106L109,1684,113.970000
20190715,20190620,94106L109,61,114.420000
20190715,20190621,94106L109,150,116.060000
20190715,20190617,94106L109,1,114.580000
20190731,20190710,94106L109,294,117.010000
20190731,20190705,94106L109,90,117.210000
20190815,20190726,94106L109,5411,116.720000
20190815,20190715,94106L109,2,117.910000
20190815,20190730,94106L109,2956,117.960000
20190815,20190725,94106L109,26,115.800000
20190815,20190718,94106L109,4,118.190000
20190815,20190723,94106L109,10,117.130000
20190831,20190802,94106L109,461,116.250000
20190831,20190801,94106L109,1,117.000000
20190831,20190808,94106L109,157,116.850000
20190831,20190805,94106L109,62,116.730000
20190915,20190829,94106L109,809,118.250000
20190915,20190821,94106L109,9,118.110000
20190915,20190819,94106L109,136,119.120000
20190915,20190820,94106L109,139,120.020000
20190915,20190826,94106L109,108,115.930000
20190915,20190828,94106L109,397,117.750000
20190930,20190906,94106L109,479,119.090000
20190930,20190905,94106L109,2328,120.650000
20190930,20190911,94106L109,4824,113.680000
20190930,20190903,94106L109,110,119.350000
20190930,20190904,94106L109,4944,119.530000
20191015,20190917,94106L109,79,111.900000
20191015,20190918,94106L109,7,113.860000
20191015,20190925,94106L109,10,115.120000
20191015,20190926,94106L109,22,113.920000
20191031,20191004,94106L109,2,114.990000
20191031,20191010,94106L109,852,115.600000
20191031,20191009,94106L109,155,114.770000
20191115,20191023,94106L109,1902,116.920000
20191115,20191016,94106L109,670,115.650000
20191115,20191030,94106L109,1786,112.030000
20191115,20191028,94106L109,28,111.350000
20191115,20191022,94106L109,2097,117.270000
20191115,20191018,94106L109,5140,116.280000
20191130,20191113,94106L109,64,110.000000
20191130,20191114,94106L109,84,110.940000
20191215,20191126,94106L109,1530,110.310000
20191215,20191121,94106L109,104771,112.570000
20191215,20191115,94106L109,93,112.050000
20191215,20191127,94106L109,232,112.880000
20191215,20191119,94106L109,2483,112.400000
20191215,20191129,94106L109,4604,112.940000
20191231,20191206,94106L109,6077,111.470000
20191231,20191210,94106L109,1361,111.770000
20191231,20191202,94106L109,3948,112.910000
20191231,20191203,94106L109,3937,111.650000
20200115,20191231,94106L109,400,113.770000
20200115,20191219,94106L109,405,112.580000
20200115,20191224,94106L109,17553,112.910000
20200115,20191223,94106L109,17976,113.160000
20200131,20200114,94106L109,575,117.660000
20200131,20200109,94106L109,498,116.080000
20200131,20200106,94106L109,559,115.330000
20200131,20200103,94106L109,155,114.220000
20200131,20200102,94106L109,16975,113.960000
20200215,20200127,94106L109,239,121.000000
20200215,20200129,94106L109,65,121.050000
20200215,20200123,94106L109,83,120.320000
20200215,20200128,94106L109,1649,121.190000
20200215,20200122,94106L109,125,120.410000
20200531,20200501,94106L109,56,100.020000
20200531,20200506,94106L109,44,99.020000
20200531,20200511,94106L109,97,100.970000
20200531,20200505,94106L109,522,99.560000
20200615,20200518,94106L109,1126,95.930000
20200615,20200526,94106L109,1666,98.920000
20200615,20200522,94106L109,388,98.930000
20200615,20200529,94106L109,82,106.500000
20200615,20200515,94106L109,846,97.180000
20200630,20200608,94106L109,3231,112.200000
20200630,20200601,94106L109,3,106.750000
20200630,20200610,94106L109,506,111.250000
20200715,20200618,94106L109,169,105.700000
20200715,20200616,94106L109,250,104.490000
20200715,20200625,94106L109,38,101.370000
20200715,20200624,94106L109,3524,103.860000
20200715,20200615,94106L109,125,103.890000
20200731,20200708,94106L109,171,104.620000
20200731,20200707,94106L109,131,105.210000
20200731,20200713,94106L109,5517,103.820000
20200731,20200702,94106L109,106,105.090000
20200731,20200710,94106L109,460,102.080000
20200815,20200727,94106L109,33,107.280000
20200815,20200717,94106L109,518,107.460000
20200815,20200720,94106L109,626,108.700000
20200815,20200728,94106L109,91,107.070000
20200815,20200731,94106L109,13,109.380000
20200815,20200721,94106L109,49370,106.570000
20200815,20200723,94106L109,39,108.210000
20200815,20200724,94106L109,2803,108.030000
20200815,20200715,94106L109,65,106.200000
20200815,20200722,94106L109,165,107.520000
20200831,20200804,94106L109,143,108.980000
20200831,20200814,94106L109,21,111.340000
20200831,20200810,94106L109,84,112.720000
20200831,20200812,94106L109,209,111.590000
20200831,20200805,94106L109,3871,108.820000
20200915,20200831,94106L109,51,114.010000
20200915,20200819,94106L109,63,111.010000
20200915,20200820,94106L109,89,110.560000
20200915,20200824,94106L109,21,111.160000
20200915,20200827,94106L109,2656,113.900000
20200915,20200828,94106L109,304,114.270000
20200930,20200902,94106L109,21,113.640000
20200930,20200908,94106L109,65,111.210000
20200930,20200903,94106L109,215,114.150000
20200930,20200901,94106L109,62,114.000000
20201015,20200917,94106L109,122,116.850000
20201015,20200922,94106L109,4532,114.300000
20201015,20200918,94106L109,585,115.560000
20201015,20200923,94106L109,193,114.970000
20201015,20200921,94106L109,2595,115.270000
20201015,20200916,94106L109,92,117.070000
20201015,20200925,94106L109,25,111.300000
20201015,20200930,94106L109,7109,113.410000
20201015,20200929,94106L109,21,114.040000
20201031,20201007,94106L109,32,113.250000
20201031,20201006,94106L109,175,114.240000
20201115,20201021,94106L109,630,114.310000
20201115,20201030,94106L109,552,107.550000
20201115,20201015,94106L109,145,114.580000
20201115,20201028,94106L109,34255,110.630000
20201115,20201026,94106L109,16,116.700000
20201115,20201023,94106L109,1745,115.770000
20201115,20201020,94106L109,1025,113.700000
20201115,20201029,94106L109,64059,106.960000
20201130,20201110,94106L109,164,120.960000
20201130,20201112,94106L109,49,122.800000
20201130,20201109,94106L109,289,119.280000
20201130,20201104,94106L109,156,114.710000
20201215,20201120,94106L109,42,120.580000
20201215,20201116,94106L109,40,121.920000
20201215,20201119,94106L109,68,120.530000
20201215,20201118,94106L109,1813,121.300000
20201215,20201124,94106L109,779,120.110000
20201215,20201127,94106L109,3671,119.640000
20201215,20201117,94106L109,5577,121.990000
20201215,20201125,94106L109,6550,120.430000
20201215,20201130,94106L109,252,119.190000
20201231,20201203,94106L109,6103,117.130000
20201231,20201211,94106L109,118,114.940000
20201231,20201207,94106L109,50943,117.540000
20201231,20201208,94106L109,2698,116.770000
20201231,20201214,94106L109,36209,115.410000
20210115,20201221,94106L109,1210,117.410000
20210115,20201231,94106L109,217,116.930000
20210115,20201218,94106L109,53,117.510000
20210115,20201230,94106L109,3516,116.820000
20210131,20210108,94106L109,408,118.050000
20210131,20210106,94106L109,188,115.210000
20210131,20210113,94106L109,61,116.400000
20210215,20210125,94106L109,4,115.360000
20210215,20210115,94106L109,68,114.640000
20210215,20210126,94106L109,88,114.190000
20210215,20210122,94106L109,15,114.580000
20210215,20210121,94106L109,5,115.050000
20210215,20210129,94106L109,2345,112.110000
20210228,20210210,94106L109,8973,113.550000
20210228,20210209,94106L109,97,114.380000
20210228,20210204,94106L109,12,112.220000
20210228,20210205,94106L109,3,113.080000
20210228,20210212,94106L109,492,113.220000
20210228,20210211,94106L109,9,113.690000
20210315,20210216,94106L109,413,113.250000
20210315,20210218,94106L109,125,112.210000
20210331,20210311,94106L109,92,121.690000
20210331,20210305,94106L109,5875,115.520000
20210331,20210302,94106L109,1337,112.480000
20210415,20210325,94106L109,1610,124.820000
20210415,20210317,94106L109,279,122.910000
20210415,20210326,94106L109,223,127.430000
20210415,20210324,94106L109,470,124.100000
20210415,20210329,94106L109,756,129.800000
20210415,20210318,94106L109,2025,118.990000
20210415,20210323,94106L109,4694,123.370000
20210415,20210331,94106L109,39435,129.280000
20210415,20210319,94106L109,1,121.900000
20210430,20210412,94106L109,2940,134.680000
20210430,20210406,94106L109,40,130.990000
20210515,20210415,94106L109,43294,133.880000
20210515,20210423,94106L109,1,134.750000
20210515,20210416,94106L109,513,134.520000
20210515,20210420,94106L109,100995,134.430000
20210515,20210429,94106L109,175,136.230000
20210515,20210427,94106L109,16081,133.930000
20210515,20210421,94106L109,1,134.870000
20210515,20210422,94106L109,641,135.560000
20210531,20210514,94106L109,1139,141.420000
20210531,20210507,94106L109,22846,141.480000
20210531,20210503,94106L109,92,137.970000
20210531,20210504,94106L109,13,140.340000
20210531,20210511,94106L109,2,143.260000
20210531,20210513,94106L109,4947,138.180000
20210615,20210521,94106L109,11069,140.430000
20210615,20210519,94106L109,64,140.470000
20210615,20210518,94106L109,5,141.510000
20210615,20210524,94106L109,436,140.970000
20210615,20210520,94106L109,503,139.150000
20210615,20210528,94106L109,1899,140.550000
20210615,20210517,94106L109,83,141.940000
20210630,20210610,94106L109,376,139.580000
20210630,20210604,94106L109,5651,140.580000
20210630,20210601,94106L109,656,140.680000
20210630,20210603,94106L109,700,141.120000
20210630,20210608,94106L109,3,139.570000
20210630,20210609,94106L109,1,139.340000
20210715,20210618,94106L109,9,139.300000
20210715,20210629,94106L109,3,139.180000
20210715,20210628,94106L109,350,139.110000
20210715,20210623,94106L109,6,139.670000
20210715,20210625,94106L109,301,138.540000
20210715,20210624,94106L109,6,138.520000
20210731,20210712,94106L109,204,143.040000
20210731,20210708,94106L109,300,144.040000
20210731,20210713,94106L109,83,143.110000
20210815,20210721,94106L109,3816,145.170000
20210815,20210729,94106L109,2144,145.670000
20210815,20210730,94106L109,118,146.210000
20210815,20210715,94106L109,260,143.990000
20210815,20210722,94106L109,10,144.850000
20210815,20210723,94106L109,1,144.980000
20210815,20210720,94106L109,5434,143.630000
20210815,20210719,94106L109,71,145.800000
20210831,20210802,94106L109,942,148.260000
20210831,20210811,94106L109,40,146.980000
20210831,20210806,94106L109,79,148.330000
20210831,20210813,94106L109,1,150.080000
20210915,20210823,94106L109,12,152.940000
20210915,20210831,94106L109,86,155.130000
20210915,20210816,94106L109,12,150.610000
20210915,20210825,94106L109,20,152.390000
20210915,20210824,94106L109,231,151.760000
20210915,20210818,94106L109,200,151.700000
20210915,20210817,94106L109,27,151.930000
20210930,20210913,94106L109,2,154.450000
20210930,20210909,94106L109,11,154.240000
20210930,20210903,94106L109,212,155.810000
20210930,20210901,94106L109,329,155.110000
20211015,20210915,94106L109,46,154.580000
20211015,20210917,94106L109,1,153.890000
20211031,20211004,94106L109,1096,149.840000
20211031,20211014,94106L109,2,154.970000
20211115,20211019,94106L109,295208,157.160000
20211115,20211026,94106L109,245,161.150000
20211115,20211021,94106L109,1,160.500000
20211115,20211027,94106L109,70,159.280000
20211130,20211102,94106L109,29343,159.280000
20211130,20211104,94106L109,339,159.720000
20211130,20211103,94106L109,2166,161.230000
20211130,20211105,94106L109,1,160.710000
20211130,20211110,94106L109,4,159.580000
20211215,20211119,94106L109,6,164.490000
20211215,20211122,94106L109,1,163.390000
20211215,20211118,94106L109,358,165.410000
20211215,20211126,94106L109,1123,165.720000
20211215,20211123,94106L109,19,163.020000
20211215,20211116,94106L109,12532,163.000000
20211215,20211124,94106L109,7447,164.840000
20211215,20211115,94106L109,12092,162.980000
20211231,20211201,94106L109,791,160.670000
20211231,20211207,94106L109,533,163.480000
20211231,20211213,94106L109,79,164.720000
20211231,20211203,94106L109,4559,163.740000
20211231,20211214,94106L109,20,164.230000
20220115,20211217,94106L109,4,166.040000
20220115,20211221,94106L109,3,160.590000
20220115,20211222,94106L109,7612,160.030000
20220131,20220106,94106L109,814,161.840000
20220131,20220113,94106L109,22,159.430000
20220131,20220114,94106L109,24,157.450000
20220131,20220104,94106L109,102,162.740000
20220215,20220125,94106L109,728,149.790000
20220215,20220128,94106L109,1,146.250000
20220228,20220204,94106L109,33,146.430000
20220228,20220203,94106L109,184,148.120000
20220315,20220225,94106L109,8189,141.910000
20220315,20220222,94106L109,10079,142.330000
20220315,20220228,94106L109,1,145.160000
20220315,20220218,94106L109,4245,143.060000
20220315,20220224,94106L109,6106,140.600000
20220315,20220223,94106L109,13305,141.530000
20220315,20220217,94106L109,4289,142.570000
20220315,20220215,94106L109,14,141.770000
20220331,20220301,94106L109,4540,144.400000
20220331,20220302,94106L109,11426,146.580000
20220331,20220307,94106L109,27310,157.820000
20220415,20220329,94106L109,61,158.160000
20220415,20220331,94106L109,356,159.450000
20220430,20220414,94106L109,187,159.740000
20220430,20220406,94106L109,174,160.590000
20220430,20220404,94106L109,1561,159.810000
20220515,20220421,94106L109,1,160.590000
20220515,20220420,94106L109,563,159.080000
20220515,20220426,94106L109,242,155.960000
20220531,20220509,94106L109,98,161.780000
20220531,20220512,94106L109,37198,157.780000
20220531,20220513,94106L109,34437,155.480000
20220531,20220504,94106L109,68169,159.330000
20220531,20220502,94106L109,13614,164.440000
20220615,20220523,94106L109,537,154.500000
20220615,20220524,94106L109,432,156.080000
20220615,20220516,94106L109,3752,157.900000
20220615,20220519,94106L109,266,153.060000
20220615,20220526,94106L109,29,156.010000
20220630,20220614,94106L109,5410,147.860000
20220630,20220609,94106L109,1298,157.060000
20220630,20220610,94106L109,350,153.350000
20220630,20220613,94106L109,1,151.410000
20220630,20220608,94106L109,170,159.800000
20220630,20220602,94106L109,7,158.530000
20220630,20220607,94106L109,448,157.940000
20220715,20220627,94106L109,50,150.310000
20220715,20220630,94106L109,251,151.250000
20220715,20220622,94106L109,162,143.990000
20220715,20220617,94106L109,17455,142.340000
20220715,20220616,94106L109,197,145.410000
20220731,20220706,94106L109,15140,151.700000
20220731,20220705,94106L109,381,155.650000
20220731,20220712,94106L109,1590,152.580000
20220731,20220701,94106L109,5,152.980000
20220731,20220714,94106L109,5313,150.430000
20220815,20220718,94106L109,44,152.010000
20220815,20220727,94106L109,17,155.010000
20220815,20220719,94106L109,67,149.270000
20220815,20220729,94106L109,1706,164.570000
20220815,20220726,94106L109,1239,155.900000
20220815,20220722,94106L109,1,155.250000
20220815,20220715,94106L109,7343,151.070000
20220831,20220805,94106L109,1728,169.130000
20220831,20220803,94106L109,3,163.330000
20220831,20220808,94106L109,271,168.830000
20220831,20220801,94106L109,457,164.560000
20220831,20220802,94106L109,123,163.360000
20220915,20220826,94106L109,361,174.630000
20220915,20220829,94106L109,99293,171.510000
20220915,20220819,94106L109,4,174.990000
20220915,20220815,94106L109,332,171.740000
20220915,20220823,94106L109,3,174.240000
20220915,20220830,94106L109,9451,171.730000
20220915,20220817,94106L109,82,174.810000
20220915,20220816,94106L109,288,172.700000
20220930,20220907,94106L109,62,169.160000
20220930,20220909,94106L109,210,173.580000
20221015,20220929,94106L109,2357,164.670000
20221015,20220915,94106L109,612,171.730000
20221015,20220928,94106L109,68,163.220000
20221015,20220927,94106L109,312,165.220000
20221015,20220926,94106L109,293,165.740000
20221015,20220919,94106L109,4844,169.340000
20221031,20221005,94106L109,491,168.180000
20221031,20221007,94106L109,105,159.400000
20221031,20221013,94106L109,3465,154.350000
20221115,20221026,94106L109,11,165.050000
20221115,20221031,94106L109,42024,157.910000
20221115,20221027,94106L109,11318,159.970000
20221115,20221017,94106L109,433,154.730000
20221130,20221101,94106L109,267,158.370000
20221130,20221114,94106L109,1113,158.160000
20221215,20221116,94106L109,2841,157.090000
20221215,20221123,94106L109,26,163.240000
20221215,20221130,94106L109,13,165.080000
20221215,20221128,94106L109,228,164.460000
20221215,20221117,94106L109,556,158.080000
20221215,20221115,94106L109,3279,157.590000
20221215,20221129,94106L109,800,164.590000
20221231,20221212,94106L109,20215,166.830000
20221231,20221206,94106L109,21323,167.790000
20221231,20221209,94106L109,1267,166.010000
20221231,20221201,94106L109,14378,167.720000
20230115,20221215,94106L109,60796,166.540000
20230115,20221222,94106L109,10,159.270000
20230115,20221229,94106L109,360,157.370000
20230115,20221216,94106L109,44906,163.370000
20230115,20221219,94106L109,494,161.790000
20230115,20221230,94106L109,480,158.870000
20230131,20230105,94106L109,8800,156.910000
20230131,20230113,94106L109,162,152.680000
20230131,20230111,94106L109,112,154.910000
20230131,20230106,94106L109,1207,153.880000
20230131,20230110,94106L109,8605,158.240000
20230215,20230118,94106L109,4800,154.370000
20230215,20230123,94106L109,20,152.060000
20230215,20230126,94106L109,34,153.110000
20230215,20230125,94106L109,1,152.270000
20230215,20230130,94106L109,2,152.610000
20230215,20230117,94106L109,6706,154.190000
20230215,20230127,94106L109,11383,152.500000
20230228,20230202,94106L109,5755,154.410000
20230228,20230201,94106L109,153,154.730000
20230315,20230215,94106L109,1452,151.340000
20230315,20230228,94106L109,563,151.070000
20230315,20230222,94106L109,512,152.540000
20230331,20230307,94106L109,140,150.770000
20230331,20230303,94106L109,3,150.000000
20230331,20230306,94106L109,28095,150.080000
20230331,20230313,94106L109,360,149.330000
20230415,20230329,94106L109,250000,154.820000
20230415,20230330,94106L109,158300,157.040000
20230415,20230328,94106L109,249922,153.580000
20230415,20230320,94106L109,174,153.150000
20230415,20230315,94106L109,79862,154.360000
20230430,20230414,94106L109,72407,166.850000
20230430,20230413,94106L109,146526,165.500000
20230430,20230411,94106L109,137898,162.280000
20230430,20230404,94106L109,90952,163.870000
20230515,20230417,94106L109,99,165.300000
20230515,20230418,94106L109,7615,165.400000
20230515,20230420,94106L109,22,165.100000
20230515,20230425,94106L109,1318,165.670000
20230515,20230426,94106L109,1072,165.570000
20230531,20230510,94106L109,3773,169.460000
20230531,20230512,94106L109,103,170.190000
20230615,20230516,94106L109,100,168.580000
20230615,20230526,94106L109,640,161.880000
20230615,20230530,94106L109,2,161.280000
20230615,20230519,94106L109,175,165.000000
20230615,20230523,94106L109,700,164.300000
20230615,20230518,94106L109,1351,166.720000
20230630,20230607,94106L109,200,162.680000
20230630,20230613,94106L109,44,162.910000
20230715,20230620,94106L109,19,165.030000
20230715,20230616,94106L109,117,164.200000
20230715,20230621,94106L109,553,164.860000
20230715,20230626,94106L109,229,165.590000
20230715,20230627,94106L109,167,166.740000
20230731,20230713,94106L109,129,169.180000
20230731,20230703,94106L109,484,173.420000
20230731,20230706,94106L109,343,171.050000
20230815,20230725,94106L109,387,171.800000
20230815,20230728,94106L109,85,163.970000
20230815,20230718,94106L109,237,167.760000
20230815,20230731,94106L109,17,162.940000
20230831,20230807,94106L109,1245,160.430000
20230831,20230803,94106L109,287,163.420000
20230831,20230809,94106L109,167,159.800000
20230831,20230804,94106L109,2236,160.940000
20230831,20230810,94106L109,572,161.500000
20230831,20230814,94106L109,2126,160.940000
20230831,20230811,94106L109,784,159.830000
20230915,20230822,94106L109,263,158.870000
20230915,20230825,94106L109,66,157.280000
20230915,20230817,94106L109,613,160.020000
20230915,20230818,94106L109,286,158.490000
20230915,20230815,94106L109,10,160.730000
20230915,20230823,94106L109,591,158.130000
20230915,20230816,94106L109,1,158.970000
20230930,20230907,94106L109,83,155.970000
20230930,20230901,94106L109,1234,156.780000
20230930,20230905,94106L109,4210,157.010000
20230930,20230913,94106L109,60,158.580000
20231015,20230922,94106L109,97,157.490000
20231015,20230920,94106L109,33,159.670000
20231015,20230927,94106L109,253,155.680000
20231015,20230919,94106L109,1700,159.830000
20231031,20231002,94106L109,16,152.440000
20231031,20231004,94106L109,2,152.560000
20231031,20231012,94106L109,28,156.680000
20231031,20231013,94106L109,31,155.050000
20231115,20231016,94106L109,2,158.810000
20231115,20231031,94106L109,31,162.750000
20231115,20231017,94106L109,225,159.840000
20231130,20231109,94106L109,33,170.270000
20231130,20231106,94106L109,75,168.120000
20231130,20231108,94106L109,77,169.360000
20231130,20231107,94106L109,91,169.220000
20231215,20231122,94106L109,1,171.690000
20231215,20231117,94106L109,65,171.440000
20231215,20231130,94106L109,3848,169.740000
20231215,20231129,94106L109,281,169.680000
20231215,20231120,94106L109,63,170.550000
20231231,20231214,94106L109,734,179.060000
20240115,20231215,94106L109,5836,176.670000
20240115,20231219,94106L109,420,177.630000
20240131,20240103,94106L109,15,179.610000
20240131,20240105,94106L109,4012,178.790000
20240131,20240112,94106L109,97,179.220000
20240131,20240102,94106L109,28,179.100000
20240215,20240124,94106L109,13,185.540000
20240215,20240126,94106L109,137,185.100000
20240215,20240117,94106L109,79,180.770000
20240215,20240129,94106L109,54,185.810000
20240215,20240119,94106L109,4010,183.510000
20240215,20240116,94106L109,84,181.400000
20240215,20240131,94106L109,10,187.110000
20240229,20240209,94106L109,200,189.490000
20240229,20240213,94106L109,2,188.260000
20240229,20240212,94106L109,2253,188.860000
20240315,20240221,94106L109,1971,201.790000
20240315,20240223,94106L109,1326,207.240000
20240315,20240229,94106L109,125,207.260000
20240315,20240222,94106L109,815,204.230000
20240315,20240215,94106L109,700,199.160000
20240315,20240216,94106L109,700,199.110000
20240331,20240307,94106L109,10,207.920000
20240331,20240313,94106L109,219,209.790000
20240331,20240306,94106L109,79,206.870000
20240331,20240305,94106L109,2692,206.800000
20240415,20240315,94106L109,278,210.310000
20240415,20240327,94106L109,2,211.770000
20240415,20240328,94106L109,2,213.970000
20240415,20240326,94106L109,1763,211.770000
20240430,20240401,94106L109,21779,213.150000
20240430,20240412,94106L109,20,205.940000
20240430,20240402,94106L109,141,212.910000
20240430,20240410,94106L109,33,206.480000
20240515,20240425,94106L109,100,210.430000
20240515,20240426,94106L109,6198,212.700000
20240515,20240430,94106L109,7313,212.150000
20240515,20240424,94106L109,49724,208.780000
20240531,20240510,94106L109,3,210.500000
20240531,20240513,94106L109,3,211.490000
20240531,20240509,94106L109,69,210.000000
20240531,20240507,94106L109,35,210.560000
20240531,20240508,94106L109,283,210.500000
20240531,20240501,94106L109,5683,208.020000
20240615,20240522,94106L109,757,208.330000
20240615,20240531,94106L109,485,206.250000
20240715,20240627,94106L109,1130,212.670000
20240715,20240628,94106L109,50,212.670000
20240715,20240624,94106L109,79,208.990000
20240731,20240701,94106L109,535,213.340000
20240731,20240703,94106L109,91,209.470000
20240815,20240718,94106L109,177,223.320000
20240815,20240723,94106L109,48381,223.450000
20240815,20240716,94106L109,1100,216.000000
20240831,20240806,94106L109,397,201.540000
20240831,20240812,94106L109,1013,205.260000
20240915,20240830,94106L109,1,209.880000
20240915,20240821,94106L109,46,208.100000
20240915,20240828,94106L109,900,209.200000
20240930,20240905,94106L109,504,209.320000
20241015,20240930,94106L109,730,205.510000
20241015,20240923,94106L109,9685,204.100000
20241115,20241015,94106L109,38738,213.500000
20241130,20241108,94106L109,463,220.440000
20241215,20241129,94106L109,75,228.460000
20241231,20241205,94106L109,379,225.290000
20250115,20241230,94106L109,2515,204.020000
20250131,20250103,94106L109,1701,200.540000
20250131,20250107,94106L109,29,201.760000
20250215,20250129,94106L109,6175,213.650000
20250215,20250128,94106L109,89,213.630000
20250228,20250210,94106L109,32,224.910000
20250315,20250218,94106L109,51,227.730000
20250331,20250311,94106L109,40,227.770000
20250331,20250310,94106L109,22323,229.550000
20250331,20250312,94106L109,20205,224.210000
20250415,20250318,94106L109,1142,228.190000
20250415,20250324,94106L109,14,224.910000
20250430,20250409,94106L109,42,216.470000
20250430,20250411,94106L109,57,226.450000
20250515,20250422,94106L109,66,227.570000
20250515,20250428,94106L109,55,228.310000
20250515,20250421,94106L109,4264,230.910000
20250515,20250429,94106L109,5,229.080000
20250515,20250425,94106L109,17259,227.470000
20250531,20250512,94106L109,17,232.750000
20250531,20250501,94106L109,72,233.360000
20250615,20250516,94106L109,2926,228.020000
20250615,20250528,94106L109,5602,238.030000
20250615,20250529,94106L109,2103,237.150000
20250615,20250523,94106L109,2015,233.320000
20250615,20250515,94106L109,2,222.470000
20250615,20250519,94106L109,1339,229.870000
20250615,20250522,94106L109,19400,234.110000
20250630,20250606,94106L109,215,238.640000
20250715,20250626,94106L109,70,228.580000
20250715,20250630,94106L109,438,228.260000
20250715,20250624,94106L109,8,234.710000
20250731,20250708,94106L109,35,226.920000
20250731,20250711,94106L109,48,225.650000
20250815,20250728,94106L109,668,229.670000
20250815,20250725,94106L109,2376,230.610000
20250815,20250717,94106L109,48,225.860000
20250831,20250814,94106L109,1,229.900000
20250915,20250819,94106L109,11,224.200000
20250930,20250912,94106L109,28753,220.500000
20250930,20250904,94106L109,164,224.410000
20250930,20250908,94106L109,24623,220.060000
20251015,20250929,94106L109,948,218.690000
20251015,20250924,94106L109,16415,218.230000
20251015,20250922,94106L109,37,216.400000
20251015,20250915,94106L109,5,218.160000
20251015,20250916,94106L109,5,216.130000
20251031,20251003,94106L109,2685,216.910000
20251031,20251001,94106L109,48874,220.830000
20251115,20251030,94106L109,2130,197.530000
20251115,20251031,94106L109,2012,200.570000
